date,year,month,month_name,quarter,entity,product,direction,programme,APP,ACH,ACC,APD,RE,FI,CO
2022-01-01,2022,1,Jan,1,AIESEC in Ahmedabad,GTa,incoming,iGTa,3,1,1,1,1,1,1
2022-01-01,2022,1,Jan,1,AIESEC in Ahmedabad,GTe,incoming,iGTe,0,0,0,0,0,0,0
2022-01-01,2022,1,Jan,1,AIESEC in Ahmedabad,GV,incoming,iGV,5,3,0,0,0,0,0
2022-01-01,2022,1,Jan,1,AIESEC in Ahmedabad,GTa,outgoing,oGTa,5,1,1,1,1,1,1
2022-01-01,2022,1,Jan,1,AIESEC in Ahmedabad,GTe,outgoing,oGTe,2,0,0,0,0,0,0
2022-01-01,2022,1,Jan,1,AIESEC in Ahmedabad,GV,outgoing,oGV,18,7,4,4,4,4,3
2022-01-01,2022,1,Jan,1,AIESEC in Bangalore,GTa,incoming,iGTa,4,1,1,1,1,1,1
2022-01-01,2022,1,Jan,1,AIESEC in Bangalore,GTe,incoming,iGTe,1,0,0,0,0,0,0
2022-01-01,2022,1,Jan,1,AIESEC in Bangalore,GV,incoming,iGV,5,1,0,0,0,0,0
2022-01-01,2022,1,Jan,1,AIESEC in Bangalore,GTa,outgoing,oGTa,8,7,5,5,3,3,3
2022-01-01,2022,1,Jan,1,AIESEC in Bangalore,GTe,outgoing,oGTe,2,0,0,0,0,0,0
2022-01-01,2022,1,Jan,1,AIESEC in Bangalore,GV,outgoing,oGV,18,11,8,8,6,3,2
2022-01-01,2022,1,Jan,1,AIESEC in Bhubaneswar,GTa,incoming,iGTa,3,1,1,1,1,1,1
2022-01-01,2022,1,Jan,1,AIESEC in Bhubaneswar,GTe,incoming,iGTe,0,0,0,0,0,0,0
2022-01-01,2022,1,Jan,1,AIESEC in Bhubaneswar,GV,incoming,iGV,1,0,0,0,0,0,0
2022-01-01,2022,1,Jan,1,AIESEC in Bhubaneswar,GTa,outgoing,oGTa,3,3,1,1,1,1,1
2022-01-01,2022,1,Jan,1,AIESEC in Bhubaneswar,GTe,outgoing,oGTe,3,1,0,0,0,0,0
2022-01-01,2022,1,Jan,1,AIESEC in Bhubaneswar,GV,outgoing,oGV,10,7,7,6,5,5,4
2022-01-01,2022,1,Jan,1,AIESEC in Chandigarh,GTa,incoming,iGTa,2,2,2,2,2,1,1
2022-01-01,2022,1,Jan,1,AIESEC in Chandigarh,GTe,incoming,iGTe,2,0,0,0,0,0,0
2022-01-01,2022,1,Jan,1,AIESEC in Chandigarh,GV,incoming,iGV,9,3,1,0,0,0,0
2022-01-01,2022,1,Jan,1,AIESEC in Chandigarh,GTa,outgoing,oGTa,2,1,1,1,0,0,0
2022-01-01,2022,1,Jan,1,AIESEC in Chandigarh,GTe,outgoing,oGTe,1,1,1,1,0,0,0
2022-01-01,2022,1,Jan,1,AIESEC in Chandigarh,GV,outgoing,oGV,14,6,2,1,1,1,0
2022-01-01,2022,1,Jan,1,AIESEC in Chennai,GTa,incoming,iGTa,1,0,0,0,0,0,0
2022-01-01,2022,1,Jan,1,AIESEC in Chennai,GTe,incoming,iGTe,0,0,0,0,0,0,0
2022-01-01,2022,1,Jan,1,AIESEC in Chennai,GV,incoming,iGV,12,7,5,5,2,2,2
2022-01-01,2022,1,Jan,1,AIESEC in Chennai,GTa,outgoing,oGTa,8,7,6,5,5,5,5
2022-01-01,2022,1,Jan,1,AIESEC in Chennai,GTe,outgoing,oGTe,1,1,1,0,0,0,0
2022-01-01,2022,1,Jan,1,AIESEC in Chennai,GV,outgoing,oGV,39,13,11,8,7,7,6
2022-01-01,2022,1,Jan,1,AIESEC in Coimbatore,GTa,incoming,iGTa,1,0,0,0,0,0,0
2022-01-01,2022,1,Jan,1,AIESEC in Coimbatore,GTe,incoming,iGTe,2,0,0,0,0,0,0
2022-01-01,2022,1,Jan,1,AIESEC in Coimbatore,GV,incoming,iGV,5,1,0,0,0,0,0
2022-01-01,2022,1,Jan,1,AIESEC in Coimbatore,GTa,outgoing,oGTa,5,3,3,2,1,1,1
2022-01-01,2022,1,Jan,1,AIESEC in Coimbatore,GTe,outgoing,oGTe,1,1,1,1,0,0,0
2022-01-01,2022,1,Jan,1,AIESEC in Coimbatore,GV,outgoing,oGV,9,3,1,0,0,0,0
2022-01-01,2022,1,Jan,1,AIESEC in Delhi IIT,GTa,incoming,iGTa,5,3,3,3,2,2,2
2022-01-01,2022,1,Jan,1,AIESEC in Delhi IIT,GTe,incoming,iGTe,5,2,2,2,2,2,2
2022-01-01,2022,1,Jan,1,AIESEC in Delhi IIT,GV,incoming,iGV,36,19,13,10,7,7,7
2022-01-01,2022,1,Jan,1,AIESEC in Delhi IIT,GTa,outgoing,oGTa,16,7,2,2,2,2,2
2022-01-01,2022,1,Jan,1,AIESEC in Delhi IIT,GTe,outgoing,oGTe,12,5,4,4,2,2,1
2022-01-01,2022,1,Jan,1,AIESEC in Delhi IIT,GV,outgoing,oGV,65,30,23,19,18,16,14
2022-01-01,2022,1,Jan,1,AIESEC in Delhi University,GTa,incoming,iGTa,3,2,1,1,0,0,0
2022-01-01,2022,1,Jan,1,AIESEC in Delhi University,GTe,incoming,iGTe,2,0,0,0,0,0,0
2022-01-01,2022,1,Jan,1,AIESEC in Delhi University,GV,incoming,iGV,18,8,4,3,2,2,2
2022-01-01,2022,1,Jan,1,AIESEC in Delhi University,GTa,outgoing,oGTa,11,4,4,3,3,3,2
2022-01-01,2022,1,Jan,1,AIESEC in Delhi University,GTe,outgoing,oGTe,5,3,1,1,1,1,1
2022-01-01,2022,1,Jan,1,AIESEC in Delhi University,GV,outgoing,oGV,38,15,8,5,4,3,3
2022-01-01,2022,1,Jan,1,AIESEC in Hyderabad,GTa,incoming,iGTa,2,1,0,0,0,0,0
2022-01-01,2022,1,Jan,1,AIESEC in Hyderabad,GTe,incoming,iGTe,0,0,0,0,0,0,0
2022-01-01,2022,1,Jan,1,AIESEC in Hyderabad,GV,incoming,iGV,7,0,0,0,0,0,0
2022-01-01,2022,1,Jan,1,AIESEC in Hyderabad,GTa,outgoing,oGTa,10,3,3,3,3,3,3
2022-01-01,2022,1,Jan,1,AIESEC in Hyderabad,GTe,outgoing,oGTe,1,1,1,1,1,1,1
2022-01-01,2022,1,Jan,1,AIESEC in Hyderabad,GV,outgoing,oGV,25,10,6,6,6,5,4
2022-01-01,2022,1,Jan,1,AIESEC in Indore,GTa,incoming,iGTa,2,0,0,0,0,0,0
2022-01-01,2022,1,Jan,1,AIESEC in Indore,GTe,incoming,iGTe,0,0,0,0,0,0,0
2022-01-01,2022,1,Jan,1,AIESEC in Indore,GV,incoming,iGV,4,0,0,0,0,0,0
2022-01-01,2022,1,Jan,1,AIESEC in Indore,GTa,outgoing,oGTa,9,3,2,2,1,1,1
2022-01-01,2022,1,Jan,1,AIESEC in Indore,GTe,outgoing,oGTe,0,0,0,0,0,0,0
2022-01-01,2022,1,Jan,1,AIESEC in Indore,GV,outgoing,oGV,8,3,2,0,0,0,0
2022-01-01,2022,1,Jan,1,AIESEC in Jaipur,GTa,incoming,iGTa,2,1,1,1,1,1,1
2022-01-01,2022,1,Jan,1,AIESEC in Jaipur,GTe,incoming,iGTe,1,0,0,0,0,0,0
2022-01-01,2022,1,Jan,1,AIESEC in Jaipur,GV,incoming,iGV,9,3,2,2,1,1,1
2022-01-01,2022,1,Jan,1,AIESEC in Jaipur,GTa,outgoing,oGTa,5,3,3,1,1,1,1
2022-01-01,2022,1,Jan,1,AIESEC in Jaipur,GTe,outgoing,oGTe,1,0,0,0,0,0,0
2022-01-01,2022,1,Jan,1,AIESEC in Jaipur,GV,outgoing,oGV,12,7,3,1,1,1,1
2022-01-01,2022,1,Jan,1,AIESEC in Kochi,GTa,incoming,iGTa,1,0,0,0,0,0,0
2022-01-01,2022,1,Jan,1,AIESEC in Kochi,GTe,incoming,iGTe,0,0,0,0,0,0,0
2022-01-01,2022,1,Jan,1,AIESEC in Kochi,GV,incoming,iGV,5,1,0,0,0,0,0
2022-01-01,2022,1,Jan,1,AIESEC in Kochi,GTa,outgoing,oGTa,5,5,4,4,3,2,2
2022-01-01,2022,1,Jan,1,AIESEC in Kochi,GTe,outgoing,oGTe,1,0,0,0,0,0,0
2022-01-01,2022,1,Jan,1,AIESEC in Kochi,GV,outgoing,oGV,15,6,4,3,1,0,0
2022-01-01,2022,1,Jan,1,AIESEC in Kolkata,GTa,incoming,iGTa,3,1,1,1,0,0,0
2022-01-01,2022,1,Jan,1,AIESEC in Kolkata,GTe,incoming,iGTe,2,2,1,0,0,0,0
2022-01-01,2022,1,Jan,1,AIESEC in Kolkata,GV,incoming,iGV,9,4,3,1,1,1,0
2022-01-01,2022,1,Jan,1,AIESEC in Kolkata,GTa,outgoing,oGTa,5,2,1,0,0,0,0
2022-01-01,2022,1,Jan,1,AIESEC in Kolkata,GTe,outgoing,oGTe,0,0,0,0,0,0,0
2022-01-01,2022,1,Jan,1,AIESEC in Kolkata,GV,outgoing,oGV,19,8,6,5,4,3,2
2022-01-01,2022,1,Jan,1,AIESEC in Lucknow,GTa,incoming,iGTa,0,0,0,0,0,0,0
2022-01-01,2022,1,Jan,1,AIESEC in Lucknow,GTe,incoming,iGTe,1,0,0,0,0,0,0
2022-01-01,2022,1,Jan,1,AIESEC in Lucknow,GV,incoming,iGV,7,5,2,2,0,0,0
2022-01-01,2022,1,Jan,1,AIESEC in Lucknow,GTa,outgoing,oGTa,9,5,3,2,2,2,2
2022-01-01,2022,1,Jan,1,AIESEC in Lucknow,GTe,outgoing,oGTe,3,1,1,1,1,1,1
2022-01-01,2022,1,Jan,1,AIESEC in Lucknow,GV,outgoing,oGV,14,4,2,2,1,1,1
2022-01-01,2022,1,Jan,1,AIESEC in Manipal,GTa,incoming,iGTa,0,0,0,0,0,0,0
2022-01-01,2022,1,Jan,1,AIESEC in Manipal,GTe,incoming,iGTe,0,0,0,0,0,0,0
2022-01-01,2022,1,Jan,1,AIESEC in Manipal,GV,incoming,iGV,3,1,0,0,0,0,0
2022-01-01,2022,1,Jan,1,AIESEC in Manipal,GTa,outgoing,oGTa,3,1,1,1,1,1,1
2022-01-01,2022,1,Jan,1,AIESEC in Manipal,GTe,outgoing,oGTe,2,0,0,0,0,0,0
2022-01-01,2022,1,Jan,1,AIESEC in Manipal,GV,outgoing,oGV,12,6,4,3,2,1,0
2022-01-01,2022,1,Jan,1,AIESEC in Mumbai,GTa,incoming,iGTa,9,2,2,2,2,2,2
2022-01-01,2022,1,Jan,1,AIESEC in Mumbai,GTe,incoming,iGTe,2,0,0,0,0,0,0
2022-01-01,2022,1,Jan,1,AIESEC in Mumbai,GV,incoming,iGV,8,3,2,1,1,1,1
2022-01-01,2022,1,Jan,1,AIESEC in Mumbai,GTa,outgoing,oGTa,7,3,3,3,2,2,2
2022-01-01,2022,1,Jan,1,AIESEC in Mumbai,GTe,outgoing,oGTe,2,2,1,1,1,1,1
2022-01-01,2022,1,Jan,1,AIESEC in Mumbai,GV,outgoing,oGV,45,14,8,6,5,5,4
2022-01-01,2022,1,Jan,1,AIESEC in Nagpur,GTa,incoming,iGTa,6,2,2,1,0,0,0
2022-01-01,2022,1,Jan,1,AIESEC in Nagpur,GTe,incoming,iGTe,0,0,0,0,0,0,0
2022-01-01,2022,1,Jan,1,AIESEC in Nagpur,GV,incoming,iGV,2,1,0,0,0,0,0
2022-01-01,2022,1,Jan,1,AIESEC in Nagpur,GTa,outgoing,oGTa,0,0,0,0,0,0,0
2022-01-01,2022,1,Jan,1,AIESEC in Nagpur,GTe,outgoing,oGTe,3,2,2,2,1,1,1
2022-01-01,2022,1,Jan,1,AIESEC in Nagpur,GV,outgoing,oGV,15,5,3,2,2,2,2
2022-01-01,2022,1,Jan,1,AIESEC in Pune,GTa,incoming,iGTa,4,3,3,2,1,1,1
2022-01-01,2022,1,Jan,1,AIESEC in Pune,GTe,incoming,iGTe,1,0,0,0,0,0,0
2022-01-01,2022,1,Jan,1,AIESEC in Pune,GV,incoming,iGV,13,5,4,4,4,4,4
2022-01-01,2022,1,Jan,1,AIESEC in Pune,GTa,outgoing,oGTa,16,8,5,5,3,3,3
2022-01-01,2022,1,Jan,1,AIESEC in Pune,GTe,outgoing,oGTe,5,4,4,2,1,1,0
2022-01-01,2022,1,Jan,1,AIESEC in Pune,GV,outgoing,oGV,30,13,9,4,3,3,3
2022-01-01,2022,1,Jan,1,AIESEC in Surat,GTa,incoming,iGTa,1,1,1,0,0,0,0
2022-01-01,2022,1,Jan,1,AIESEC in Surat,GTe,incoming,iGTe,1,0,0,0,0,0,0
2022-01-01,2022,1,Jan,1,AIESEC in Surat,GV,incoming,iGV,4,2,2,2,1,0,0
2022-01-01,2022,1,Jan,1,AIESEC in Surat,GTa,outgoing,oGTa,5,2,2,2,1,1,1
2022-01-01,2022,1,Jan,1,AIESEC in Surat,GTe,outgoing,oGTe,2,2,2,2,2,1,1
2022-01-01,2022,1,Jan,1,AIESEC in Surat,GV,outgoing,oGV,4,0,0,0,0,0,0
2022-01-01,2022,1,Jan,1,AIESEC in Vellore,GTa,incoming,iGTa,1,0,0,0,0,0,0
2022-01-01,2022,1,Jan,1,AIESEC in Vellore,GTe,incoming,iGTe,0,0,0,0,0,0,0
2022-01-01,2022,1,Jan,1,AIESEC in Vellore,GV,incoming,iGV,1,0,0,0,0,0,0
2022-01-01,2022,1,Jan,1,AIESEC in Vellore,GTa,outgoing,oGTa,4,1,0,0,0,0,0
2022-01-01,2022,1,Jan,1,AIESEC in Vellore,GTe,outgoing,oGTe,3,2,2,0,0,0,0
2022-01-01,2022,1,Jan,1,AIESEC in Vellore,GV,outgoing,oGV,9,5,4,4,3,3,3
2022-02-01,2022,2,Feb,1,AIESEC in Ahmedabad,GTa,incoming,iGTa,2,1,0,0,0,0,0
2022-02-01,2022,2,Feb,1,AIESEC in Ahmedabad,GTe,incoming,iGTe,0,0,0,0,0,0,0
2022-02-01,2022,2,Feb,1,AIESEC in Ahmedabad,GV,incoming,iGV,4,0,0,0,0,0,0
2022-02-01,2022,2,Feb,1,AIESEC in Ahmedabad,GTa,outgoing,oGTa,2,2,2,2,2,2,2
2022-02-01,2022,2,Feb,1,AIESEC in Ahmedabad,GTe,outgoing,oGTe,1,0,0,0,0,0,0
2022-02-01,2022,2,Feb,1,AIESEC in Ahmedabad,GV,outgoing,oGV,16,7,6,5,2,2,2
2022-02-01,2022,2,Feb,1,AIESEC in Bangalore,GTa,incoming,iGTa,0,0,0,0,0,0,0
2022-02-01,2022,2,Feb,1,AIESEC in Bangalore,GTe,incoming,iGTe,0,0,0,0,0,0,0
2022-02-01,2022,2,Feb,1,AIESEC in Bangalore,GV,incoming,iGV,3,1,1,0,0,0,0
2022-02-01,2022,2,Feb,1,AIESEC in Bangalore,GTa,outgoing,oGTa,4,2,1,0,0,0,0
2022-02-01,2022,2,Feb,1,AIESEC in Bangalore,GTe,outgoing,oGTe,3,3,2,2,1,1,1
2022-02-01,2022,2,Feb,1,AIESEC in Bangalore,GV,outgoing,oGV,23,10,8,6,5,5,5
2022-02-01,2022,2,Feb,1,AIESEC in Bhubaneswar,GTa,incoming,iGTa,1,0,0,0,0,0,0
2022-02-01,2022,2,Feb,1,AIESEC in Bhubaneswar,GTe,incoming,iGTe,0,0,0,0,0,0,0
2022-02-01,2022,2,Feb,1,AIESEC in Bhubaneswar,GV,incoming,iGV,4,1,1,1,1,1,1
2022-02-01,2022,2,Feb,1,AIESEC in Bhubaneswar,GTa,outgoing,oGTa,5,0,0,0,0,0,0
2022-02-01,2022,2,Feb,1,AIESEC in Bhubaneswar,GTe,outgoing,oGTe,0,0,0,0,0,0,0
2022-02-01,2022,2,Feb,1,AIESEC in Bhubaneswar,GV,outgoing,oGV,9,7,6,5,4,4,4
2022-02-01,2022,2,Feb,1,AIESEC in Chandigarh,GTa,incoming,iGTa,1,1,1,1,0,0,0
2022-02-01,2022,2,Feb,1,AIESEC in Chandigarh,GTe,incoming,iGTe,0,0,0,0,0,0,0
2022-02-01,2022,2,Feb,1,AIESEC in Chandigarh,GV,incoming,iGV,5,0,0,0,0,0,0
2022-02-01,2022,2,Feb,1,AIESEC in Chandigarh,GTa,outgoing,oGTa,5,3,2,1,1,1,1
2022-02-01,2022,2,Feb,1,AIESEC in Chandigarh,GTe,outgoing,oGTe,3,0,0,0,0,0,0
2022-02-01,2022,2,Feb,1,AIESEC in Chandigarh,GV,outgoing,oGV,11,4,4,4,4,4,4
2022-02-01,2022,2,Feb,1,AIESEC in Chennai,GTa,incoming,iGTa,1,1,1,1,1,1,1
2022-02-01,2022,2,Feb,1,AIESEC in Chennai,GTe,incoming,iGTe,1,0,0,0,0,0,0
2022-02-01,2022,2,Feb,1,AIESEC in Chennai,GV,incoming,iGV,8,3,3,1,0,0,0
2022-02-01,2022,2,Feb,1,AIESEC in Chennai,GTa,outgoing,oGTa,8,2,2,2,2,2,2
2022-02-01,2022,2,Feb,1,AIESEC in Chennai,GTe,outgoing,oGTe,1,0,0,0,0,0,0
2022-02-01,2022,2,Feb,1,AIESEC in Chennai,GV,outgoing,oGV,30,18,11,10,6,5,4
2022-02-01,2022,2,Feb,1,AIESEC in Coimbatore,GTa,incoming,iGTa,2,1,1,1,1,1,1
2022-02-01,2022,2,Feb,1,AIESEC in Coimbatore,GTe,incoming,iGTe,1,1,1,1,1,1,0
2022-02-01,2022,2,Feb,1,AIESEC in Coimbatore,GV,incoming,iGV,2,0,0,0,0,0,0
2022-02-01,2022,2,Feb,1,AIESEC in Coimbatore,GTa,outgoing,oGTa,2,1,1,1,1,1,1
2022-02-01,2022,2,Feb,1,AIESEC in Coimbatore,GTe,outgoing,oGTe,2,2,1,1,1,1,1
2022-02-01,2022,2,Feb,1,AIESEC in Coimbatore,GV,outgoing,oGV,10,3,3,2,1,1,1
2022-02-01,2022,2,Feb,1,AIESEC in Delhi IIT,GTa,incoming,iGTa,7,7,6,5,4,4,4
2022-02-01,2022,2,Feb,1,AIESEC in Delhi IIT,GTe,incoming,iGTe,3,0,0,0,0,0,0
2022-02-01,2022,2,Feb,1,AIESEC in Delhi IIT,GV,incoming,iGV,17,4,2,1,0,0,0
2022-02-01,2022,2,Feb,1,AIESEC in Delhi IIT,GTa,outgoing,oGTa,17,6,5,5,3,3,3
2022-02-01,2022,2,Feb,1,AIESEC in Delhi IIT,GTe,outgoing,oGTe,11,4,3,3,3,3,3
2022-02-01,2022,2,Feb,1,AIESEC in Delhi IIT,GV,outgoing,oGV,68,32,21,18,15,12,11
2022-02-01,2022,2,Feb,1,AIESEC in Delhi University,GTa,incoming,iGTa,6,1,1,0,0,0,0
2022-02-01,2022,2,Feb,1,AIESEC in Delhi University,GTe,incoming,iGTe,1,1,0,0,0,0,0
2022-02-01,2022,2,Feb,1,AIESEC in Delhi University,GV,incoming,iGV,17,7,5,4,2,2,2
2022-02-01,2022,2,Feb,1,AIESEC in Delhi University,GTa,outgoing,oGTa,8,4,4,3,2,2,2
2022-02-01,2022,2,Feb,1,AIESEC in Delhi University,GTe,outgoing,oGTe,3,1,1,0,0,0,0
2022-02-01,2022,2,Feb,1,AIESEC in Delhi University,GV,outgoing,oGV,37,15,8,7,4,4,3
2022-02-01,2022,2,Feb,1,AIESEC in Hyderabad,GTa,incoming,iGTa,1,1,1,1,0,0,0
2022-02-01,2022,2,Feb,1,AIESEC in Hyderabad,GTe,incoming,iGTe,3,1,0,0,0,0,0
2022-02-01,2022,2,Feb,1,AIESEC in Hyderabad,GV,incoming,iGV,4,1,1,1,1,0,0
2022-02-01,2022,2,Feb,1,AIESEC in Hyderabad,GTa,outgoing,oGTa,13,4,3,2,1,1,1
2022-02-01,2022,2,Feb,1,AIESEC in Hyderabad,GTe,outgoing,oGTe,1,0,0,0,0,0,0
2022-02-01,2022,2,Feb,1,AIESEC in Hyderabad,GV,outgoing,oGV,15,7,1,1,1,1,1
2022-02-01,2022,2,Feb,1,AIESEC in Indore,GTa,incoming,iGTa,1,1,0,0,0,0,0
2022-02-01,2022,2,Feb,1,AIESEC in Indore,GTe,incoming,iGTe,1,0,0,0,0,0,0
2022-02-01,2022,2,Feb,1,AIESEC in Indore,GV,incoming,iGV,3,1,0,0,0,0,0
2022-02-01,2022,2,Feb,1,AIESEC in Indore,GTa,outgoing,oGTa,2,0,0,0,0,0,0
2022-02-01,2022,2,Feb,1,AIESEC in Indore,GTe,outgoing,oGTe,1,0,0,0,0,0,0
2022-02-01,2022,2,Feb,1,AIESEC in Indore,GV,outgoing,oGV,10,4,2,2,0,0,0
2022-02-01,2022,2,Feb,1,AIESEC in Jaipur,GTa,incoming,iGTa,2,1,1,1,1,1,1
2022-02-01,2022,2,Feb,1,AIESEC in Jaipur,GTe,incoming,iGTe,0,0,0,0,0,0,0
2022-02-01,2022,2,Feb,1,AIESEC in Jaipur,GV,incoming,iGV,5,2,0,0,0,0,0
2022-02-01,2022,2,Feb,1,AIESEC in Jaipur,GTa,outgoing,oGTa,3,2,1,1,1,1,1
2022-02-01,2022,2,Feb,1,AIESEC in Jaipur,GTe,outgoing,oGTe,3,2,2,2,2,2,2
2022-02-01,2022,2,Feb,1,AIESEC in Jaipur,GV,outgoing,oGV,12,3,3,3,2,2,2
2022-02-01,2022,2,Feb,1,AIESEC in Kochi,GTa,incoming,iGTa,1,0,0,0,0,0,0
2022-02-01,2022,2,Feb,1,AIESEC in Kochi,GTe,incoming,iGTe,0,0,0,0,0,0,0
2022-02-01,2022,2,Feb,1,AIESEC in Kochi,GV,incoming,iGV,3,2,0,0,0,0,0
2022-02-01,2022,2,Feb,1,AIESEC in Kochi,GTa,outgoing,oGTa,2,2,2,2,2,2,1
2022-02-01,2022,2,Feb,1,AIESEC in Kochi,GTe,outgoing,oGTe,0,0,0,0,0,0,0
2022-02-01,2022,2,Feb,1,AIESEC in Kochi,GV,outgoing,oGV,6,3,1,1,1,0,0
2022-02-01,2022,2,Feb,1,AIESEC in Kolkata,GTa,incoming,iGTa,2,0,0,0,0,0,0
2022-02-01,2022,2,Feb,1,AIESEC in Kolkata,GTe,incoming,iGTe,0,0,0,0,0,0,0
2022-02-01,2022,2,Feb,1,AIESEC in Kolkata,GV,incoming,iGV,7,1,0,0,0,0,0
2022-02-01,2022,2,Feb,1,AIESEC in Kolkata,GTa,outgoing,oGTa,5,5,3,3,2,2,2
2022-02-01,2022,2,Feb,1,AIESEC in Kolkata,GTe,outgoing,oGTe,1,1,1,0,0,0,0
2022-02-01,2022,2,Feb,1,AIESEC in Kolkata,GV,outgoing,oGV,13,5,3,3,3,3,3
2022-02-01,2022,2,Feb,1,AIESEC in Lucknow,GTa,incoming,iGTa,4,1,1,1,1,1,1
2022-02-01,2022,2,Feb,1,AIESEC in Lucknow,GTe,incoming,iGTe,0,0,0,0,0,0,0
2022-02-01,2022,2,Feb,1,AIESEC in Lucknow,GV,incoming,iGV,3,2,1,1,1,1,1
2022-02-01,2022,2,Feb,1,AIESEC in Lucknow,GTa,outgoing,oGTa,3,2,2,1,0,0,0
2022-02-01,2022,2,Feb,1,AIESEC in Lucknow,GTe,outgoing,oGTe,0,0,0,0,0,0,0
2022-02-01,2022,2,Feb,1,AIESEC in Lucknow,GV,outgoing,oGV,18,9,8,6,6,4,4
2022-02-01,2022,2,Feb,1,AIESEC in Manipal,GTa,incoming,iGTa,0,0,0,0,0,0,0
2022-02-01,2022,2,Feb,1,AIESEC in Manipal,GTe,incoming,iGTe,0,0,0,0,0,0,0
2022-02-01,2022,2,Feb,1,AIESEC in Manipal,GV,incoming,iGV,2,1,1,1,1,1,1
2022-02-01,2022,2,Feb,1,AIESEC in Manipal,GTa,outgoing,oGTa,3,0,0,0,0,0,0
2022-02-01,2022,2,Feb,1,AIESEC in Manipal,GTe,outgoing,oGTe,0,0,0,0,0,0,0
2022-02-01,2022,2,Feb,1,AIESEC in Manipal,GV,outgoing,oGV,7,3,1,1,1,1,0
2022-02-01,2022,2,Feb,1,AIESEC in Mumbai,GTa,incoming,iGTa,2,2,1,1,1,1,1
2022-02-01,2022,2,Feb,1,AIESEC in Mumbai,GTe,incoming,iGTe,2,1,1,1,1,1,1
2022-02-01,2022,2,Feb,1,AIESEC in Mumbai,GV,incoming,iGV,12,5,2,1,1,1,1
2022-02-01,2022,2,Feb,1,AIESEC in Mumbai,GTa,outgoing,oGTa,6,1,0,0,0,0,0
2022-02-01,2022,2,Feb,1,AIESEC in Mumbai,GTe,outgoing,oGTe,4,1,1,1,1,1,1
2022-02-01,2022,2,Feb,1,AIESEC in Mumbai,GV,outgoing,oGV,21,9,5,3,0,0,0
2022-02-01,2022,2,Feb,1,AIESEC in Nagpur,GTa,incoming,iGTa,2,1,0,0,0,0,0
2022-02-01,2022,2,Feb,1,AIESEC in Nagpur,GTe,incoming,iGTe,1,0,0,0,0,0,0
2022-02-01,2022,2,Feb,1,AIESEC in Nagpur,GV,incoming,iGV,4,2,2,1,0,0,0
2022-02-01,2022,2,Feb,1,AIESEC in Nagpur,GTa,outgoing,oGTa,3,2,2,2,2,2,2
2022-02-01,2022,2,Feb,1,AIESEC in Nagpur,GTe,outgoing,oGTe,0,0,0,0,0,0,0
2022-02-01,2022,2,Feb,1,AIESEC in Nagpur,GV,outgoing,oGV,11,7,3,3,3,3,3
2022-02-01,2022,2,Feb,1,AIESEC in Pune,GTa,incoming,iGTa,3,1,1,1,1,1,1
2022-02-01,2022,2,Feb,1,AIESEC in Pune,GTe,incoming,iGTe,2,0,0,0,0,0,0
2022-02-01,2022,2,Feb,1,AIESEC in Pune,GV,incoming,iGV,10,6,3,3,3,3,2
2022-02-01,2022,2,Feb,1,AIESEC in Pune,GTa,outgoing,oGTa,9,4,3,3,3,3,3
2022-02-01,2022,2,Feb,1,AIESEC in Pune,GTe,outgoing,oGTe,2,2,2,2,1,1,1
2022-02-01,2022,2,Feb,1,AIESEC in Pune,GV,outgoing,oGV,25,11,8,5,4,4,4
2022-02-01,2022,2,Feb,1,AIESEC in Surat,GTa,incoming,iGTa,1,0,0,0,0,0,0
2022-02-01,2022,2,Feb,1,AIESEC in Surat,GTe,incoming,iGTe,1,1,1,1,1,1,1
2022-02-01,2022,2,Feb,1,AIESEC in Surat,GV,incoming,iGV,1,0,0,0,0,0,0
2022-02-01,2022,2,Feb,1,AIESEC in Surat,GTa,outgoing,oGTa,2,0,0,0,0,0,0
2022-02-01,2022,2,Feb,1,AIESEC in Surat,GTe,outgoing,oGTe,3,1,1,1,1,1,1
2022-02-01,2022,2,Feb,1,AIESEC in Surat,GV,outgoing,oGV,9,2,0,0,0,0,0
2022-02-01,2022,2,Feb,1,AIESEC in Vellore,GTa,incoming,iGTa,1,0,0,0,0,0,0
2022-02-01,2022,2,Feb,1,AIESEC in Vellore,GTe,incoming,iGTe,0,0,0,0,0,0,0
2022-02-01,2022,2,Feb,1,AIESEC in Vellore,GV,incoming,iGV,2,0,0,0,0,0,0
2022-02-01,2022,2,Feb,1,AIESEC in Vellore,GTa,outgoing,oGTa,1,1,1,1,1,1,1
2022-02-01,2022,2,Feb,1,AIESEC in Vellore,GTe,outgoing,oGTe,1,0,0,0,0,0,0
2022-02-01,2022,2,Feb,1,AIESEC in Vellore,GV,outgoing,oGV,6,2,1,0,0,0,0
2022-03-01,2022,3,Mar,1,AIESEC in Ahmedabad,GTa,incoming,iGTa,3,3,2,1,1,1,1
2022-03-01,2022,3,Mar,1,AIESEC in Ahmedabad,GTe,incoming,iGTe,2,2,2,2,1,1,1
2022-03-01,2022,3,Mar,1,AIESEC in Ahmedabad,GV,incoming,iGV,1,1,0,0,0,0,0
2022-03-01,2022,3,Mar,1,AIESEC in Ahmedabad,GTa,outgoing,oGTa,2,1,0,0,0,0,0
2022-03-01,2022,3,Mar,1,AIESEC in Ahmedabad,GTe,outgoing,oGTe,0,0,0,0,0,0,0
2022-03-01,2022,3,Mar,1,AIESEC in Ahmedabad,GV,outgoing,oGV,13,4,3,1,0,0,0
2022-03-01,2022,3,Mar,1,AIESEC in Bangalore,GTa,incoming,iGTa,1,0,0,0,0,0,0
2022-03-01,2022,3,Mar,1,AIESEC in Bangalore,GTe,incoming,iGTe,0,0,0,0,0,0,0
2022-03-01,2022,3,Mar,1,AIESEC in Bangalore,GV,incoming,iGV,5,3,3,3,1,1,1
2022-03-01,2022,3,Mar,1,AIESEC in Bangalore,GTa,outgoing,oGTa,4,4,2,1,1,1,1
2022-03-01,2022,3,Mar,1,AIESEC in Bangalore,GTe,outgoing,oGTe,1,1,0,0,0,0,0
2022-03-01,2022,3,Mar,1,AIESEC in Bangalore,GV,outgoing,oGV,27,10,5,5,5,4,3
2022-03-01,2022,3,Mar,1,AIESEC in Bhubaneswar,GTa,incoming,iGTa,1,0,0,0,0,0,0
2022-03-01,2022,3,Mar,1,AIESEC in Bhubaneswar,GTe,incoming,iGTe,0,0,0,0,0,0,0
2022-03-01,2022,3,Mar,1,AIESEC in Bhubaneswar,GV,incoming,iGV,1,0,0,0,0,0,0
2022-03-01,2022,3,Mar,1,AIESEC in Bhubaneswar,GTa,outgoing,oGTa,1,1,1,1,1,1,1
2022-03-01,2022,3,Mar,1,AIESEC in Bhubaneswar,GTe,outgoing,oGTe,1,0,0,0,0,0,0
2022-03-01,2022,3,Mar,1,AIESEC in Bhubaneswar,GV,outgoing,oGV,11,4,2,2,1,1,1
2022-03-01,2022,3,Mar,1,AIESEC in Chandigarh,GTa,incoming,iGTa,2,1,1,0,0,0,0
2022-03-01,2022,3,Mar,1,AIESEC in Chandigarh,GTe,incoming,iGTe,2,0,0,0,0,0,0
2022-03-01,2022,3,Mar,1,AIESEC in Chandigarh,GV,incoming,iGV,2,1,0,0,0,0,0
2022-03-01,2022,3,Mar,1,AIESEC in Chandigarh,GTa,outgoing,oGTa,1,1,0,0,0,0,0
2022-03-01,2022,3,Mar,1,AIESEC in Chandigarh,GTe,outgoing,oGTe,0,0,0,0,0,0,0
2022-03-01,2022,3,Mar,1,AIESEC in Chandigarh,GV,outgoing,oGV,11,5,3,2,0,0,0
2022-03-01,2022,3,Mar,1,AIESEC in Chennai,GTa,incoming,iGTa,1,0,0,0,0,0,0
2022-03-01,2022,3,Mar,1,AIESEC in Chennai,GTe,incoming,iGTe,1,0,0,0,0,0,0
2022-03-01,2022,3,Mar,1,AIESEC in Chennai,GV,incoming,iGV,6,2,2,2,1,1,1
2022-03-01,2022,3,Mar,1,AIESEC in Chennai,GTa,outgoing,oGTa,7,4,4,3,3,3,3
2022-03-01,2022,3,Mar,1,AIESEC in Chennai,GTe,outgoing,oGTe,4,2,1,1,1,1,1
2022-03-01,2022,3,Mar,1,AIESEC in Chennai,GV,outgoing,oGV,12,3,2,1,1,1,1
2022-03-01,2022,3,Mar,1,AIESEC in Coimbatore,GTa,incoming,iGTa,0,0,0,0,0,0,0
2022-03-01,2022,3,Mar,1,AIESEC in Coimbatore,GTe,incoming,iGTe,1,0,0,0,0,0,0
2022-03-01,2022,3,Mar,1,AIESEC in Coimbatore,GV,incoming,iGV,2,1,0,0,0,0,0
2022-03-01,2022,3,Mar,1,AIESEC in Coimbatore,GTa,outgoing,oGTa,3,2,1,1,1,1,1
2022-03-01,2022,3,Mar,1,AIESEC in Coimbatore,GTe,outgoing,oGTe,0,0,0,0,0,0,0
2022-03-01,2022,3,Mar,1,AIESEC in Coimbatore,GV,outgoing,oGV,5,3,2,1,1,1,1
2022-03-01,2022,3,Mar,1,AIESEC in Delhi IIT,GTa,incoming,iGTa,14,3,2,2,1,1,1
2022-03-01,2022,3,Mar,1,AIESEC in Delhi IIT,GTe,incoming,iGTe,2,1,1,1,1,1,1
2022-03-01,2022,3,Mar,1,AIESEC in Delhi IIT,GV,incoming,iGV,27,12,7,5,3,2,2
2022-03-01,2022,3,Mar,1,AIESEC in Delhi IIT,GTa,outgoing,oGTa,23,12,8,7,7,7,6
2022-03-01,2022,3,Mar,1,AIESEC in Delhi IIT,GTe,outgoing,oGTe,8,4,3,2,2,1,1
2022-03-01,2022,3,Mar,1,AIESEC in Delhi IIT,GV,outgoing,oGV,81,31,21,16,14,14,13
2022-03-01,2022,3,Mar,1,AIESEC in Delhi University,GTa,incoming,iGTa,4,0,0,0,0,0,0
2022-03-01,2022,3,Mar,1,AIESEC in Delhi University,GTe,incoming,iGTe,0,0,0,0,0,0,0
2022-03-01,2022,3,Mar,1,AIESEC in Delhi University,GV,incoming,iGV,6,1,1,0,0,0,0
2022-03-01,2022,3,Mar,1,AIESEC in Delhi University,GTa,outgoing,oGTa,9,1,1,1,1,1,1
2022-03-01,2022,3,Mar,1,AIESEC in Delhi University,GTe,outgoing,oGTe,3,1,0,0,0,0,0
2022-03-01,2022,3,Mar,1,AIESEC in Delhi University,GV,outgoing,oGV,49,23,14,12,10,10,7
2022-03-01,2022,3,Mar,1,AIESEC in Hyderabad,GTa,incoming,iGTa,3,2,2,2,2,2,2
2022-03-01,2022,3,Mar,1,AIESEC in Hyderabad,GTe,incoming,iGTe,1,0,0,0,0,0,0
2022-03-01,2022,3,Mar,1,AIESEC in Hyderabad,GV,incoming,iGV,5,3,0,0,0,0,0
2022-03-01,2022,3,Mar,1,AIESEC in Hyderabad,GTa,outgoing,oGTa,4,0,0,0,0,0,0
2022-03-01,2022,3,Mar,1,AIESEC in Hyderabad,GTe,outgoing,oGTe,5,3,3,3,2,2,2
2022-03-01,2022,3,Mar,1,AIESEC in Hyderabad,GV,outgoing,oGV,26,15,11,7,4,3,2
2022-03-01,2022,3,Mar,1,AIESEC in Indore,GTa,incoming,iGTa,1,0,0,0,0,0,0
2022-03-01,2022,3,Mar,1,AIESEC in Indore,GTe,incoming,iGTe,0,0,0,0,0,0,0
2022-03-01,2022,3,Mar,1,AIESEC in Indore,GV,incoming,iGV,0,0,0,0,0,0,0
2022-03-01,2022,3,Mar,1,AIESEC in Indore,GTa,outgoing,oGTa,3,2,2,1,1,1,1
2022-03-01,2022,3,Mar,1,AIESEC in Indore,GTe,outgoing,oGTe,3,3,3,3,3,3,3
2022-03-01,2022,3,Mar,1,AIESEC in Indore,GV,outgoing,oGV,12,5,4,3,2,1,1
2022-03-01,2022,3,Mar,1,AIESEC in Jaipur,GTa,incoming,iGTa,2,2,1,1,0,0,0
2022-03-01,2022,3,Mar,1,AIESEC in Jaipur,GTe,incoming,iGTe,0,0,0,0,0,0,0
2022-03-01,2022,3,Mar,1,AIESEC in Jaipur,GV,incoming,iGV,4,1,1,1,1,1,1
2022-03-01,2022,3,Mar,1,AIESEC in Jaipur,GTa,outgoing,oGTa,3,1,1,1,1,1,1
2022-03-01,2022,3,Mar,1,AIESEC in Jaipur,GTe,outgoing,oGTe,1,0,0,0,0,0,0
2022-03-01,2022,3,Mar,1,AIESEC in Jaipur,GV,outgoing,oGV,15,6,5,4,3,3,2
2022-03-01,2022,3,Mar,1,AIESEC in Kochi,GTa,incoming,iGTa,1,0,0,0,0,0,0
2022-03-01,2022,3,Mar,1,AIESEC in Kochi,GTe,incoming,iGTe,0,0,0,0,0,0,0
2022-03-01,2022,3,Mar,1,AIESEC in Kochi,GV,incoming,iGV,2,0,0,0,0,0,0
2022-03-01,2022,3,Mar,1,AIESEC in Kochi,GTa,outgoing,oGTa,6,3,3,3,2,2,2
2022-03-01,2022,3,Mar,1,AIESEC in Kochi,GTe,outgoing,oGTe,1,1,1,0,0,0,0
2022-03-01,2022,3,Mar,1,AIESEC in Kochi,GV,outgoing,oGV,7,1,1,1,1,1,1
2022-03-01,2022,3,Mar,1,AIESEC in Kolkata,GTa,incoming,iGTa,0,0,0,0,0,0,0
2022-03-01,2022,3,Mar,1,AIESEC in Kolkata,GTe,incoming,iGTe,0,0,0,0,0,0,0
2022-03-01,2022,3,Mar,1,AIESEC in Kolkata,GV,incoming,iGV,6,2,0,0,0,0,0
2022-03-01,2022,3,Mar,1,AIESEC in Kolkata,GTa,outgoing,oGTa,5,2,1,1,1,1,1
2022-03-01,2022,3,Mar,1,AIESEC in Kolkata,GTe,outgoing,oGTe,0,0,0,0,0,0,0
2022-03-01,2022,3,Mar,1,AIESEC in Kolkata,GV,outgoing,oGV,13,4,1,1,0,0,0
2022-03-01,2022,3,Mar,1,AIESEC in Lucknow,GTa,incoming,iGTa,3,0,0,0,0,0,0
2022-03-01,2022,3,Mar,1,AIESEC in Lucknow,GTe,incoming,iGTe,0,0,0,0,0,0,0
2022-03-01,2022,3,Mar,1,AIESEC in Lucknow,GV,incoming,iGV,5,3,3,2,2,2,2
2022-03-01,2022,3,Mar,1,AIESEC in Lucknow,GTa,outgoing,oGTa,3,1,1,1,1,1,1
2022-03-01,2022,3,Mar,1,AIESEC in Lucknow,GTe,outgoing,oGTe,0,0,0,0,0,0,0
2022-03-01,2022,3,Mar,1,AIESEC in Lucknow,GV,outgoing,oGV,10,2,0,0,0,0,0
2022-03-01,2022,3,Mar,1,AIESEC in Manipal,GTa,incoming,iGTa,1,1,1,1,0,0,0
2022-03-01,2022,3,Mar,1,AIESEC in Manipal,GTe,incoming,iGTe,0,0,0,0,0,0,0
2022-03-01,2022,3,Mar,1,AIESEC in Manipal,GV,incoming,iGV,5,1,1,1,0,0,0
2022-03-01,2022,3,Mar,1,AIESEC in Manipal,GTa,outgoing,oGTa,2,0,0,0,0,0,0
2022-03-01,2022,3,Mar,1,AIESEC in Manipal,GTe,outgoing,oGTe,1,0,0,0,0,0,0
2022-03-01,2022,3,Mar,1,AIESEC in Manipal,GV,outgoing,oGV,13,8,4,2,2,0,0
2022-03-01,2022,3,Mar,1,AIESEC in Mumbai,GTa,incoming,iGTa,8,5,5,5,4,3,3
2022-03-01,2022,3,Mar,1,AIESEC in Mumbai,GTe,incoming,iGTe,0,0,0,0,0,0,0
2022-03-01,2022,3,Mar,1,AIESEC in Mumbai,GV,incoming,iGV,15,3,1,0,0,0,0
2022-03-01,2022,3,Mar,1,AIESEC in Mumbai,GTa,outgoing,oGTa,14,7,6,4,4,3,3
2022-03-01,2022,3,Mar,1,AIESEC in Mumbai,GTe,outgoing,oGTe,2,0,0,0,0,0,0
2022-03-01,2022,3,Mar,1,AIESEC in Mumbai,GV,outgoing,oGV,36,12,11,5,3,2,1
2022-03-01,2022,3,Mar,1,AIESEC in Nagpur,GTa,incoming,iGTa,5,1,1,0,0,0,0
2022-03-01,2022,3,Mar,1,AIESEC in Nagpur,GTe,incoming,iGTe,0,0,0,0,0,0,0
2022-03-01,2022,3,Mar,1,AIESEC in Nagpur,GV,incoming,iGV,6,4,3,2,1,1,1
2022-03-01,2022,3,Mar,1,AIESEC in Nagpur,GTa,outgoing,oGTa,2,2,2,2,0,0,0
2022-03-01,2022,3,Mar,1,AIESEC in Nagpur,GTe,outgoing,oGTe,0,0,0,0,0,0,0
2022-03-01,2022,3,Mar,1,AIESEC in Nagpur,GV,outgoing,oGV,11,5,5,5,5,5,4
2022-03-01,2022,3,Mar,1,AIESEC in Pune,GTa,incoming,iGTa,2,1,1,1,1,0,0
2022-03-01,2022,3,Mar,1,AIESEC in Pune,GTe,incoming,iGTe,1,1,1,1,1,1,1
2022-03-01,2022,3,Mar,1,AIESEC in Pune,GV,incoming,iGV,5,2,0,0,0,0,0
2022-03-01,2022,3,Mar,1,AIESEC in Pune,GTa,outgoing,oGTa,11,6,3,2,1,1,1
2022-03-01,2022,3,Mar,1,AIESEC in Pune,GTe,outgoing,oGTe,3,2,1,1,0,0,0
2022-03-01,2022,3,Mar,1,AIESEC in Pune,GV,outgoing,oGV,34,17,11,8,5,4,4
2022-03-01,2022,3,Mar,1,AIESEC in Surat,GTa,incoming,iGTa,2,1,0,0,0,0,0
2022-03-01,2022,3,Mar,1,AIESEC in Surat,GTe,incoming,iGTe,0,0,0,0,0,0,0
2022-03-01,2022,3,Mar,1,AIESEC in Surat,GV,incoming,iGV,6,3,2,2,2,2,2
2022-03-01,2022,3,Mar,1,AIESEC in Surat,GTa,outgoing,oGTa,5,2,2,2,2,2,2
2022-03-01,2022,3,Mar,1,AIESEC in Surat,GTe,outgoing,oGTe,0,0,0,0,0,0,0
2022-03-01,2022,3,Mar,1,AIESEC in Surat,GV,outgoing,oGV,7,3,3,2,2,2,2
2022-03-01,2022,3,Mar,1,AIESEC in Vellore,GTa,incoming,iGTa,1,0,0,0,0,0,0
2022-03-01,2022,3,Mar,1,AIESEC in Vellore,GTe,incoming,iGTe,0,0,0,0,0,0,0
2022-03-01,2022,3,Mar,1,AIESEC in Vellore,GV,incoming,iGV,3,2,0,0,0,0,0
2022-03-01,2022,3,Mar,1,AIESEC in Vellore,GTa,outgoing,oGTa,2,1,1,1,1,1,1
2022-03-01,2022,3,Mar,1,AIESEC in Vellore,GTe,outgoing,oGTe,0,0,0,0,0,0,0
2022-03-01,2022,3,Mar,1,AIESEC in Vellore,GV,outgoing,oGV,12,6,4,4,3,3,3
2022-04-01,2022,4,Apr,2,AIESEC in Ahmedabad,GTa,incoming,iGTa,3,1,1,1,0,0,0
2022-04-01,2022,4,Apr,2,AIESEC in Ahmedabad,GTe,incoming,iGTe,1,0,0,0,0,0,0
2022-04-01,2022,4,Apr,2,AIESEC in Ahmedabad,GV,incoming,iGV,3,0,0,0,0,0,0
2022-04-01,2022,4,Apr,2,AIESEC in Ahmedabad,GTa,outgoing,oGTa,7,3,0,0,0,0,0
2022-04-01,2022,4,Apr,2,AIESEC in Ahmedabad,GTe,outgoing,oGTe,1,1,1,1,1,1,1
2022-04-01,2022,4,Apr,2,AIESEC in Ahmedabad,GV,outgoing,oGV,14,7,6,5,3,3,1
2022-04-01,2022,4,Apr,2,AIESEC in Bangalore,GTa,incoming,iGTa,1,1,0,0,0,0,0
2022-04-01,2022,4,Apr,2,AIESEC in Bangalore,GTe,incoming,iGTe,1,0,0,0,0,0,0
2022-04-01,2022,4,Apr,2,AIESEC in Bangalore,GV,incoming,iGV,7,3,2,2,0,0,0
2022-04-01,2022,4,Apr,2,AIESEC in Bangalore,GTa,outgoing,oGTa,3,1,1,1,1,1,1
2022-04-01,2022,4,Apr,2,AIESEC in Bangalore,GTe,outgoing,oGTe,1,1,1,1,1,1,1
2022-04-01,2022,4,Apr,2,AIESEC in Bangalore,GV,outgoing,oGV,22,10,9,8,4,4,2
2022-04-01,2022,4,Apr,2,AIESEC in Bhubaneswar,GTa,incoming,iGTa,0,0,0,0,0,0,0
2022-04-01,2022,4,Apr,2,AIESEC in Bhubaneswar,GTe,incoming,iGTe,0,0,0,0,0,0,0
2022-04-01,2022,4,Apr,2,AIESEC in Bhubaneswar,GV,incoming,iGV,9,3,1,0,0,0,0
2022-04-01,2022,4,Apr,2,AIESEC in Bhubaneswar,GTa,outgoing,oGTa,2,0,0,0,0,0,0
2022-04-01,2022,4,Apr,2,AIESEC in Bhubaneswar,GTe,outgoing,oGTe,3,1,1,1,1,1,1
2022-04-01,2022,4,Apr,2,AIESEC in Bhubaneswar,GV,outgoing,oGV,12,5,3,2,2,2,1
2022-04-01,2022,4,Apr,2,AIESEC in Chandigarh,GTa,incoming,iGTa,1,1,1,1,0,0,0
2022-04-01,2022,4,Apr,2,AIESEC in Chandigarh,GTe,incoming,iGTe,0,0,0,0,0,0,0
2022-04-01,2022,4,Apr,2,AIESEC in Chandigarh,GV,incoming,iGV,5,2,1,1,0,0,0
2022-04-01,2022,4,Apr,2,AIESEC in Chandigarh,GTa,outgoing,oGTa,6,3,3,2,2,2,2
2022-04-01,2022,4,Apr,2,AIESEC in Chandigarh,GTe,outgoing,oGTe,1,0,0,0,0,0,0
2022-04-01,2022,4,Apr,2,AIESEC in Chandigarh,GV,outgoing,oGV,13,4,3,2,2,1,1
2022-04-01,2022,4,Apr,2,AIESEC in Chennai,GTa,incoming,iGTa,5,1,0,0,0,0,0
2022-04-01,2022,4,Apr,2,AIESEC in Chennai,GTe,incoming,iGTe,1,0,0,0,0,0,0
2022-04-01,2022,4,Apr,2,AIESEC in Chennai,GV,incoming,iGV,5,3,3,2,1,1,1
2022-04-01,2022,4,Apr,2,AIESEC in Chennai,GTa,outgoing,oGTa,6,4,3,3,3,3,3
2022-04-01,2022,4,Apr,2,AIESEC in Chennai,GTe,outgoing,oGTe,4,2,1,1,0,0,0
2022-04-01,2022,4,Apr,2,AIESEC in Chennai,GV,outgoing,oGV,16,7,5,4,3,2,2
2022-04-01,2022,4,Apr,2,AIESEC in Coimbatore,GTa,incoming,iGTa,0,0,0,0,0,0,0
2022-04-01,2022,4,Apr,2,AIESEC in Coimbatore,GTe,incoming,iGTe,0,0,0,0,0,0,0
2022-04-01,2022,4,Apr,2,AIESEC in Coimbatore,GV,incoming,iGV,3,2,1,1,1,1,1
2022-04-01,2022,4,Apr,2,AIESEC in Coimbatore,GTa,outgoing,oGTa,3,2,2,2,1,1,0
2022-04-01,2022,4,Apr,2,AIESEC in Coimbatore,GTe,outgoing,oGTe,3,1,1,1,0,0,0
2022-04-01,2022,4,Apr,2,AIESEC in Coimbatore,GV,outgoing,oGV,8,5,4,4,2,2,1
2022-04-01,2022,4,Apr,2,AIESEC in Delhi IIT,GTa,incoming,iGTa,7,4,4,4,3,3,2
2022-04-01,2022,4,Apr,2,AIESEC in Delhi IIT,GTe,incoming,iGTe,3,3,3,3,2,2,2
2022-04-01,2022,4,Apr,2,AIESEC in Delhi IIT,GV,incoming,iGV,29,11,7,7,6,6,6
2022-04-01,2022,4,Apr,2,AIESEC in Delhi IIT,GTa,outgoing,oGTa,26,13,9,8,5,5,5
2022-04-01,2022,4,Apr,2,AIESEC in Delhi IIT,GTe,outgoing,oGTe,8,3,2,2,1,1,1
2022-04-01,2022,4,Apr,2,AIESEC in Delhi IIT,GV,outgoing,oGV,51,26,15,12,9,8,7
2022-04-01,2022,4,Apr,2,AIESEC in Delhi University,GTa,incoming,iGTa,7,3,2,1,1,1,1
2022-04-01,2022,4,Apr,2,AIESEC in Delhi University,GTe,incoming,iGTe,0,0,0,0,0,0,0
2022-04-01,2022,4,Apr,2,AIESEC in Delhi University,GV,incoming,iGV,9,4,2,2,2,1,1
2022-04-01,2022,4,Apr,2,AIESEC in Delhi University,GTa,outgoing,oGTa,6,3,2,2,2,2,2
2022-04-01,2022,4,Apr,2,AIESEC in Delhi University,GTe,outgoing,oGTe,7,4,1,0,0,0,0
2022-04-01,2022,4,Apr,2,AIESEC in Delhi University,GV,outgoing,oGV,37,17,11,9,5,5,5
2022-04-01,2022,4,Apr,2,AIESEC in Hyderabad,GTa,incoming,iGTa,4,3,2,1,0,0,0
2022-04-01,2022,4,Apr,2,AIESEC in Hyderabad,GTe,incoming,iGTe,0,0,0,0,0,0,0
2022-04-01,2022,4,Apr,2,AIESEC in Hyderabad,GV,incoming,iGV,5,1,0,0,0,0,0
2022-04-01,2022,4,Apr,2,AIESEC in Hyderabad,GTa,outgoing,oGTa,6,2,1,1,1,1,1
2022-04-01,2022,4,Apr,2,AIESEC in Hyderabad,GTe,outgoing,oGTe,2,2,2,2,2,2,2
2022-04-01,2022,4,Apr,2,AIESEC in Hyderabad,GV,outgoing,oGV,19,12,7,4,3,3,3
2022-04-01,2022,4,Apr,2,AIESEC in Indore,GTa,incoming,iGTa,5,2,1,1,1,1,1
2022-04-01,2022,4,Apr,2,AIESEC in Indore,GTe,incoming,iGTe,0,0,0,0,0,0,0
2022-04-01,2022,4,Apr,2,AIESEC in Indore,GV,incoming,iGV,6,2,1,1,0,0,0
2022-04-01,2022,4,Apr,2,AIESEC in Indore,GTa,outgoing,oGTa,6,2,1,1,1,1,1
2022-04-01,2022,4,Apr,2,AIESEC in Indore,GTe,outgoing,oGTe,3,1,1,1,0,0,0
2022-04-01,2022,4,Apr,2,AIESEC in Indore,GV,outgoing,oGV,16,6,4,3,3,3,2
2022-04-01,2022,4,Apr,2,AIESEC in Jaipur,GTa,incoming,iGTa,2,0,0,0,0,0,0
2022-04-01,2022,4,Apr,2,AIESEC in Jaipur,GTe,incoming,iGTe,1,1,0,0,0,0,0
2022-04-01,2022,4,Apr,2,AIESEC in Jaipur,GV,incoming,iGV,1,1,1,1,1,1,1
2022-04-01,2022,4,Apr,2,AIESEC in Jaipur,GTa,outgoing,oGTa,4,1,1,1,1,1,1
2022-04-01,2022,4,Apr,2,AIESEC in Jaipur,GTe,outgoing,oGTe,1,0,0,0,0,0,0
2022-04-01,2022,4,Apr,2,AIESEC in Jaipur,GV,outgoing,oGV,12,5,4,1,0,0,0
2022-04-01,2022,4,Apr,2,AIESEC in Kochi,GTa,incoming,iGTa,1,0,0,0,0,0,0
2022-04-01,2022,4,Apr,2,AIESEC in Kochi,GTe,incoming,iGTe,0,0,0,0,0,0,0
2022-04-01,2022,4,Apr,2,AIESEC in Kochi,GV,incoming,iGV,2,1,0,0,0,0,0
2022-04-01,2022,4,Apr,2,AIESEC in Kochi,GTa,outgoing,oGTa,4,3,3,2,2,2,1
2022-04-01,2022,4,Apr,2,AIESEC in Kochi,GTe,outgoing,oGTe,0,0,0,0,0,0,0
2022-04-01,2022,4,Apr,2,AIESEC in Kochi,GV,outgoing,oGV,13,3,2,1,0,0,0
2022-04-01,2022,4,Apr,2,AIESEC in Kolkata,GTa,incoming,iGTa,1,1,1,1,1,1,1
2022-04-01,2022,4,Apr,2,AIESEC in Kolkata,GTe,incoming,iGTe,0,0,0,0,0,0,0
2022-04-01,2022,4,Apr,2,AIESEC in Kolkata,GV,incoming,iGV,6,3,2,2,2,2,2
2022-04-01,2022,4,Apr,2,AIESEC in Kolkata,GTa,outgoing,oGTa,12,5,4,3,2,2,2
2022-04-01,2022,4,Apr,2,AIESEC in Kolkata,GTe,outgoing,oGTe,2,0,0,0,0,0,0
2022-04-01,2022,4,Apr,2,AIESEC in Kolkata,GV,outgoing,oGV,24,12,11,8,5,5,5
2022-04-01,2022,4,Apr,2,AIESEC in Lucknow,GTa,incoming,iGTa,1,0,0,0,0,0,0
2022-04-01,2022,4,Apr,2,AIESEC in Lucknow,GTe,incoming,iGTe,1,0,0,0,0,0,0
2022-04-01,2022,4,Apr,2,AIESEC in Lucknow,GV,incoming,iGV,4,1,1,0,0,0,0
2022-04-01,2022,4,Apr,2,AIESEC in Lucknow,GTa,outgoing,oGTa,4,2,0,0,0,0,0
2022-04-01,2022,4,Apr,2,AIESEC in Lucknow,GTe,outgoing,oGTe,1,0,0,0,0,0,0
2022-04-01,2022,4,Apr,2,AIESEC in Lucknow,GV,outgoing,oGV,16,7,4,4,2,2,2
2022-04-01,2022,4,Apr,2,AIESEC in Manipal,GTa,incoming,iGTa,1,1,1,1,0,0,0
2022-04-01,2022,4,Apr,2,AIESEC in Manipal,GTe,incoming,iGTe,0,0,0,0,0,0,0
2022-04-01,2022,4,Apr,2,AIESEC in Manipal,GV,incoming,iGV,5,2,2,1,1,1,1
2022-04-01,2022,4,Apr,2,AIESEC in Manipal,GTa,outgoing,oGTa,4,3,2,1,0,0,0
2022-04-01,2022,4,Apr,2,AIESEC in Manipal,GTe,outgoing,oGTe,1,0,0,0,0,0,0
2022-04-01,2022,4,Apr,2,AIESEC in Manipal,GV,outgoing,oGV,10,3,2,2,2,2,2
2022-04-01,2022,4,Apr,2,AIESEC in Mumbai,GTa,incoming,iGTa,3,0,0,0,0,0,0
2022-04-01,2022,4,Apr,2,AIESEC in Mumbai,GTe,incoming,iGTe,2,0,0,0,0,0,0
2022-04-01,2022,4,Apr,2,AIESEC in Mumbai,GV,incoming,iGV,17,6,1,1,1,1,1
2022-04-01,2022,4,Apr,2,AIESEC in Mumbai,GTa,outgoing,oGTa,9,3,2,2,2,2,1
2022-04-01,2022,4,Apr,2,AIESEC in Mumbai,GTe,outgoing,oGTe,5,3,3,2,2,2,2
2022-04-01,2022,4,Apr,2,AIESEC in Mumbai,GV,outgoing,oGV,28,17,13,12,11,10,8
2022-04-01,2022,4,Apr,2,AIESEC in Nagpur,GTa,incoming,iGTa,1,0,0,0,0,0,0
2022-04-01,2022,4,Apr,2,AIESEC in Nagpur,GTe,incoming,iGTe,0,0,0,0,0,0,0
2022-04-01,2022,4,Apr,2,AIESEC in Nagpur,GV,incoming,iGV,2,1,1,1,1,1,1
2022-04-01,2022,4,Apr,2,AIESEC in Nagpur,GTa,outgoing,oGTa,6,3,3,3,3,2,2
2022-04-01,2022,4,Apr,2,AIESEC in Nagpur,GTe,outgoing,oGTe,1,1,1,1,1,1,1
2022-04-01,2022,4,Apr,2,AIESEC in Nagpur,GV,outgoing,oGV,14,6,4,4,4,3,3
2022-04-01,2022,4,Apr,2,AIESEC in Pune,GTa,incoming,iGTa,5,1,1,1,0,0,0
2022-04-01,2022,4,Apr,2,AIESEC in Pune,GTe,incoming,iGTe,0,0,0,0,0,0,0
2022-04-01,2022,4,Apr,2,AIESEC in Pune,GV,incoming,iGV,5,0,0,0,0,0,0
2022-04-01,2022,4,Apr,2,AIESEC in Pune,GTa,outgoing,oGTa,12,8,3,2,2,2,2
2022-04-01,2022,4,Apr,2,AIESEC in Pune,GTe,outgoing,oGTe,3,2,1,1,0,0,0
2022-04-01,2022,4,Apr,2,AIESEC in Pune,GV,outgoing,oGV,28,13,6,5,4,3,2
2022-04-01,2022,4,Apr,2,AIESEC in Surat,GTa,incoming,iGTa,1,0,0,0,0,0,0
2022-04-01,2022,4,Apr,2,AIESEC in Surat,GTe,incoming,iGTe,0,0,0,0,0,0,0
2022-04-01,2022,4,Apr,2,AIESEC in Surat,GV,incoming,iGV,2,1,1,1,1,1,1
2022-04-01,2022,4,Apr,2,AIESEC in Surat,GTa,outgoing,oGTa,4,2,1,1,1,1,1
2022-04-01,2022,4,Apr,2,AIESEC in Surat,GTe,outgoing,oGTe,1,0,0,0,0,0,0
2022-04-01,2022,4,Apr,2,AIESEC in Surat,GV,outgoing,oGV,10,3,3,3,2,1,1
2022-04-01,2022,4,Apr,2,AIESEC in Vellore,GTa,incoming,iGTa,1,1,0,0,0,0,0
2022-04-01,2022,4,Apr,2,AIESEC in Vellore,GTe,incoming,iGTe,0,0,0,0,0,0,0
2022-04-01,2022,4,Apr,2,AIESEC in Vellore,GV,incoming,iGV,2,2,1,0,0,0,0
2022-04-01,2022,4,Apr,2,AIESEC in Vellore,GTa,outgoing,oGTa,2,1,0,0,0,0,0
2022-04-01,2022,4,Apr,2,AIESEC in Vellore,GTe,outgoing,oGTe,2,1,1,1,0,0,0
2022-04-01,2022,4,Apr,2,AIESEC in Vellore,GV,outgoing,oGV,13,6,3,2,2,2,2
2022-05-01,2022,5,May,2,AIESEC in Ahmedabad,GTa,incoming,iGTa,3,1,1,1,0,0,0
2022-05-01,2022,5,May,2,AIESEC in Ahmedabad,GTe,incoming,iGTe,0,0,0,0,0,0,0
2022-05-01,2022,5,May,2,AIESEC in Ahmedabad,GV,incoming,iGV,3,2,1,1,1,1,0
2022-05-01,2022,5,May,2,AIESEC in Ahmedabad,GTa,outgoing,oGTa,7,5,4,3,3,3,3
2022-05-01,2022,5,May,2,AIESEC in Ahmedabad,GTe,outgoing,oGTe,3,0,0,0,0,0,0
2022-05-01,2022,5,May,2,AIESEC in Ahmedabad,GV,outgoing,oGV,23,10,4,3,3,2,2
2022-05-01,2022,5,May,2,AIESEC in Bangalore,GTa,incoming,iGTa,3,2,2,2,2,1,1
2022-05-01,2022,5,May,2,AIESEC in Bangalore,GTe,incoming,iGTe,0,0,0,0,0,0,0
2022-05-01,2022,5,May,2,AIESEC in Bangalore,GV,incoming,iGV,3,2,2,2,1,1,1
2022-05-01,2022,5,May,2,AIESEC in Bangalore,GTa,outgoing,oGTa,8,4,4,4,3,3,3
2022-05-01,2022,5,May,2,AIESEC in Bangalore,GTe,outgoing,oGTe,2,1,1,1,1,1,1
2022-05-01,2022,5,May,2,AIESEC in Bangalore,GV,outgoing,oGV,31,8,4,3,3,3,2
2022-05-01,2022,5,May,2,AIESEC in Bhubaneswar,GTa,incoming,iGTa,1,0,0,0,0,0,0
2022-05-01,2022,5,May,2,AIESEC in Bhubaneswar,GTe,incoming,iGTe,0,0,0,0,0,0,0
2022-05-01,2022,5,May,2,AIESEC in Bhubaneswar,GV,incoming,iGV,1,1,0,0,0,0,0
2022-05-01,2022,5,May,2,AIESEC in Bhubaneswar,GTa,outgoing,oGTa,4,3,2,2,2,2,2
2022-05-01,2022,5,May,2,AIESEC in Bhubaneswar,GTe,outgoing,oGTe,4,1,1,1,1,1,1
2022-05-01,2022,5,May,2,AIESEC in Bhubaneswar,GV,outgoing,oGV,10,6,5,5,2,2,2
2022-05-01,2022,5,May,2,AIESEC in Chandigarh,GTa,incoming,iGTa,2,0,0,0,0,0,0
2022-05-01,2022,5,May,2,AIESEC in Chandigarh,GTe,incoming,iGTe,1,0,0,0,0,0,0
2022-05-01,2022,5,May,2,AIESEC in Chandigarh,GV,incoming,iGV,7,2,2,2,2,1,1
2022-05-01,2022,5,May,2,AIESEC in Chandigarh,GTa,outgoing,oGTa,6,4,2,1,0,0,0
2022-05-01,2022,5,May,2,AIESEC in Chandigarh,GTe,outgoing,oGTe,2,1,1,1,1,1,1
2022-05-01,2022,5,May,2,AIESEC in Chandigarh,GV,outgoing,oGV,17,9,7,7,6,5,3
2022-05-01,2022,5,May,2,AIESEC in Chennai,GTa,incoming,iGTa,2,1,0,0,0,0,0
2022-05-01,2022,5,May,2,AIESEC in Chennai,GTe,incoming,iGTe,4,2,0,0,0,0,0
2022-05-01,2022,5,May,2,AIESEC in Chennai,GV,incoming,iGV,15,7,4,3,3,3,1
2022-05-01,2022,5,May,2,AIESEC in Chennai,GTa,outgoing,oGTa,6,5,4,3,2,2,2
2022-05-01,2022,5,May,2,AIESEC in Chennai,GTe,outgoing,oGTe,4,3,2,0,0,0,0
2022-05-01,2022,5,May,2,AIESEC in Chennai,GV,outgoing,oGV,25,9,8,5,3,3,3
2022-05-01,2022,5,May,2,AIESEC in Coimbatore,GTa,incoming,iGTa,0,0,0,0,0,0,0
2022-05-01,2022,5,May,2,AIESEC in Coimbatore,GTe,incoming,iGTe,0,0,0,0,0,0,0
2022-05-01,2022,5,May,2,AIESEC in Coimbatore,GV,incoming,iGV,1,1,1,1,0,0,0
2022-05-01,2022,5,May,2,AIESEC in Coimbatore,GTa,outgoing,oGTa,5,3,2,2,1,1,1
2022-05-01,2022,5,May,2,AIESEC in Coimbatore,GTe,outgoing,oGTe,1,0,0,0,0,0,0
2022-05-01,2022,5,May,2,AIESEC in Coimbatore,GV,outgoing,oGV,12,5,5,4,3,3,2
2022-05-01,2022,5,May,2,AIESEC in Delhi IIT,GTa,incoming,iGTa,6,2,1,1,1,1,1
2022-05-01,2022,5,May,2,AIESEC in Delhi IIT,GTe,incoming,iGTe,3,2,0,0,0,0,0
2022-05-01,2022,5,May,2,AIESEC in Delhi IIT,GV,incoming,iGV,25,13,8,5,2,2,2
2022-05-01,2022,5,May,2,AIESEC in Delhi IIT,GTa,outgoing,oGTa,39,19,16,14,12,10,10
2022-05-01,2022,5,May,2,AIESEC in Delhi IIT,GTe,outgoing,oGTe,8,3,2,1,0,0,0
2022-05-01,2022,5,May,2,AIESEC in Delhi IIT,GV,outgoing,oGV,114,48,29,26,14,14,11
2022-05-01,2022,5,May,2,AIESEC in Delhi University,GTa,incoming,iGTa,5,1,0,0,0,0,0
2022-05-01,2022,5,May,2,AIESEC in Delhi University,GTe,incoming,iGTe,2,0,0,0,0,0,0
2022-05-01,2022,5,May,2,AIESEC in Delhi University,GV,incoming,iGV,25,10,8,6,3,3,3
2022-05-01,2022,5,May,2,AIESEC in Delhi University,GTa,outgoing,oGTa,20,9,9,8,6,6,6
2022-05-01,2022,5,May,2,AIESEC in Delhi University,GTe,outgoing,oGTe,4,1,1,1,1,1,1
2022-05-01,2022,5,May,2,AIESEC in Delhi University,GV,outgoing,oGV,44,20,15,13,11,9,6
2022-05-01,2022,5,May,2,AIESEC in Hyderabad,GTa,incoming,iGTa,2,1,1,1,1,1,1
2022-05-01,2022,5,May,2,AIESEC in Hyderabad,GTe,incoming,iGTe,2,1,0,0,0,0,0
2022-05-01,2022,5,May,2,AIESEC in Hyderabad,GV,incoming,iGV,8,4,3,2,1,1,1
2022-05-01,2022,5,May,2,AIESEC in Hyderabad,GTa,outgoing,oGTa,6,2,1,1,1,1,1
2022-05-01,2022,5,May,2,AIESEC in Hyderabad,GTe,outgoing,oGTe,4,0,0,0,0,0,0
2022-05-01,2022,5,May,2,AIESEC in Hyderabad,GV,outgoing,oGV,26,12,10,9,8,8,5
2022-05-01,2022,5,May,2,AIESEC in Indore,GTa,incoming,iGTa,1,1,0,0,0,0,0
2022-05-01,2022,5,May,2,AIESEC in Indore,GTe,incoming,iGTe,1,1,1,1,1,1,1
2022-05-01,2022,5,May,2,AIESEC in Indore,GV,incoming,iGV,5,0,0,0,0,0,0
2022-05-01,2022,5,May,2,AIESEC in Indore,GTa,outgoing,oGTa,4,1,0,0,0,0,0
2022-05-01,2022,5,May,2,AIESEC in Indore,GTe,outgoing,oGTe,2,0,0,0,0,0,0
2022-05-01,2022,5,May,2,AIESEC in Indore,GV,outgoing,oGV,17,7,5,4,4,3,3
2022-05-01,2022,5,May,2,AIESEC in Jaipur,GTa,incoming,iGTa,1,0,0,0,0,0,0
2022-05-01,2022,5,May,2,AIESEC in Jaipur,GTe,incoming,iGTe,1,1,1,1,1,0,0
2022-05-01,2022,5,May,2,AIESEC in Jaipur,GV,incoming,iGV,5,2,2,2,1,0,0
2022-05-01,2022,5,May,2,AIESEC in Jaipur,GTa,outgoing,oGTa,3,1,1,0,0,0,0
2022-05-01,2022,5,May,2,AIESEC in Jaipur,GTe,outgoing,oGTe,2,0,0,0,0,0,0
2022-05-01,2022,5,May,2,AIESEC in Jaipur,GV,outgoing,oGV,14,6,5,4,4,3,3
2022-05-01,2022,5,May,2,AIESEC in Kochi,GTa,incoming,iGTa,0,0,0,0,0,0,0
2022-05-01,2022,5,May,2,AIESEC in Kochi,GTe,incoming,iGTe,0,0,0,0,0,0,0
2022-05-01,2022,5,May,2,AIESEC in Kochi,GV,incoming,iGV,0,0,0,0,0,0,0
2022-05-01,2022,5,May,2,AIESEC in Kochi,GTa,outgoing,oGTa,5,1,1,1,0,0,0
2022-05-01,2022,5,May,2,AIESEC in Kochi,GTe,outgoing,oGTe,0,0,0,0,0,0,0
2022-05-01,2022,5,May,2,AIESEC in Kochi,GV,outgoing,oGV,17,10,6,4,3,2,2
2022-05-01,2022,5,May,2,AIESEC in Kolkata,GTa,incoming,iGTa,0,0,0,0,0,0,0
2022-05-01,2022,5,May,2,AIESEC in Kolkata,GTe,incoming,iGTe,1,1,1,0,0,0,0
2022-05-01,2022,5,May,2,AIESEC in Kolkata,GV,incoming,iGV,9,2,1,1,1,1,0
2022-05-01,2022,5,May,2,AIESEC in Kolkata,GTa,outgoing,oGTa,4,1,1,1,1,1,1
2022-05-01,2022,5,May,2,AIESEC in Kolkata,GTe,outgoing,oGTe,5,2,2,1,1,1,1
2022-05-01,2022,5,May,2,AIESEC in Kolkata,GV,outgoing,oGV,19,8,8,7,7,7,6
2022-05-01,2022,5,May,2,AIESEC in Lucknow,GTa,incoming,iGTa,5,1,1,1,1,1,0
2022-05-01,2022,5,May,2,AIESEC in Lucknow,GTe,incoming,iGTe,1,1,1,1,1,0,0
2022-05-01,2022,5,May,2,AIESEC in Lucknow,GV,incoming,iGV,6,1,1,0,0,0,0
2022-05-01,2022,5,May,2,AIESEC in Lucknow,GTa,outgoing,oGTa,4,2,2,2,2,2,2
2022-05-01,2022,5,May,2,AIESEC in Lucknow,GTe,outgoing,oGTe,7,3,3,2,2,2,2
2022-05-01,2022,5,May,2,AIESEC in Lucknow,GV,outgoing,oGV,12,7,5,4,0,0,0
2022-05-01,2022,5,May,2,AIESEC in Manipal,GTa,incoming,iGTa,4,0,0,0,0,0,0
2022-05-01,2022,5,May,2,AIESEC in Manipal,GTe,incoming,iGTe,0,0,0,0,0,0,0
2022-05-01,2022,5,May,2,AIESEC in Manipal,GV,incoming,iGV,3,0,0,0,0,0,0
2022-05-01,2022,5,May,2,AIESEC in Manipal,GTa,outgoing,oGTa,3,2,1,1,1,1,1
2022-05-01,2022,5,May,2,AIESEC in Manipal,GTe,outgoing,oGTe,4,2,2,2,2,2,2
2022-05-01,2022,5,May,2,AIESEC in Manipal,GV,outgoing,oGV,16,9,5,3,1,1,1
2022-05-01,2022,5,May,2,AIESEC in Mumbai,GTa,incoming,iGTa,4,2,2,1,1,1,1
2022-05-01,2022,5,May,2,AIESEC in Mumbai,GTe,incoming,iGTe,2,0,0,0,0,0,0
2022-05-01,2022,5,May,2,AIESEC in Mumbai,GV,incoming,iGV,11,4,1,1,1,1,1
2022-05-01,2022,5,May,2,AIESEC in Mumbai,GTa,outgoing,oGTa,16,5,4,3,3,3,3
2022-05-01,2022,5,May,2,AIESEC in Mumbai,GTe,outgoing,oGTe,2,1,1,1,1,1,1
2022-05-01,2022,5,May,2,AIESEC in Mumbai,GV,outgoing,oGV,42,19,15,12,8,6,6
2022-05-01,2022,5,May,2,AIESEC in Nagpur,GTa,incoming,iGTa,2,1,0,0,0,0,0
2022-05-01,2022,5,May,2,AIESEC in Nagpur,GTe,incoming,iGTe,0,0,0,0,0,0,0
2022-05-01,2022,5,May,2,AIESEC in Nagpur,GV,incoming,iGV,5,3,2,2,2,2,2
2022-05-01,2022,5,May,2,AIESEC in Nagpur,GTa,outgoing,oGTa,9,3,2,0,0,0,0
2022-05-01,2022,5,May,2,AIESEC in Nagpur,GTe,outgoing,oGTe,1,0,0,0,0,0,0
2022-05-01,2022,5,May,2,AIESEC in Nagpur,GV,outgoing,oGV,15,4,2,2,1,1,0
2022-05-01,2022,5,May,2,AIESEC in Pune,GTa,incoming,iGTa,3,1,1,1,0,0,0
2022-05-01,2022,5,May,2,AIESEC in Pune,GTe,incoming,iGTe,1,1,1,1,1,1,1
2022-05-01,2022,5,May,2,AIESEC in Pune,GV,incoming,iGV,12,5,3,3,3,3,3
2022-05-01,2022,5,May,2,AIESEC in Pune,GTa,outgoing,oGTa,16,10,6,6,3,3,3
2022-05-01,2022,5,May,2,AIESEC in Pune,GTe,outgoing,oGTe,6,5,5,3,3,3,3
2022-05-01,2022,5,May,2,AIESEC in Pune,GV,outgoing,oGV,21,9,5,4,2,1,1
2022-05-01,2022,5,May,2,AIESEC in Surat,GTa,incoming,iGTa,2,2,1,1,1,1,1
2022-05-01,2022,5,May,2,AIESEC in Surat,GTe,incoming,iGTe,1,1,0,0,0,0,0
2022-05-01,2022,5,May,2,AIESEC in Surat,GV,incoming,iGV,8,3,1,1,0,0,0
2022-05-01,2022,5,May,2,AIESEC in Surat,GTa,outgoing,oGTa,5,1,1,1,1,1,1
2022-05-01,2022,5,May,2,AIESEC in Surat,GTe,outgoing,oGTe,2,0,0,0,0,0,0
2022-05-01,2022,5,May,2,AIESEC in Surat,GV,outgoing,oGV,20,10,9,6,4,4,2
2022-05-01,2022,5,May,2,AIESEC in Vellore,GTa,incoming,iGTa,1,0,0,0,0,0,0
2022-05-01,2022,5,May,2,AIESEC in Vellore,GTe,incoming,iGTe,1,0,0,0,0,0,0
2022-05-01,2022,5,May,2,AIESEC in Vellore,GV,incoming,iGV,3,2,0,0,0,0,0
2022-05-01,2022,5,May,2,AIESEC in Vellore,GTa,outgoing,oGTa,7,2,1,1,1,1,1
2022-05-01,2022,5,May,2,AIESEC in Vellore,GTe,outgoing,oGTe,1,1,0,0,0,0,0
2022-05-01,2022,5,May,2,AIESEC in Vellore,GV,outgoing,oGV,10,6,6,4,1,0,0
2022-06-01,2022,6,Jun,2,AIESEC in Ahmedabad,GTa,incoming,iGTa,1,1,0,0,0,0,0
2022-06-01,2022,6,Jun,2,AIESEC in Ahmedabad,GTe,incoming,iGTe,1,0,0,0,0,0,0
2022-06-01,2022,6,Jun,2,AIESEC in Ahmedabad,GV,incoming,iGV,7,5,3,3,3,3,3
2022-06-01,2022,6,Jun,2,AIESEC in Ahmedabad,GTa,outgoing,oGTa,5,5,4,4,3,3,3
2022-06-01,2022,6,Jun,2,AIESEC in Ahmedabad,GTe,outgoing,oGTe,1,0,0,0,0,0,0
2022-06-01,2022,6,Jun,2,AIESEC in Ahmedabad,GV,outgoing,oGV,16,7,3,2,1,1,1
2022-06-01,2022,6,Jun,2,AIESEC in Bangalore,GTa,incoming,iGTa,1,0,0,0,0,0,0
2022-06-01,2022,6,Jun,2,AIESEC in Bangalore,GTe,incoming,iGTe,1,1,1,1,1,1,1
2022-06-01,2022,6,Jun,2,AIESEC in Bangalore,GV,incoming,iGV,7,2,0,0,0,0,0
2022-06-01,2022,6,Jun,2,AIESEC in Bangalore,GTa,outgoing,oGTa,6,4,3,2,1,1,1
2022-06-01,2022,6,Jun,2,AIESEC in Bangalore,GTe,outgoing,oGTe,4,2,1,1,1,1,1
2022-06-01,2022,6,Jun,2,AIESEC in Bangalore,GV,outgoing,oGV,27,10,7,5,4,4,3
2022-06-01,2022,6,Jun,2,AIESEC in Bhubaneswar,GTa,incoming,iGTa,0,0,0,0,0,0,0
2022-06-01,2022,6,Jun,2,AIESEC in Bhubaneswar,GTe,incoming,iGTe,1,1,0,0,0,0,0
2022-06-01,2022,6,Jun,2,AIESEC in Bhubaneswar,GV,incoming,iGV,0,0,0,0,0,0,0
2022-06-01,2022,6,Jun,2,AIESEC in Bhubaneswar,GTa,outgoing,oGTa,6,5,3,2,2,2,2
2022-06-01,2022,6,Jun,2,AIESEC in Bhubaneswar,GTe,outgoing,oGTe,2,1,1,1,1,1,1
2022-06-01,2022,6,Jun,2,AIESEC in Bhubaneswar,GV,outgoing,oGV,9,5,4,4,2,2,2
2022-06-01,2022,6,Jun,2,AIESEC in Chandigarh,GTa,incoming,iGTa,2,1,0,0,0,0,0
2022-06-01,2022,6,Jun,2,AIESEC in Chandigarh,GTe,incoming,iGTe,3,2,1,1,1,1,1
2022-06-01,2022,6,Jun,2,AIESEC in Chandigarh,GV,incoming,iGV,4,2,1,0,0,0,0
2022-06-01,2022,6,Jun,2,AIESEC in Chandigarh,GTa,outgoing,oGTa,7,2,2,2,2,2,2
2022-06-01,2022,6,Jun,2,AIESEC in Chandigarh,GTe,outgoing,oGTe,3,0,0,0,0,0,0
2022-06-01,2022,6,Jun,2,AIESEC in Chandigarh,GV,outgoing,oGV,13,5,2,2,2,2,1
2022-06-01,2022,6,Jun,2,AIESEC in Chennai,GTa,incoming,iGTa,5,1,0,0,0,0,0
2022-06-01,2022,6,Jun,2,AIESEC in Chennai,GTe,incoming,iGTe,3,1,0,0,0,0,0
2022-06-01,2022,6,Jun,2,AIESEC in Chennai,GV,incoming,iGV,8,2,2,2,0,0,0
2022-06-01,2022,6,Jun,2,AIESEC in Chennai,GTa,outgoing,oGTa,9,4,2,2,2,2,1
2022-06-01,2022,6,Jun,2,AIESEC in Chennai,GTe,outgoing,oGTe,4,1,0,0,0,0,0
2022-06-01,2022,6,Jun,2,AIESEC in Chennai,GV,outgoing,oGV,19,7,4,4,1,1,1
2022-06-01,2022,6,Jun,2,AIESEC in Coimbatore,GTa,incoming,iGTa,1,1,1,1,1,1,1
2022-06-01,2022,6,Jun,2,AIESEC in Coimbatore,GTe,incoming,iGTe,0,0,0,0,0,0,0
2022-06-01,2022,6,Jun,2,AIESEC in Coimbatore,GV,incoming,iGV,5,2,2,2,2,2,2
2022-06-01,2022,6,Jun,2,AIESEC in Coimbatore,GTa,outgoing,oGTa,3,2,2,2,2,2,2
2022-06-01,2022,6,Jun,2,AIESEC in Coimbatore,GTe,outgoing,oGTe,2,2,2,2,2,2,2
2022-06-01,2022,6,Jun,2,AIESEC in Coimbatore,GV,outgoing,oGV,6,4,2,2,1,1,1
2022-06-01,2022,6,Jun,2,AIESEC in Delhi IIT,GTa,incoming,iGTa,8,3,3,2,2,2,2
2022-06-01,2022,6,Jun,2,AIESEC in Delhi IIT,GTe,incoming,iGTe,5,0,0,0,0,0,0
2022-06-01,2022,6,Jun,2,AIESEC in Delhi IIT,GV,incoming,iGV,33,18,11,8,5,5,4
2022-06-01,2022,6,Jun,2,AIESEC in Delhi IIT,GTa,outgoing,oGTa,32,13,9,8,7,7,5
2022-06-01,2022,6,Jun,2,AIESEC in Delhi IIT,GTe,outgoing,oGTe,6,2,0,0,0,0,0
2022-06-01,2022,6,Jun,2,AIESEC in Delhi IIT,GV,outgoing,oGV,104,39,23,14,11,10,10
2022-06-01,2022,6,Jun,2,AIESEC in Delhi University,GTa,incoming,iGTa,5,4,4,4,3,3,3
2022-06-01,2022,6,Jun,2,AIESEC in Delhi University,GTe,incoming,iGTe,1,0,0,0,0,0,0
2022-06-01,2022,6,Jun,2,AIESEC in Delhi University,GV,incoming,iGV,14,7,4,4,2,1,0
2022-06-01,2022,6,Jun,2,AIESEC in Delhi University,GTa,outgoing,oGTa,9,5,1,1,0,0,0
2022-06-01,2022,6,Jun,2,AIESEC in Delhi University,GTe,outgoing,oGTe,2,0,0,0,0,0,0
2022-06-01,2022,6,Jun,2,AIESEC in Delhi University,GV,outgoing,oGV,54,24,13,8,5,3,3
2022-06-01,2022,6,Jun,2,AIESEC in Hyderabad,GTa,incoming,iGTa,4,1,0,0,0,0,0
2022-06-01,2022,6,Jun,2,AIESEC in Hyderabad,GTe,incoming,iGTe,1,0,0,0,0,0,0
2022-06-01,2022,6,Jun,2,AIESEC in Hyderabad,GV,incoming,iGV,12,3,2,2,1,1,0
2022-06-01,2022,6,Jun,2,AIESEC in Hyderabad,GTa,outgoing,oGTa,10,4,4,2,2,2,2
2022-06-01,2022,6,Jun,2,AIESEC in Hyderabad,GTe,outgoing,oGTe,5,1,0,0,0,0,0
2022-06-01,2022,6,Jun,2,AIESEC in Hyderabad,GV,outgoing,oGV,30,14,9,7,4,4,3
2022-06-01,2022,6,Jun,2,AIESEC in Indore,GTa,incoming,iGTa,2,2,1,1,1,1,1
2022-06-01,2022,6,Jun,2,AIESEC in Indore,GTe,incoming,iGTe,1,0,0,0,0,0,0
2022-06-01,2022,6,Jun,2,AIESEC in Indore,GV,incoming,iGV,7,6,4,3,1,1,1
2022-06-01,2022,6,Jun,2,AIESEC in Indore,GTa,outgoing,oGTa,4,2,1,1,1,1,1
2022-06-01,2022,6,Jun,2,AIESEC in Indore,GTe,outgoing,oGTe,4,2,2,2,1,1,0
2022-06-01,2022,6,Jun,2,AIESEC in Indore,GV,outgoing,oGV,17,7,6,4,3,3,3
2022-06-01,2022,6,Jun,2,AIESEC in Jaipur,GTa,incoming,iGTa,3,2,1,1,1,1,1
2022-06-01,2022,6,Jun,2,AIESEC in Jaipur,GTe,incoming,iGTe,0,0,0,0,0,0,0
2022-06-01,2022,6,Jun,2,AIESEC in Jaipur,GV,incoming,iGV,6,2,1,1,0,0,0
2022-06-01,2022,6,Jun,2,AIESEC in Jaipur,GTa,outgoing,oGTa,8,1,0,0,0,0,0
2022-06-01,2022,6,Jun,2,AIESEC in Jaipur,GTe,outgoing,oGTe,0,0,0,0,0,0,0
2022-06-01,2022,6,Jun,2,AIESEC in Jaipur,GV,outgoing,oGV,22,5,5,5,3,3,3
2022-06-01,2022,6,Jun,2,AIESEC in Kochi,GTa,incoming,iGTa,4,2,2,1,1,1,1
2022-06-01,2022,6,Jun,2,AIESEC in Kochi,GTe,incoming,iGTe,1,1,1,1,0,0,0
2022-06-01,2022,6,Jun,2,AIESEC in Kochi,GV,incoming,iGV,7,3,1,1,1,1,1
2022-06-01,2022,6,Jun,2,AIESEC in Kochi,GTa,outgoing,oGTa,4,4,3,3,2,2,2
2022-06-01,2022,6,Jun,2,AIESEC in Kochi,GTe,outgoing,oGTe,0,0,0,0,0,0,0
2022-06-01,2022,6,Jun,2,AIESEC in Kochi,GV,outgoing,oGV,12,7,6,4,4,3,2
2022-06-01,2022,6,Jun,2,AIESEC in Kolkata,GTa,incoming,iGTa,2,1,1,1,1,1,1
2022-06-01,2022,6,Jun,2,AIESEC in Kolkata,GTe,incoming,iGTe,1,1,0,0,0,0,0
2022-06-01,2022,6,Jun,2,AIESEC in Kolkata,GV,incoming,iGV,6,4,3,3,3,3,2
2022-06-01,2022,6,Jun,2,AIESEC in Kolkata,GTa,outgoing,oGTa,4,1,1,1,1,1,1
2022-06-01,2022,6,Jun,2,AIESEC in Kolkata,GTe,outgoing,oGTe,2,2,2,2,1,1,1
2022-06-01,2022,6,Jun,2,AIESEC in Kolkata,GV,outgoing,oGV,27,14,9,8,5,4,4
2022-06-01,2022,6,Jun,2,AIESEC in Lucknow,GTa,incoming,iGTa,1,1,1,1,1,1,1
2022-06-01,2022,6,Jun,2,AIESEC in Lucknow,GTe,incoming,iGTe,1,1,0,0,0,0,0
2022-06-01,2022,6,Jun,2,AIESEC in Lucknow,GV,incoming,iGV,9,4,3,3,2,1,1
2022-06-01,2022,6,Jun,2,AIESEC in Lucknow,GTa,outgoing,oGTa,4,2,2,2,1,1,1
2022-06-01,2022,6,Jun,2,AIESEC in Lucknow,GTe,outgoing,oGTe,1,0,0,0,0,0,0
2022-06-01,2022,6,Jun,2,AIESEC in Lucknow,GV,outgoing,oGV,13,6,3,2,2,2,2
2022-06-01,2022,6,Jun,2,AIESEC in Manipal,GTa,incoming,iGTa,0,0,0,0,0,0,0
2022-06-01,2022,6,Jun,2,AIESEC in Manipal,GTe,incoming,iGTe,1,0,0,0,0,0,0
2022-06-01,2022,6,Jun,2,AIESEC in Manipal,GV,incoming,iGV,6,3,1,0,0,0,0
2022-06-01,2022,6,Jun,2,AIESEC in Manipal,GTa,outgoing,oGTa,6,3,1,1,1,1,1
2022-06-01,2022,6,Jun,2,AIESEC in Manipal,GTe,outgoing,oGTe,0,0,0,0,0,0,0
2022-06-01,2022,6,Jun,2,AIESEC in Manipal,GV,outgoing,oGV,19,7,6,5,4,4,2
2022-06-01,2022,6,Jun,2,AIESEC in Mumbai,GTa,incoming,iGTa,10,5,3,3,2,2,2
2022-06-01,2022,6,Jun,2,AIESEC in Mumbai,GTe,incoming,iGTe,1,0,0,0,0,0,0
2022-06-01,2022,6,Jun,2,AIESEC in Mumbai,GV,incoming,iGV,10,2,1,1,1,1,1
2022-06-01,2022,6,Jun,2,AIESEC in Mumbai,GTa,outgoing,oGTa,18,11,9,8,8,7,7
2022-06-01,2022,6,Jun,2,AIESEC in Mumbai,GTe,outgoing,oGTe,5,2,2,2,1,1,1
2022-06-01,2022,6,Jun,2,AIESEC in Mumbai,GV,outgoing,oGV,47,22,14,11,6,4,4
2022-06-01,2022,6,Jun,2,AIESEC in Nagpur,GTa,incoming,iGTa,0,0,0,0,0,0,0
2022-06-01,2022,6,Jun,2,AIESEC in Nagpur,GTe,incoming,iGTe,0,0,0,0,0,0,0
2022-06-01,2022,6,Jun,2,AIESEC in Nagpur,GV,incoming,iGV,3,1,1,1,1,1,0
2022-06-01,2022,6,Jun,2,AIESEC in Nagpur,GTa,outgoing,oGTa,5,4,3,3,3,3,3
2022-06-01,2022,6,Jun,2,AIESEC in Nagpur,GTe,outgoing,oGTe,1,0,0,0,0,0,0
2022-06-01,2022,6,Jun,2,AIESEC in Nagpur,GV,outgoing,oGV,26,17,9,7,5,5,4
2022-06-01,2022,6,Jun,2,AIESEC in Pune,GTa,incoming,iGTa,3,1,0,0,0,0,0
2022-06-01,2022,6,Jun,2,AIESEC in Pune,GTe,incoming,iGTe,0,0,0,0,0,0,0
2022-06-01,2022,6,Jun,2,AIESEC in Pune,GV,incoming,iGV,8,3,1,1,0,0,0
2022-06-01,2022,6,Jun,2,AIESEC in Pune,GTa,outgoing,oGTa,12,2,2,1,1,1,1
2022-06-01,2022,6,Jun,2,AIESEC in Pune,GTe,outgoing,oGTe,5,4,2,2,2,2,2
2022-06-01,2022,6,Jun,2,AIESEC in Pune,GV,outgoing,oGV,39,17,15,12,10,10,9
2022-06-01,2022,6,Jun,2,AIESEC in Surat,GTa,incoming,iGTa,1,1,1,1,0,0,0
2022-06-01,2022,6,Jun,2,AIESEC in Surat,GTe,incoming,iGTe,0,0,0,0,0,0,0
2022-06-01,2022,6,Jun,2,AIESEC in Surat,GV,incoming,iGV,4,2,1,0,0,0,0
2022-06-01,2022,6,Jun,2,AIESEC in Surat,GTa,outgoing,oGTa,3,1,1,1,1,1,1
2022-06-01,2022,6,Jun,2,AIESEC in Surat,GTe,outgoing,oGTe,1,1,0,0,0,0,0
2022-06-01,2022,6,Jun,2,AIESEC in Surat,GV,outgoing,oGV,12,6,4,3,2,2,1
2022-06-01,2022,6,Jun,2,AIESEC in Vellore,GTa,incoming,iGTa,1,1,1,1,1,1,1
2022-06-01,2022,6,Jun,2,AIESEC in Vellore,GTe,incoming,iGTe,0,0,0,0,0,0,0
2022-06-01,2022,6,Jun,2,AIESEC in Vellore,GV,incoming,iGV,1,0,0,0,0,0,0
2022-06-01,2022,6,Jun,2,AIESEC in Vellore,GTa,outgoing,oGTa,4,1,1,1,1,1,0
2022-06-01,2022,6,Jun,2,AIESEC in Vellore,GTe,outgoing,oGTe,0,0,0,0,0,0,0
2022-06-01,2022,6,Jun,2,AIESEC in Vellore,GV,outgoing,oGV,12,4,2,1,1,1,1
2022-07-01,2022,7,Jul,3,AIESEC in Ahmedabad,GTa,incoming,iGTa,2,1,0,0,0,0,0
2022-07-01,2022,7,Jul,3,AIESEC in Ahmedabad,GTe,incoming,iGTe,0,0,0,0,0,0,0
2022-07-01,2022,7,Jul,3,AIESEC in Ahmedabad,GV,incoming,iGV,5,3,1,1,0,0,0
2022-07-01,2022,7,Jul,3,AIESEC in Ahmedabad,GTa,outgoing,oGTa,2,2,2,2,1,1,1
2022-07-01,2022,7,Jul,3,AIESEC in Ahmedabad,GTe,outgoing,oGTe,3,1,1,1,1,1,1
2022-07-01,2022,7,Jul,3,AIESEC in Ahmedabad,GV,outgoing,oGV,13,7,4,3,2,2,2
2022-07-01,2022,7,Jul,3,AIESEC in Bangalore,GTa,incoming,iGTa,2,0,0,0,0,0,0
2022-07-01,2022,7,Jul,3,AIESEC in Bangalore,GTe,incoming,iGTe,0,0,0,0,0,0,0
2022-07-01,2022,7,Jul,3,AIESEC in Bangalore,GV,incoming,iGV,11,3,2,2,1,0,0
2022-07-01,2022,7,Jul,3,AIESEC in Bangalore,GTa,outgoing,oGTa,9,4,2,1,1,1,1
2022-07-01,2022,7,Jul,3,AIESEC in Bangalore,GTe,outgoing,oGTe,0,0,0,0,0,0,0
2022-07-01,2022,7,Jul,3,AIESEC in Bangalore,GV,outgoing,oGV,25,11,6,6,4,4,4
2022-07-01,2022,7,Jul,3,AIESEC in Bhubaneswar,GTa,incoming,iGTa,1,1,0,0,0,0,0
2022-07-01,2022,7,Jul,3,AIESEC in Bhubaneswar,GTe,incoming,iGTe,0,0,0,0,0,0,0
2022-07-01,2022,7,Jul,3,AIESEC in Bhubaneswar,GV,incoming,iGV,6,1,1,1,0,0,0
2022-07-01,2022,7,Jul,3,AIESEC in Bhubaneswar,GTa,outgoing,oGTa,3,3,3,3,2,2,2
2022-07-01,2022,7,Jul,3,AIESEC in Bhubaneswar,GTe,outgoing,oGTe,1,0,0,0,0,0,0
2022-07-01,2022,7,Jul,3,AIESEC in Bhubaneswar,GV,outgoing,oGV,9,2,2,1,1,1,0
2022-07-01,2022,7,Jul,3,AIESEC in Chandigarh,GTa,incoming,iGTa,4,1,1,1,0,0,0
2022-07-01,2022,7,Jul,3,AIESEC in Chandigarh,GTe,incoming,iGTe,1,0,0,0,0,0,0
2022-07-01,2022,7,Jul,3,AIESEC in Chandigarh,GV,incoming,iGV,2,1,1,0,0,0,0
2022-07-01,2022,7,Jul,3,AIESEC in Chandigarh,GTa,outgoing,oGTa,5,3,3,3,3,3,3
2022-07-01,2022,7,Jul,3,AIESEC in Chandigarh,GTe,outgoing,oGTe,0,0,0,0,0,0,0
2022-07-01,2022,7,Jul,3,AIESEC in Chandigarh,GV,outgoing,oGV,18,10,10,8,5,5,4
2022-07-01,2022,7,Jul,3,AIESEC in Chennai,GTa,incoming,iGTa,4,2,2,2,1,1,1
2022-07-01,2022,7,Jul,3,AIESEC in Chennai,GTe,incoming,iGTe,1,0,0,0,0,0,0
2022-07-01,2022,7,Jul,3,AIESEC in Chennai,GV,incoming,iGV,13,7,3,2,1,1,1
2022-07-01,2022,7,Jul,3,AIESEC in Chennai,GTa,outgoing,oGTa,3,1,1,1,1,1,1
2022-07-01,2022,7,Jul,3,AIESEC in Chennai,GTe,outgoing,oGTe,2,0,0,0,0,0,0
2022-07-01,2022,7,Jul,3,AIESEC in Chennai,GV,outgoing,oGV,19,11,6,6,4,4,3
2022-07-01,2022,7,Jul,3,AIESEC in Coimbatore,GTa,incoming,iGTa,1,1,1,1,0,0,0
2022-07-01,2022,7,Jul,3,AIESEC in Coimbatore,GTe,incoming,iGTe,1,1,1,1,0,0,0
2022-07-01,2022,7,Jul,3,AIESEC in Coimbatore,GV,incoming,iGV,5,2,1,1,0,0,0
2022-07-01,2022,7,Jul,3,AIESEC in Coimbatore,GTa,outgoing,oGTa,2,0,0,0,0,0,0
2022-07-01,2022,7,Jul,3,AIESEC in Coimbatore,GTe,outgoing,oGTe,0,0,0,0,0,0,0
2022-07-01,2022,7,Jul,3,AIESEC in Coimbatore,GV,outgoing,oGV,7,2,1,1,1,1,1
2022-07-01,2022,7,Jul,3,AIESEC in Delhi IIT,GTa,incoming,iGTa,7,1,1,1,1,0,0
2022-07-01,2022,7,Jul,3,AIESEC in Delhi IIT,GTe,incoming,iGTe,1,1,1,0,0,0,0
2022-07-01,2022,7,Jul,3,AIESEC in Delhi IIT,GV,incoming,iGV,37,19,11,8,6,6,5
2022-07-01,2022,7,Jul,3,AIESEC in Delhi IIT,GTa,outgoing,oGTa,12,6,6,4,4,3,2
2022-07-01,2022,7,Jul,3,AIESEC in Delhi IIT,GTe,outgoing,oGTe,5,2,2,2,1,1,1
2022-07-01,2022,7,Jul,3,AIESEC in Delhi IIT,GV,outgoing,oGV,82,33,25,17,12,11,8
2022-07-01,2022,7,Jul,3,AIESEC in Delhi University,GTa,incoming,iGTa,5,5,2,1,0,0,0
2022-07-01,2022,7,Jul,3,AIESEC in Delhi University,GTe,incoming,iGTe,4,2,1,1,0,0,0
2022-07-01,2022,7,Jul,3,AIESEC in Delhi University,GV,incoming,iGV,11,4,1,0,0,0,0
2022-07-01,2022,7,Jul,3,AIESEC in Delhi University,GTa,outgoing,oGTa,10,3,3,3,3,3,3
2022-07-01,2022,7,Jul,3,AIESEC in Delhi University,GTe,outgoing,oGTe,7,3,3,3,3,3,3
2022-07-01,2022,7,Jul,3,AIESEC in Delhi University,GV,outgoing,oGV,35,20,12,10,7,6,5
2022-07-01,2022,7,Jul,3,AIESEC in Hyderabad,GTa,incoming,iGTa,0,0,0,0,0,0,0
2022-07-01,2022,7,Jul,3,AIESEC in Hyderabad,GTe,incoming,iGTe,1,0,0,0,0,0,0
2022-07-01,2022,7,Jul,3,AIESEC in Hyderabad,GV,incoming,iGV,7,3,2,1,1,1,0
2022-07-01,2022,7,Jul,3,AIESEC in Hyderabad,GTa,outgoing,oGTa,4,2,1,1,1,1,1
2022-07-01,2022,7,Jul,3,AIESEC in Hyderabad,GTe,outgoing,oGTe,0,0,0,0,0,0,0
2022-07-01,2022,7,Jul,3,AIESEC in Hyderabad,GV,outgoing,oGV,27,8,5,5,4,3,2
2022-07-01,2022,7,Jul,3,AIESEC in Indore,GTa,incoming,iGTa,2,1,1,1,1,0,0
2022-07-01,2022,7,Jul,3,AIESEC in Indore,GTe,incoming,iGTe,1,0,0,0,0,0,0
2022-07-01,2022,7,Jul,3,AIESEC in Indore,GV,incoming,iGV,6,2,2,2,1,1,1
2022-07-01,2022,7,Jul,3,AIESEC in Indore,GTa,outgoing,oGTa,5,0,0,0,0,0,0
2022-07-01,2022,7,Jul,3,AIESEC in Indore,GTe,outgoing,oGTe,2,1,0,0,0,0,0
2022-07-01,2022,7,Jul,3,AIESEC in Indore,GV,outgoing,oGV,8,3,3,1,0,0,0
2022-07-01,2022,7,Jul,3,AIESEC in Jaipur,GTa,incoming,iGTa,1,0,0,0,0,0,0
2022-07-01,2022,7,Jul,3,AIESEC in Jaipur,GTe,incoming,iGTe,0,0,0,0,0,0,0
2022-07-01,2022,7,Jul,3,AIESEC in Jaipur,GV,incoming,iGV,2,2,1,1,1,1,1
2022-07-01,2022,7,Jul,3,AIESEC in Jaipur,GTa,outgoing,oGTa,7,6,5,4,3,3,3
2022-07-01,2022,7,Jul,3,AIESEC in Jaipur,GTe,outgoing,oGTe,0,0,0,0,0,0,0
2022-07-01,2022,7,Jul,3,AIESEC in Jaipur,GV,outgoing,oGV,9,4,2,0,0,0,0
2022-07-01,2022,7,Jul,3,AIESEC in Kochi,GTa,incoming,iGTa,0,0,0,0,0,0,0
2022-07-01,2022,7,Jul,3,AIESEC in Kochi,GTe,incoming,iGTe,0,0,0,0,0,0,0
2022-07-01,2022,7,Jul,3,AIESEC in Kochi,GV,incoming,iGV,10,3,2,2,2,1,1
2022-07-01,2022,7,Jul,3,AIESEC in Kochi,GTa,outgoing,oGTa,3,1,0,0,0,0,0
2022-07-01,2022,7,Jul,3,AIESEC in Kochi,GTe,outgoing,oGTe,2,2,2,2,2,2,0
2022-07-01,2022,7,Jul,3,AIESEC in Kochi,GV,outgoing,oGV,8,6,5,3,3,2,2
2022-07-01,2022,7,Jul,3,AIESEC in Kolkata,GTa,incoming,iGTa,3,3,2,2,1,1,1
2022-07-01,2022,7,Jul,3,AIESEC in Kolkata,GTe,incoming,iGTe,0,0,0,0,0,0,0
2022-07-01,2022,7,Jul,3,AIESEC in Kolkata,GV,incoming,iGV,6,1,1,0,0,0,0
2022-07-01,2022,7,Jul,3,AIESEC in Kolkata,GTa,outgoing,oGTa,3,1,0,0,0,0,0
2022-07-01,2022,7,Jul,3,AIESEC in Kolkata,GTe,outgoing,oGTe,0,0,0,0,0,0,0
2022-07-01,2022,7,Jul,3,AIESEC in Kolkata,GV,outgoing,oGV,14,6,4,3,2,2,2
2022-07-01,2022,7,Jul,3,AIESEC in Lucknow,GTa,incoming,iGTa,2,1,1,0,0,0,0
2022-07-01,2022,7,Jul,3,AIESEC in Lucknow,GTe,incoming,iGTe,1,0,0,0,0,0,0
2022-07-01,2022,7,Jul,3,AIESEC in Lucknow,GV,incoming,iGV,8,3,2,0,0,0,0
2022-07-01,2022,7,Jul,3,AIESEC in Lucknow,GTa,outgoing,oGTa,6,5,3,3,3,3,3
2022-07-01,2022,7,Jul,3,AIESEC in Lucknow,GTe,outgoing,oGTe,2,0,0,0,0,0,0
2022-07-01,2022,7,Jul,3,AIESEC in Lucknow,GV,outgoing,oGV,13,8,5,4,1,1,1
2022-07-01,2022,7,Jul,3,AIESEC in Manipal,GTa,incoming,iGTa,4,2,2,2,2,2,2
2022-07-01,2022,7,Jul,3,AIESEC in Manipal,GTe,incoming,iGTe,1,0,0,0,0,0,0
2022-07-01,2022,7,Jul,3,AIESEC in Manipal,GV,incoming,iGV,2,0,0,0,0,0,0
2022-07-01,2022,7,Jul,3,AIESEC in Manipal,GTa,outgoing,oGTa,3,2,1,1,1,1,1
2022-07-01,2022,7,Jul,3,AIESEC in Manipal,GTe,outgoing,oGTe,2,2,2,2,2,2,2
2022-07-01,2022,7,Jul,3,AIESEC in Manipal,GV,outgoing,oGV,12,3,3,2,2,2,2
2022-07-01,2022,7,Jul,3,AIESEC in Mumbai,GTa,incoming,iGTa,6,1,1,1,1,1,1
2022-07-01,2022,7,Jul,3,AIESEC in Mumbai,GTe,incoming,iGTe,3,1,1,1,1,1,1
2022-07-01,2022,7,Jul,3,AIESEC in Mumbai,GV,incoming,iGV,20,8,5,5,1,0,0
2022-07-01,2022,7,Jul,3,AIESEC in Mumbai,GTa,outgoing,oGTa,9,7,7,7,7,7,7
2022-07-01,2022,7,Jul,3,AIESEC in Mumbai,GTe,outgoing,oGTe,4,1,0,0,0,0,0
2022-07-01,2022,7,Jul,3,AIESEC in Mumbai,GV,outgoing,oGV,34,16,12,11,7,7,5
2022-07-01,2022,7,Jul,3,AIESEC in Nagpur,GTa,incoming,iGTa,2,2,2,2,1,1,1
2022-07-01,2022,7,Jul,3,AIESEC in Nagpur,GTe,incoming,iGTe,0,0,0,0,0,0,0
2022-07-01,2022,7,Jul,3,AIESEC in Nagpur,GV,incoming,iGV,8,4,3,0,0,0,0
2022-07-01,2022,7,Jul,3,AIESEC in Nagpur,GTa,outgoing,oGTa,5,1,1,1,1,1,1
2022-07-01,2022,7,Jul,3,AIESEC in Nagpur,GTe,outgoing,oGTe,0,0,0,0,0,0,0
2022-07-01,2022,7,Jul,3,AIESEC in Nagpur,GV,outgoing,oGV,11,3,2,2,1,1,0
2022-07-01,2022,7,Jul,3,AIESEC in Pune,GTa,incoming,iGTa,3,1,0,0,0,0,0
2022-07-01,2022,7,Jul,3,AIESEC in Pune,GTe,incoming,iGTe,0,0,0,0,0,0,0
2022-07-01,2022,7,Jul,3,AIESEC in Pune,GV,incoming,iGV,11,8,4,4,3,3,3
2022-07-01,2022,7,Jul,3,AIESEC in Pune,GTa,outgoing,oGTa,6,3,2,2,2,2,2
2022-07-01,2022,7,Jul,3,AIESEC in Pune,GTe,outgoing,oGTe,4,2,2,2,0,0,0
2022-07-01,2022,7,Jul,3,AIESEC in Pune,GV,outgoing,oGV,17,8,7,6,5,5,4
2022-07-01,2022,7,Jul,3,AIESEC in Surat,GTa,incoming,iGTa,0,0,0,0,0,0,0
2022-07-01,2022,7,Jul,3,AIESEC in Surat,GTe,incoming,iGTe,0,0,0,0,0,0,0
2022-07-01,2022,7,Jul,3,AIESEC in Surat,GV,incoming,iGV,2,0,0,0,0,0,0
2022-07-01,2022,7,Jul,3,AIESEC in Surat,GTa,outgoing,oGTa,8,4,3,3,3,3,3
2022-07-01,2022,7,Jul,3,AIESEC in Surat,GTe,outgoing,oGTe,1,1,1,1,1,1,1
2022-07-01,2022,7,Jul,3,AIESEC in Surat,GV,outgoing,oGV,7,3,3,2,2,1,1
2022-07-01,2022,7,Jul,3,AIESEC in Vellore,GTa,incoming,iGTa,1,1,0,0,0,0,0
2022-07-01,2022,7,Jul,3,AIESEC in Vellore,GTe,incoming,iGTe,1,0,0,0,0,0,0
2022-07-01,2022,7,Jul,3,AIESEC in Vellore,GV,incoming,iGV,2,2,1,0,0,0,0
2022-07-01,2022,7,Jul,3,AIESEC in Vellore,GTa,outgoing,oGTa,2,1,1,1,1,1,1
2022-07-01,2022,7,Jul,3,AIESEC in Vellore,GTe,outgoing,oGTe,0,0,0,0,0,0,0
2022-07-01,2022,7,Jul,3,AIESEC in Vellore,GV,outgoing,oGV,10,3,3,3,3,3,3
2022-08-01,2022,8,Aug,3,AIESEC in Ahmedabad,GTa,incoming,iGTa,2,1,0,0,0,0,0
2022-08-01,2022,8,Aug,3,AIESEC in Ahmedabad,GTe,incoming,iGTe,0,0,0,0,0,0,0
2022-08-01,2022,8,Aug,3,AIESEC in Ahmedabad,GV,incoming,iGV,4,4,2,1,0,0,0
2022-08-01,2022,8,Aug,3,AIESEC in Ahmedabad,GTa,outgoing,oGTa,5,2,2,2,1,1,1
2022-08-01,2022,8,Aug,3,AIESEC in Ahmedabad,GTe,outgoing,oGTe,0,0,0,0,0,0,0
2022-08-01,2022,8,Aug,3,AIESEC in Ahmedabad,GV,outgoing,oGV,20,12,8,8,6,6,4
2022-08-01,2022,8,Aug,3,AIESEC in Bangalore,GTa,incoming,iGTa,2,2,2,1,1,1,1
2022-08-01,2022,8,Aug,3,AIESEC in Bangalore,GTe,incoming,iGTe,0,0,0,0,0,0,0
2022-08-01,2022,8,Aug,3,AIESEC in Bangalore,GV,incoming,iGV,5,4,3,2,1,1,0
2022-08-01,2022,8,Aug,3,AIESEC in Bangalore,GTa,outgoing,oGTa,6,4,1,1,1,1,1
2022-08-01,2022,8,Aug,3,AIESEC in Bangalore,GTe,outgoing,oGTe,2,1,1,0,0,0,0
2022-08-01,2022,8,Aug,3,AIESEC in Bangalore,GV,outgoing,oGV,25,13,8,4,3,3,3
2022-08-01,2022,8,Aug,3,AIESEC in Bhubaneswar,GTa,incoming,iGTa,0,0,0,0,0,0,0
2022-08-01,2022,8,Aug,3,AIESEC in Bhubaneswar,GTe,incoming,iGTe,0,0,0,0,0,0,0
2022-08-01,2022,8,Aug,3,AIESEC in Bhubaneswar,GV,incoming,iGV,0,0,0,0,0,0,0
2022-08-01,2022,8,Aug,3,AIESEC in Bhubaneswar,GTa,outgoing,oGTa,5,3,3,3,3,3,3
2022-08-01,2022,8,Aug,3,AIESEC in Bhubaneswar,GTe,outgoing,oGTe,1,0,0,0,0,0,0
2022-08-01,2022,8,Aug,3,AIESEC in Bhubaneswar,GV,outgoing,oGV,8,4,3,3,2,2,2
2022-08-01,2022,8,Aug,3,AIESEC in Chandigarh,GTa,incoming,iGTa,4,4,3,3,3,3,3
2022-08-01,2022,8,Aug,3,AIESEC in Chandigarh,GTe,incoming,iGTe,0,0,0,0,0,0,0
2022-08-01,2022,8,Aug,3,AIESEC in Chandigarh,GV,incoming,iGV,3,0,0,0,0,0,0
2022-08-01,2022,8,Aug,3,AIESEC in Chandigarh,GTa,outgoing,oGTa,1,1,0,0,0,0,0
2022-08-01,2022,8,Aug,3,AIESEC in Chandigarh,GTe,outgoing,oGTe,0,0,0,0,0,0,0
2022-08-01,2022,8,Aug,3,AIESEC in Chandigarh,GV,outgoing,oGV,12,5,2,2,2,2,2
2022-08-01,2022,8,Aug,3,AIESEC in Chennai,GTa,incoming,iGTa,1,0,0,0,0,0,0
2022-08-01,2022,8,Aug,3,AIESEC in Chennai,GTe,incoming,iGTe,1,0,0,0,0,0,0
2022-08-01,2022,8,Aug,3,AIESEC in Chennai,GV,incoming,iGV,5,1,0,0,0,0,0
2022-08-01,2022,8,Aug,3,AIESEC in Chennai,GTa,outgoing,oGTa,11,4,3,3,3,3,3
2022-08-01,2022,8,Aug,3,AIESEC in Chennai,GTe,outgoing,oGTe,3,2,2,1,1,1,1
2022-08-01,2022,8,Aug,3,AIESEC in Chennai,GV,outgoing,oGV,23,8,4,4,2,2,2
2022-08-01,2022,8,Aug,3,AIESEC in Coimbatore,GTa,incoming,iGTa,0,0,0,0,0,0,0
2022-08-01,2022,8,Aug,3,AIESEC in Coimbatore,GTe,incoming,iGTe,0,0,0,0,0,0,0
2022-08-01,2022,8,Aug,3,AIESEC in Coimbatore,GV,incoming,iGV,4,0,0,0,0,0,0
2022-08-01,2022,8,Aug,3,AIESEC in Coimbatore,GTa,outgoing,oGTa,4,2,1,1,1,1,1
2022-08-01,2022,8,Aug,3,AIESEC in Coimbatore,GTe,outgoing,oGTe,3,1,0,0,0,0,0
2022-08-01,2022,8,Aug,3,AIESEC in Coimbatore,GV,outgoing,oGV,6,1,0,0,0,0,0
2022-08-01,2022,8,Aug,3,AIESEC in Delhi IIT,GTa,incoming,iGTa,3,0,0,0,0,0,0
2022-08-01,2022,8,Aug,3,AIESEC in Delhi IIT,GTe,incoming,iGTe,2,2,2,2,2,2,2
2022-08-01,2022,8,Aug,3,AIESEC in Delhi IIT,GV,incoming,iGV,26,7,4,4,3,2,2
2022-08-01,2022,8,Aug,3,AIESEC in Delhi IIT,GTa,outgoing,oGTa,11,7,4,4,4,4,4
2022-08-01,2022,8,Aug,3,AIESEC in Delhi IIT,GTe,outgoing,oGTe,12,5,4,3,3,3,3
2022-08-01,2022,8,Aug,3,AIESEC in Delhi IIT,GV,outgoing,oGV,51,21,14,10,9,8,6
2022-08-01,2022,8,Aug,3,AIESEC in Delhi University,GTa,incoming,iGTa,7,2,1,1,1,1,1
2022-08-01,2022,8,Aug,3,AIESEC in Delhi University,GTe,incoming,iGTe,2,0,0,0,0,0,0
2022-08-01,2022,8,Aug,3,AIESEC in Delhi University,GV,incoming,iGV,15,9,7,6,6,6,6
2022-08-01,2022,8,Aug,3,AIESEC in Delhi University,GTa,outgoing,oGTa,11,7,4,4,3,3,3
2022-08-01,2022,8,Aug,3,AIESEC in Delhi University,GTe,outgoing,oGTe,2,1,1,1,1,1,1
2022-08-01,2022,8,Aug,3,AIESEC in Delhi University,GV,outgoing,oGV,25,11,6,4,3,3,3
2022-08-01,2022,8,Aug,3,AIESEC in Hyderabad,GTa,incoming,iGTa,4,1,1,0,0,0,0
2022-08-01,2022,8,Aug,3,AIESEC in Hyderabad,GTe,incoming,iGTe,0,0,0,0,0,0,0
2022-08-01,2022,8,Aug,3,AIESEC in Hyderabad,GV,incoming,iGV,10,2,2,2,1,1,1
2022-08-01,2022,8,Aug,3,AIESEC in Hyderabad,GTa,outgoing,oGTa,4,0,0,0,0,0,0
2022-08-01,2022,8,Aug,3,AIESEC in Hyderabad,GTe,outgoing,oGTe,4,2,2,2,2,2,2
2022-08-01,2022,8,Aug,3,AIESEC in Hyderabad,GV,outgoing,oGV,24,12,5,5,5,5,5
2022-08-01,2022,8,Aug,3,AIESEC in Indore,GTa,incoming,iGTa,2,1,1,1,0,0,0
2022-08-01,2022,8,Aug,3,AIESEC in Indore,GTe,incoming,iGTe,1,0,0,0,0,0,0
2022-08-01,2022,8,Aug,3,AIESEC in Indore,GV,incoming,iGV,6,2,0,0,0,0,0
2022-08-01,2022,8,Aug,3,AIESEC in Indore,GTa,outgoing,oGTa,4,2,2,2,2,2,1
2022-08-01,2022,8,Aug,3,AIESEC in Indore,GTe,outgoing,oGTe,1,1,1,1,1,1,1
2022-08-01,2022,8,Aug,3,AIESEC in Indore,GV,outgoing,oGV,12,6,4,4,3,3,3
2022-08-01,2022,8,Aug,3,AIESEC in Jaipur,GTa,incoming,iGTa,5,2,2,2,1,1,1
2022-08-01,2022,8,Aug,3,AIESEC in Jaipur,GTe,incoming,iGTe,0,0,0,0,0,0,0
2022-08-01,2022,8,Aug,3,AIESEC in Jaipur,GV,incoming,iGV,5,3,3,2,2,2,2
2022-08-01,2022,8,Aug,3,AIESEC in Jaipur,GTa,outgoing,oGTa,1,1,0,0,0,0,0
2022-08-01,2022,8,Aug,3,AIESEC in Jaipur,GTe,outgoing,oGTe,3,0,0,0,0,0,0
2022-08-01,2022,8,Aug,3,AIESEC in Jaipur,GV,outgoing,oGV,19,4,2,2,1,1,0
2022-08-01,2022,8,Aug,3,AIESEC in Kochi,GTa,incoming,iGTa,1,1,1,1,1,1,1
2022-08-01,2022,8,Aug,3,AIESEC in Kochi,GTe,incoming,iGTe,0,0,0,0,0,0,0
2022-08-01,2022,8,Aug,3,AIESEC in Kochi,GV,incoming,iGV,4,2,2,2,2,2,2
2022-08-01,2022,8,Aug,3,AIESEC in Kochi,GTa,outgoing,oGTa,1,1,1,1,1,1,1
2022-08-01,2022,8,Aug,3,AIESEC in Kochi,GTe,outgoing,oGTe,1,0,0,0,0,0,0
2022-08-01,2022,8,Aug,3,AIESEC in Kochi,GV,outgoing,oGV,15,6,5,3,3,3,1
2022-08-01,2022,8,Aug,3,AIESEC in Kolkata,GTa,incoming,iGTa,1,0,0,0,0,0,0
2022-08-01,2022,8,Aug,3,AIESEC in Kolkata,GTe,incoming,iGTe,0,0,0,0,0,0,0
2022-08-01,2022,8,Aug,3,AIESEC in Kolkata,GV,incoming,iGV,11,4,3,2,1,0,0
2022-08-01,2022,8,Aug,3,AIESEC in Kolkata,GTa,outgoing,oGTa,8,5,2,1,1,0,0
2022-08-01,2022,8,Aug,3,AIESEC in Kolkata,GTe,outgoing,oGTe,3,1,1,1,1,1,0
2022-08-01,2022,8,Aug,3,AIESEC in Kolkata,GV,outgoing,oGV,13,8,3,3,3,3,3
2022-08-01,2022,8,Aug,3,AIESEC in Lucknow,GTa,incoming,iGTa,1,1,0,0,0,0,0
2022-08-01,2022,8,Aug,3,AIESEC in Lucknow,GTe,incoming,iGTe,1,0,0,0,0,0,0
2022-08-01,2022,8,Aug,3,AIESEC in Lucknow,GV,incoming,iGV,4,0,0,0,0,0,0
2022-08-01,2022,8,Aug,3,AIESEC in Lucknow,GTa,outgoing,oGTa,2,1,1,1,1,1,1
2022-08-01,2022,8,Aug,3,AIESEC in Lucknow,GTe,outgoing,oGTe,2,1,0,0,0,0,0
2022-08-01,2022,8,Aug,3,AIESEC in Lucknow,GV,outgoing,oGV,8,3,1,0,0,0,0
2022-08-01,2022,8,Aug,3,AIESEC in Manipal,GTa,incoming,iGTa,1,1,1,1,1,1,1
2022-08-01,2022,8,Aug,3,AIESEC in Manipal,GTe,incoming,iGTe,0,0,0,0,0,0,0
2022-08-01,2022,8,Aug,3,AIESEC in Manipal,GV,incoming,iGV,5,2,0,0,0,0,0
2022-08-01,2022,8,Aug,3,AIESEC in Manipal,GTa,outgoing,oGTa,5,2,2,1,1,1,1
2022-08-01,2022,8,Aug,3,AIESEC in Manipal,GTe,outgoing,oGTe,1,1,1,1,1,1,1
2022-08-01,2022,8,Aug,3,AIESEC in Manipal,GV,outgoing,oGV,12,2,1,1,1,1,1
2022-08-01,2022,8,Aug,3,AIESEC in Mumbai,GTa,incoming,iGTa,2,1,0,0,0,0,0
2022-08-01,2022,8,Aug,3,AIESEC in Mumbai,GTe,incoming,iGTe,0,0,0,0,0,0,0
2022-08-01,2022,8,Aug,3,AIESEC in Mumbai,GV,incoming,iGV,7,3,1,1,1,1,1
2022-08-01,2022,8,Aug,3,AIESEC in Mumbai,GTa,outgoing,oGTa,10,6,4,2,2,2,2
2022-08-01,2022,8,Aug,3,AIESEC in Mumbai,GTe,outgoing,oGTe,2,2,1,1,1,1,1
2022-08-01,2022,8,Aug,3,AIESEC in Mumbai,GV,outgoing,oGV,35,16,12,10,9,9,9
2022-08-01,2022,8,Aug,3,AIESEC in Nagpur,GTa,incoming,iGTa,2,1,1,1,1,1,1
2022-08-01,2022,8,Aug,3,AIESEC in Nagpur,GTe,incoming,iGTe,0,0,0,0,0,0,0
2022-08-01,2022,8,Aug,3,AIESEC in Nagpur,GV,incoming,iGV,4,2,1,1,0,0,0
2022-08-01,2022,8,Aug,3,AIESEC in Nagpur,GTa,outgoing,oGTa,2,0,0,0,0,0,0
2022-08-01,2022,8,Aug,3,AIESEC in Nagpur,GTe,outgoing,oGTe,2,2,0,0,0,0,0
2022-08-01,2022,8,Aug,3,AIESEC in Nagpur,GV,outgoing,oGV,10,5,5,5,3,3,2
2022-08-01,2022,8,Aug,3,AIESEC in Pune,GTa,incoming,iGTa,6,4,4,4,3,3,3
2022-08-01,2022,8,Aug,3,AIESEC in Pune,GTe,incoming,iGTe,1,0,0,0,0,0,0
2022-08-01,2022,8,Aug,3,AIESEC in Pune,GV,incoming,iGV,11,3,2,2,1,1,0
2022-08-01,2022,8,Aug,3,AIESEC in Pune,GTa,outgoing,oGTa,5,4,2,2,2,2,2
2022-08-01,2022,8,Aug,3,AIESEC in Pune,GTe,outgoing,oGTe,2,2,0,0,0,0,0
2022-08-01,2022,8,Aug,3,AIESEC in Pune,GV,outgoing,oGV,17,5,2,2,2,2,1
2022-08-01,2022,8,Aug,3,AIESEC in Surat,GTa,incoming,iGTa,0,0,0,0,0,0,0
2022-08-01,2022,8,Aug,3,AIESEC in Surat,GTe,incoming,iGTe,0,0,0,0,0,0,0
2022-08-01,2022,8,Aug,3,AIESEC in Surat,GV,incoming,iGV,5,3,2,1,1,1,1
2022-08-01,2022,8,Aug,3,AIESEC in Surat,GTa,outgoing,oGTa,3,2,2,2,2,2,2
2022-08-01,2022,8,Aug,3,AIESEC in Surat,GTe,outgoing,oGTe,1,1,1,1,1,1,1
2022-08-01,2022,8,Aug,3,AIESEC in Surat,GV,outgoing,oGV,13,5,3,3,3,3,3
2022-08-01,2022,8,Aug,3,AIESEC in Vellore,GTa,incoming,iGTa,1,1,1,1,0,0,0
2022-08-01,2022,8,Aug,3,AIESEC in Vellore,GTe,incoming,iGTe,0,0,0,0,0,0,0
2022-08-01,2022,8,Aug,3,AIESEC in Vellore,GV,incoming,iGV,7,3,1,1,1,1,0
2022-08-01,2022,8,Aug,3,AIESEC in Vellore,GTa,outgoing,oGTa,1,1,1,0,0,0,0
2022-08-01,2022,8,Aug,3,AIESEC in Vellore,GTe,outgoing,oGTe,2,1,1,1,1,1,1
2022-08-01,2022,8,Aug,3,AIESEC in Vellore,GV,outgoing,oGV,4,4,3,3,3,3,3
2022-09-01,2022,9,Sep,3,AIESEC in Ahmedabad,GTa,incoming,iGTa,4,1,0,0,0,0,0
2022-09-01,2022,9,Sep,3,AIESEC in Ahmedabad,GTe,incoming,iGTe,1,1,1,1,1,1,1
2022-09-01,2022,9,Sep,3,AIESEC in Ahmedabad,GV,incoming,iGV,4,1,0,0,0,0,0
2022-09-01,2022,9,Sep,3,AIESEC in Ahmedabad,GTa,outgoing,oGTa,4,1,1,0,0,0,0
2022-09-01,2022,9,Sep,3,AIESEC in Ahmedabad,GTe,outgoing,oGTe,1,1,1,0,0,0,0
2022-09-01,2022,9,Sep,3,AIESEC in Ahmedabad,GV,outgoing,oGV,11,5,4,3,3,3,2
2022-09-01,2022,9,Sep,3,AIESEC in Bangalore,GTa,incoming,iGTa,2,0,0,0,0,0,0
2022-09-01,2022,9,Sep,3,AIESEC in Bangalore,GTe,incoming,iGTe,0,0,0,0,0,0,0
2022-09-01,2022,9,Sep,3,AIESEC in Bangalore,GV,incoming,iGV,1,0,0,0,0,0,0
2022-09-01,2022,9,Sep,3,AIESEC in Bangalore,GTa,outgoing,oGTa,5,3,3,3,3,3,3
2022-09-01,2022,9,Sep,3,AIESEC in Bangalore,GTe,outgoing,oGTe,2,2,1,1,1,1,1
2022-09-01,2022,9,Sep,3,AIESEC in Bangalore,GV,outgoing,oGV,22,12,8,6,3,3,2
2022-09-01,2022,9,Sep,3,AIESEC in Bhubaneswar,GTa,incoming,iGTa,0,0,0,0,0,0,0
2022-09-01,2022,9,Sep,3,AIESEC in Bhubaneswar,GTe,incoming,iGTe,0,0,0,0,0,0,0
2022-09-01,2022,9,Sep,3,AIESEC in Bhubaneswar,GV,incoming,iGV,3,0,0,0,0,0,0
2022-09-01,2022,9,Sep,3,AIESEC in Bhubaneswar,GTa,outgoing,oGTa,3,1,0,0,0,0,0
2022-09-01,2022,9,Sep,3,AIESEC in Bhubaneswar,GTe,outgoing,oGTe,1,0,0,0,0,0,0
2022-09-01,2022,9,Sep,3,AIESEC in Bhubaneswar,GV,outgoing,oGV,15,6,4,3,2,2,2
2022-09-01,2022,9,Sep,3,AIESEC in Chandigarh,GTa,incoming,iGTa,1,0,0,0,0,0,0
2022-09-01,2022,9,Sep,3,AIESEC in Chandigarh,GTe,incoming,iGTe,0,0,0,0,0,0,0
2022-09-01,2022,9,Sep,3,AIESEC in Chandigarh,GV,incoming,iGV,3,2,0,0,0,0,0
2022-09-01,2022,9,Sep,3,AIESEC in Chandigarh,GTa,outgoing,oGTa,8,4,4,3,2,2,2
2022-09-01,2022,9,Sep,3,AIESEC in Chandigarh,GTe,outgoing,oGTe,1,0,0,0,0,0,0
2022-09-01,2022,9,Sep,3,AIESEC in Chandigarh,GV,outgoing,oGV,13,6,4,4,2,2,2
2022-09-01,2022,9,Sep,3,AIESEC in Chennai,GTa,incoming,iGTa,1,0,0,0,0,0,0
2022-09-01,2022,9,Sep,3,AIESEC in Chennai,GTe,incoming,iGTe,1,0,0,0,0,0,0
2022-09-01,2022,9,Sep,3,AIESEC in Chennai,GV,incoming,iGV,7,3,1,1,1,0,0
2022-09-01,2022,9,Sep,3,AIESEC in Chennai,GTa,outgoing,oGTa,4,3,3,3,3,3,3
2022-09-01,2022,9,Sep,3,AIESEC in Chennai,GTe,outgoing,oGTe,4,1,1,1,1,1,1
2022-09-01,2022,9,Sep,3,AIESEC in Chennai,GV,outgoing,oGV,27,10,5,4,3,2,2
2022-09-01,2022,9,Sep,3,AIESEC in Coimbatore,GTa,incoming,iGTa,0,0,0,0,0,0,0
2022-09-01,2022,9,Sep,3,AIESEC in Coimbatore,GTe,incoming,iGTe,0,0,0,0,0,0,0
2022-09-01,2022,9,Sep,3,AIESEC in Coimbatore,GV,incoming,iGV,8,5,3,1,0,0,0
2022-09-01,2022,9,Sep,3,AIESEC in Coimbatore,GTa,outgoing,oGTa,0,0,0,0,0,0,0
2022-09-01,2022,9,Sep,3,AIESEC in Coimbatore,GTe,outgoing,oGTe,1,1,1,1,0,0,0
2022-09-01,2022,9,Sep,3,AIESEC in Coimbatore,GV,outgoing,oGV,5,2,2,2,1,0,0
2022-09-01,2022,9,Sep,3,AIESEC in Delhi IIT,GTa,incoming,iGTa,6,3,2,1,1,1,1
2022-09-01,2022,9,Sep,3,AIESEC in Delhi IIT,GTe,incoming,iGTe,3,1,1,0,0,0,0
2022-09-01,2022,9,Sep,3,AIESEC in Delhi IIT,GV,incoming,iGV,25,7,5,4,3,3,2
2022-09-01,2022,9,Sep,3,AIESEC in Delhi IIT,GTa,outgoing,oGTa,22,8,5,5,5,5,5
2022-09-01,2022,9,Sep,3,AIESEC in Delhi IIT,GTe,outgoing,oGTe,7,2,1,1,0,0,0
2022-09-01,2022,9,Sep,3,AIESEC in Delhi IIT,GV,outgoing,oGV,65,30,21,17,9,9,8
2022-09-01,2022,9,Sep,3,AIESEC in Delhi University,GTa,incoming,iGTa,3,0,0,0,0,0,0
2022-09-01,2022,9,Sep,3,AIESEC in Delhi University,GTe,incoming,iGTe,5,3,2,0,0,0,0
2022-09-01,2022,9,Sep,3,AIESEC in Delhi University,GV,incoming,iGV,9,5,4,3,1,1,1
2022-09-01,2022,9,Sep,3,AIESEC in Delhi University,GTa,outgoing,oGTa,11,7,6,6,3,3,3
2022-09-01,2022,9,Sep,3,AIESEC in Delhi University,GTe,outgoing,oGTe,6,2,1,1,1,0,0
2022-09-01,2022,9,Sep,3,AIESEC in Delhi University,GV,outgoing,oGV,40,19,12,7,6,5,4
2022-09-01,2022,9,Sep,3,AIESEC in Hyderabad,GTa,incoming,iGTa,2,0,0,0,0,0,0
2022-09-01,2022,9,Sep,3,AIESEC in Hyderabad,GTe,incoming,iGTe,1,0,0,0,0,0,0
2022-09-01,2022,9,Sep,3,AIESEC in Hyderabad,GV,incoming,iGV,5,3,2,2,1,1,1
2022-09-01,2022,9,Sep,3,AIESEC in Hyderabad,GTa,outgoing,oGTa,10,2,1,1,1,1,1
2022-09-01,2022,9,Sep,3,AIESEC in Hyderabad,GTe,outgoing,oGTe,4,2,0,0,0,0,0
2022-09-01,2022,9,Sep,3,AIESEC in Hyderabad,GV,outgoing,oGV,17,10,7,6,4,4,4
2022-09-01,2022,9,Sep,3,AIESEC in Indore,GTa,incoming,iGTa,0,0,0,0,0,0,0
2022-09-01,2022,9,Sep,3,AIESEC in Indore,GTe,incoming,iGTe,0,0,0,0,0,0,0
2022-09-01,2022,9,Sep,3,AIESEC in Indore,GV,incoming,iGV,5,0,0,0,0,0,0
2022-09-01,2022,9,Sep,3,AIESEC in Indore,GTa,outgoing,oGTa,3,3,3,2,2,2,2
2022-09-01,2022,9,Sep,3,AIESEC in Indore,GTe,outgoing,oGTe,2,1,1,1,0,0,0
2022-09-01,2022,9,Sep,3,AIESEC in Indore,GV,outgoing,oGV,13,4,2,1,1,1,1
2022-09-01,2022,9,Sep,3,AIESEC in Jaipur,GTa,incoming,iGTa,5,1,1,1,0,0,0
2022-09-01,2022,9,Sep,3,AIESEC in Jaipur,GTe,incoming,iGTe,0,0,0,0,0,0,0
2022-09-01,2022,9,Sep,3,AIESEC in Jaipur,GV,incoming,iGV,8,4,2,2,2,1,1
2022-09-01,2022,9,Sep,3,AIESEC in Jaipur,GTa,outgoing,oGTa,2,0,0,0,0,0,0
2022-09-01,2022,9,Sep,3,AIESEC in Jaipur,GTe,outgoing,oGTe,2,0,0,0,0,0,0
2022-09-01,2022,9,Sep,3,AIESEC in Jaipur,GV,outgoing,oGV,20,10,9,7,6,6,6
2022-09-01,2022,9,Sep,3,AIESEC in Kochi,GTa,incoming,iGTa,0,0,0,0,0,0,0
2022-09-01,2022,9,Sep,3,AIESEC in Kochi,GTe,incoming,iGTe,0,0,0,0,0,0,0
2022-09-01,2022,9,Sep,3,AIESEC in Kochi,GV,incoming,iGV,3,0,0,0,0,0,0
2022-09-01,2022,9,Sep,3,AIESEC in Kochi,GTa,outgoing,oGTa,3,3,2,2,1,1,1
2022-09-01,2022,9,Sep,3,AIESEC in Kochi,GTe,outgoing,oGTe,2,1,1,1,1,1,0
2022-09-01,2022,9,Sep,3,AIESEC in Kochi,GV,outgoing,oGV,9,3,1,1,1,1,1
2022-09-01,2022,9,Sep,3,AIESEC in Kolkata,GTa,incoming,iGTa,4,1,1,1,0,0,0
2022-09-01,2022,9,Sep,3,AIESEC in Kolkata,GTe,incoming,iGTe,0,0,0,0,0,0,0
2022-09-01,2022,9,Sep,3,AIESEC in Kolkata,GV,incoming,iGV,2,0,0,0,0,0,0
2022-09-01,2022,9,Sep,3,AIESEC in Kolkata,GTa,outgoing,oGTa,6,1,1,0,0,0,0
2022-09-01,2022,9,Sep,3,AIESEC in Kolkata,GTe,outgoing,oGTe,0,0,0,0,0,0,0
2022-09-01,2022,9,Sep,3,AIESEC in Kolkata,GV,outgoing,oGV,23,11,8,5,3,2,1
2022-09-01,2022,9,Sep,3,AIESEC in Lucknow,GTa,incoming,iGTa,1,1,1,0,0,0,0
2022-09-01,2022,9,Sep,3,AIESEC in Lucknow,GTe,incoming,iGTe,0,0,0,0,0,0,0
2022-09-01,2022,9,Sep,3,AIESEC in Lucknow,GV,incoming,iGV,3,0,0,0,0,0,0
2022-09-01,2022,9,Sep,3,AIESEC in Lucknow,GTa,outgoing,oGTa,3,2,2,2,1,1,1
2022-09-01,2022,9,Sep,3,AIESEC in Lucknow,GTe,outgoing,oGTe,0,0,0,0,0,0,0
2022-09-01,2022,9,Sep,3,AIESEC in Lucknow,GV,outgoing,oGV,16,6,5,3,2,2,1
2022-09-01,2022,9,Sep,3,AIESEC in Manipal,GTa,incoming,iGTa,2,0,0,0,0,0,0
2022-09-01,2022,9,Sep,3,AIESEC in Manipal,GTe,incoming,iGTe,1,0,0,0,0,0,0
2022-09-01,2022,9,Sep,3,AIESEC in Manipal,GV,incoming,iGV,3,0,0,0,0,0,0
2022-09-01,2022,9,Sep,3,AIESEC in Manipal,GTa,outgoing,oGTa,3,2,1,1,0,0,0
2022-09-01,2022,9,Sep,3,AIESEC in Manipal,GTe,outgoing,oGTe,2,2,2,1,1,1,1
2022-09-01,2022,9,Sep,3,AIESEC in Manipal,GV,outgoing,oGV,19,11,8,5,3,3,2
2022-09-01,2022,9,Sep,3,AIESEC in Mumbai,GTa,incoming,iGTa,5,1,1,1,1,1,1
2022-09-01,2022,9,Sep,3,AIESEC in Mumbai,GTe,incoming,iGTe,0,0,0,0,0,0,0
2022-09-01,2022,9,Sep,3,AIESEC in Mumbai,GV,incoming,iGV,13,4,1,1,1,1,1
2022-09-01,2022,9,Sep,3,AIESEC in Mumbai,GTa,outgoing,oGTa,16,6,4,4,4,4,4
2022-09-01,2022,9,Sep,3,AIESEC in Mumbai,GTe,outgoing,oGTe,3,0,0,0,0,0,0
2022-09-01,2022,9,Sep,3,AIESEC in Mumbai,GV,outgoing,oGV,38,20,11,7,7,6,4
2022-09-01,2022,9,Sep,3,AIESEC in Nagpur,GTa,incoming,iGTa,1,1,1,1,1,1,1
2022-09-01,2022,9,Sep,3,AIESEC in Nagpur,GTe,incoming,iGTe,2,2,2,2,1,1,1
2022-09-01,2022,9,Sep,3,AIESEC in Nagpur,GV,incoming,iGV,2,2,1,0,0,0,0
2022-09-01,2022,9,Sep,3,AIESEC in Nagpur,GTa,outgoing,oGTa,4,1,1,1,0,0,0
2022-09-01,2022,9,Sep,3,AIESEC in Nagpur,GTe,outgoing,oGTe,2,2,1,0,0,0,0
2022-09-01,2022,9,Sep,3,AIESEC in Nagpur,GV,outgoing,oGV,15,5,5,4,2,2,2
2022-09-01,2022,9,Sep,3,AIESEC in Pune,GTa,incoming,iGTa,0,0,0,0,0,0,0
2022-09-01,2022,9,Sep,3,AIESEC in Pune,GTe,incoming,iGTe,1,0,0,0,0,0,0
2022-09-01,2022,9,Sep,3,AIESEC in Pune,GV,incoming,iGV,10,1,1,1,1,0,0
2022-09-01,2022,9,Sep,3,AIESEC in Pune,GTa,outgoing,oGTa,5,3,1,1,0,0,0
2022-09-01,2022,9,Sep,3,AIESEC in Pune,GTe,outgoing,oGTe,1,0,0,0,0,0,0
2022-09-01,2022,9,Sep,3,AIESEC in Pune,GV,outgoing,oGV,35,11,9,6,5,5,4
2022-09-01,2022,9,Sep,3,AIESEC in Surat,GTa,incoming,iGTa,0,0,0,0,0,0,0
2022-09-01,2022,9,Sep,3,AIESEC in Surat,GTe,incoming,iGTe,1,0,0,0,0,0,0
2022-09-01,2022,9,Sep,3,AIESEC in Surat,GV,incoming,iGV,4,1,0,0,0,0,0
2022-09-01,2022,9,Sep,3,AIESEC in Surat,GTa,outgoing,oGTa,2,0,0,0,0,0,0
2022-09-01,2022,9,Sep,3,AIESEC in Surat,GTe,outgoing,oGTe,1,0,0,0,0,0,0
2022-09-01,2022,9,Sep,3,AIESEC in Surat,GV,outgoing,oGV,11,4,3,2,1,1,1
2022-09-01,2022,9,Sep,3,AIESEC in Vellore,GTa,incoming,iGTa,0,0,0,0,0,0,0
2022-09-01,2022,9,Sep,3,AIESEC in Vellore,GTe,incoming,iGTe,0,0,0,0,0,0,0
2022-09-01,2022,9,Sep,3,AIESEC in Vellore,GV,incoming,iGV,1,0,0,0,0,0,0
2022-09-01,2022,9,Sep,3,AIESEC in Vellore,GTa,outgoing,oGTa,1,1,0,0,0,0,0
2022-09-01,2022,9,Sep,3,AIESEC in Vellore,GTe,outgoing,oGTe,1,1,1,1,1,1,1
2022-09-01,2022,9,Sep,3,AIESEC in Vellore,GV,outgoing,oGV,11,3,1,1,1,1,1
2022-10-01,2022,10,Oct,4,AIESEC in Ahmedabad,GTa,incoming,iGTa,0,0,0,0,0,0,0
2022-10-01,2022,10,Oct,4,AIESEC in Ahmedabad,GTe,incoming,iGTe,0,0,0,0,0,0,0
2022-10-01,2022,10,Oct,4,AIESEC in Ahmedabad,GV,incoming,iGV,5,2,1,1,1,1,1
2022-10-01,2022,10,Oct,4,AIESEC in Ahmedabad,GTa,outgoing,oGTa,5,2,1,1,0,0,0
2022-10-01,2022,10,Oct,4,AIESEC in Ahmedabad,GTe,outgoing,oGTe,2,1,1,0,0,0,0
2022-10-01,2022,10,Oct,4,AIESEC in Ahmedabad,GV,outgoing,oGV,13,6,5,5,1,1,1
2022-10-01,2022,10,Oct,4,AIESEC in Bangalore,GTa,incoming,iGTa,1,0,0,0,0,0,0
2022-10-01,2022,10,Oct,4,AIESEC in Bangalore,GTe,incoming,iGTe,2,0,0,0,0,0,0
2022-10-01,2022,10,Oct,4,AIESEC in Bangalore,GV,incoming,iGV,3,1,0,0,0,0,0
2022-10-01,2022,10,Oct,4,AIESEC in Bangalore,GTa,outgoing,oGTa,6,3,3,1,1,1,1
2022-10-01,2022,10,Oct,4,AIESEC in Bangalore,GTe,outgoing,oGTe,1,1,1,1,0,0,0
2022-10-01,2022,10,Oct,4,AIESEC in Bangalore,GV,outgoing,oGV,15,5,3,1,0,0,0
2022-10-01,2022,10,Oct,4,AIESEC in Bhubaneswar,GTa,incoming,iGTa,1,0,0,0,0,0,0
2022-10-01,2022,10,Oct,4,AIESEC in Bhubaneswar,GTe,incoming,iGTe,1,0,0,0,0,0,0
2022-10-01,2022,10,Oct,4,AIESEC in Bhubaneswar,GV,incoming,iGV,4,1,1,1,0,0,0
2022-10-01,2022,10,Oct,4,AIESEC in Bhubaneswar,GTa,outgoing,oGTa,6,3,2,2,2,2,2
2022-10-01,2022,10,Oct,4,AIESEC in Bhubaneswar,GTe,outgoing,oGTe,1,1,1,1,0,0,0
2022-10-01,2022,10,Oct,4,AIESEC in Bhubaneswar,GV,outgoing,oGV,14,5,5,4,4,4,3
2022-10-01,2022,10,Oct,4,AIESEC in Chandigarh,GTa,incoming,iGTa,1,0,0,0,0,0,0
2022-10-01,2022,10,Oct,4,AIESEC in Chandigarh,GTe,incoming,iGTe,0,0,0,0,0,0,0
2022-10-01,2022,10,Oct,4,AIESEC in Chandigarh,GV,incoming,iGV,4,1,1,0,0,0,0
2022-10-01,2022,10,Oct,4,AIESEC in Chandigarh,GTa,outgoing,oGTa,2,1,1,1,1,1,1
2022-10-01,2022,10,Oct,4,AIESEC in Chandigarh,GTe,outgoing,oGTe,0,0,0,0,0,0,0
2022-10-01,2022,10,Oct,4,AIESEC in Chandigarh,GV,outgoing,oGV,12,3,3,3,3,3,3
2022-10-01,2022,10,Oct,4,AIESEC in Chennai,GTa,incoming,iGTa,1,1,0,0,0,0,0
2022-10-01,2022,10,Oct,4,AIESEC in Chennai,GTe,incoming,iGTe,0,0,0,0,0,0,0
2022-10-01,2022,10,Oct,4,AIESEC in Chennai,GV,incoming,iGV,9,4,2,2,1,1,0
2022-10-01,2022,10,Oct,4,AIESEC in Chennai,GTa,outgoing,oGTa,4,1,1,1,0,0,0
2022-10-01,2022,10,Oct,4,AIESEC in Chennai,GTe,outgoing,oGTe,4,1,1,1,1,1,1
2022-10-01,2022,10,Oct,4,AIESEC in Chennai,GV,outgoing,oGV,19,8,6,3,3,3,3
2022-10-01,2022,10,Oct,4,AIESEC in Coimbatore,GTa,incoming,iGTa,1,0,0,0,0,0,0
2022-10-01,2022,10,Oct,4,AIESEC in Coimbatore,GTe,incoming,iGTe,0,0,0,0,0,0,0
2022-10-01,2022,10,Oct,4,AIESEC in Coimbatore,GV,incoming,iGV,3,1,0,0,0,0,0
2022-10-01,2022,10,Oct,4,AIESEC in Coimbatore,GTa,outgoing,oGTa,7,4,3,2,2,2,2
2022-10-01,2022,10,Oct,4,AIESEC in Coimbatore,GTe,outgoing,oGTe,1,0,0,0,0,0,0
2022-10-01,2022,10,Oct,4,AIESEC in Coimbatore,GV,outgoing,oGV,10,2,0,0,0,0,0
2022-10-01,2022,10,Oct,4,AIESEC in Delhi IIT,GTa,incoming,iGTa,10,8,6,6,5,5,5
2022-10-01,2022,10,Oct,4,AIESEC in Delhi IIT,GTe,incoming,iGTe,2,2,0,0,0,0,0
2022-10-01,2022,10,Oct,4,AIESEC in Delhi IIT,GV,incoming,iGV,23,5,4,3,2,2,1
2022-10-01,2022,10,Oct,4,AIESEC in Delhi IIT,GTa,outgoing,oGTa,22,11,10,6,3,3,2
2022-10-01,2022,10,Oct,4,AIESEC in Delhi IIT,GTe,outgoing,oGTe,9,4,4,3,2,2,2
2022-10-01,2022,10,Oct,4,AIESEC in Delhi IIT,GV,outgoing,oGV,77,30,21,14,10,10,8
2022-10-01,2022,10,Oct,4,AIESEC in Delhi University,GTa,incoming,iGTa,2,2,2,1,1,1,1
2022-10-01,2022,10,Oct,4,AIESEC in Delhi University,GTe,incoming,iGTe,2,2,1,1,0,0,0
2022-10-01,2022,10,Oct,4,AIESEC in Delhi University,GV,incoming,iGV,15,4,0,0,0,0,0
2022-10-01,2022,10,Oct,4,AIESEC in Delhi University,GTa,outgoing,oGTa,21,12,11,8,6,6,6
2022-10-01,2022,10,Oct,4,AIESEC in Delhi University,GTe,outgoing,oGTe,8,4,4,3,3,3,3
2022-10-01,2022,10,Oct,4,AIESEC in Delhi University,GV,outgoing,oGV,34,15,6,6,3,3,1
2022-10-01,2022,10,Oct,4,AIESEC in Hyderabad,GTa,incoming,iGTa,1,1,1,1,0,0,0
2022-10-01,2022,10,Oct,4,AIESEC in Hyderabad,GTe,incoming,iGTe,1,0,0,0,0,0,0
2022-10-01,2022,10,Oct,4,AIESEC in Hyderabad,GV,incoming,iGV,7,3,2,1,1,1,1
2022-10-01,2022,10,Oct,4,AIESEC in Hyderabad,GTa,outgoing,oGTa,8,5,4,4,3,2,2
2022-10-01,2022,10,Oct,4,AIESEC in Hyderabad,GTe,outgoing,oGTe,0,0,0,0,0,0,0
2022-10-01,2022,10,Oct,4,AIESEC in Hyderabad,GV,outgoing,oGV,24,17,9,3,2,2,1
2022-10-01,2022,10,Oct,4,AIESEC in Indore,GTa,incoming,iGTa,2,0,0,0,0,0,0
2022-10-01,2022,10,Oct,4,AIESEC in Indore,GTe,incoming,iGTe,0,0,0,0,0,0,0
2022-10-01,2022,10,Oct,4,AIESEC in Indore,GV,incoming,iGV,5,1,1,1,1,1,1
2022-10-01,2022,10,Oct,4,AIESEC in Indore,GTa,outgoing,oGTa,3,2,1,0,0,0,0
2022-10-01,2022,10,Oct,4,AIESEC in Indore,GTe,outgoing,oGTe,1,1,0,0,0,0,0
2022-10-01,2022,10,Oct,4,AIESEC in Indore,GV,outgoing,oGV,9,4,2,2,1,1,1
2022-10-01,2022,10,Oct,4,AIESEC in Jaipur,GTa,incoming,iGTa,4,1,1,1,1,1,1
2022-10-01,2022,10,Oct,4,AIESEC in Jaipur,GTe,incoming,iGTe,0,0,0,0,0,0,0
2022-10-01,2022,10,Oct,4,AIESEC in Jaipur,GV,incoming,iGV,2,1,1,1,0,0,0
2022-10-01,2022,10,Oct,4,AIESEC in Jaipur,GTa,outgoing,oGTa,6,6,3,1,1,1,1
2022-10-01,2022,10,Oct,4,AIESEC in Jaipur,GTe,outgoing,oGTe,4,3,2,1,1,1,1
2022-10-01,2022,10,Oct,4,AIESEC in Jaipur,GV,outgoing,oGV,18,9,7,3,3,3,3
2022-10-01,2022,10,Oct,4,AIESEC in Kochi,GTa,incoming,iGTa,1,1,0,0,0,0,0
2022-10-01,2022,10,Oct,4,AIESEC in Kochi,GTe,incoming,iGTe,1,1,0,0,0,0,0
2022-10-01,2022,10,Oct,4,AIESEC in Kochi,GV,incoming,iGV,2,2,2,1,1,1,0
2022-10-01,2022,10,Oct,4,AIESEC in Kochi,GTa,outgoing,oGTa,1,0,0,0,0,0,0
2022-10-01,2022,10,Oct,4,AIESEC in Kochi,GTe,outgoing,oGTe,0,0,0,0,0,0,0
2022-10-01,2022,10,Oct,4,AIESEC in Kochi,GV,outgoing,oGV,8,3,2,2,1,1,1
2022-10-01,2022,10,Oct,4,AIESEC in Kolkata,GTa,incoming,iGTa,4,3,3,3,2,2,2
2022-10-01,2022,10,Oct,4,AIESEC in Kolkata,GTe,incoming,iGTe,0,0,0,0,0,0,0
2022-10-01,2022,10,Oct,4,AIESEC in Kolkata,GV,incoming,iGV,4,1,0,0,0,0,0
2022-10-01,2022,10,Oct,4,AIESEC in Kolkata,GTa,outgoing,oGTa,7,3,2,2,2,2,2
2022-10-01,2022,10,Oct,4,AIESEC in Kolkata,GTe,outgoing,oGTe,2,1,1,1,1,1,1
2022-10-01,2022,10,Oct,4,AIESEC in Kolkata,GV,outgoing,oGV,19,8,3,2,1,1,1
2022-10-01,2022,10,Oct,4,AIESEC in Lucknow,GTa,incoming,iGTa,1,1,1,0,0,0,0
2022-10-01,2022,10,Oct,4,AIESEC in Lucknow,GTe,incoming,iGTe,1,0,0,0,0,0,0
2022-10-01,2022,10,Oct,4,AIESEC in Lucknow,GV,incoming,iGV,5,1,0,0,0,0,0
2022-10-01,2022,10,Oct,4,AIESEC in Lucknow,GTa,outgoing,oGTa,8,4,4,3,2,2,2
2022-10-01,2022,10,Oct,4,AIESEC in Lucknow,GTe,outgoing,oGTe,2,1,1,0,0,0,0
2022-10-01,2022,10,Oct,4,AIESEC in Lucknow,GV,outgoing,oGV,9,6,3,2,2,2,2
2022-10-01,2022,10,Oct,4,AIESEC in Manipal,GTa,incoming,iGTa,0,0,0,0,0,0,0
2022-10-01,2022,10,Oct,4,AIESEC in Manipal,GTe,incoming,iGTe,0,0,0,0,0,0,0
2022-10-01,2022,10,Oct,4,AIESEC in Manipal,GV,incoming,iGV,3,2,0,0,0,0,0
2022-10-01,2022,10,Oct,4,AIESEC in Manipal,GTa,outgoing,oGTa,4,2,1,1,1,1,1
2022-10-01,2022,10,Oct,4,AIESEC in Manipal,GTe,outgoing,oGTe,1,1,1,1,0,0,0
2022-10-01,2022,10,Oct,4,AIESEC in Manipal,GV,outgoing,oGV,11,6,4,2,1,1,1
2022-10-01,2022,10,Oct,4,AIESEC in Mumbai,GTa,incoming,iGTa,3,1,1,0,0,0,0
2022-10-01,2022,10,Oct,4,AIESEC in Mumbai,GTe,incoming,iGTe,2,1,1,1,0,0,0
2022-10-01,2022,10,Oct,4,AIESEC in Mumbai,GV,incoming,iGV,6,3,0,0,0,0,0
2022-10-01,2022,10,Oct,4,AIESEC in Mumbai,GTa,outgoing,oGTa,11,7,3,3,3,3,3
2022-10-01,2022,10,Oct,4,AIESEC in Mumbai,GTe,outgoing,oGTe,4,2,0,0,0,0,0
2022-10-01,2022,10,Oct,4,AIESEC in Mumbai,GV,outgoing,oGV,38,21,17,10,9,9,8
2022-10-01,2022,10,Oct,4,AIESEC in Nagpur,GTa,incoming,iGTa,0,0,0,0,0,0,0
2022-10-01,2022,10,Oct,4,AIESEC in Nagpur,GTe,incoming,iGTe,1,1,0,0,0,0,0
2022-10-01,2022,10,Oct,4,AIESEC in Nagpur,GV,incoming,iGV,6,1,0,0,0,0,0
2022-10-01,2022,10,Oct,4,AIESEC in Nagpur,GTa,outgoing,oGTa,4,2,2,2,2,2,2
2022-10-01,2022,10,Oct,4,AIESEC in Nagpur,GTe,outgoing,oGTe,1,0,0,0,0,0,0
2022-10-01,2022,10,Oct,4,AIESEC in Nagpur,GV,outgoing,oGV,12,4,2,2,1,1,1
2022-10-01,2022,10,Oct,4,AIESEC in Pune,GTa,incoming,iGTa,5,1,1,0,0,0,0
2022-10-01,2022,10,Oct,4,AIESEC in Pune,GTe,incoming,iGTe,1,0,0,0,0,0,0
2022-10-01,2022,10,Oct,4,AIESEC in Pune,GV,incoming,iGV,6,3,3,2,2,1,1
2022-10-01,2022,10,Oct,4,AIESEC in Pune,GTa,outgoing,oGTa,7,5,4,4,4,4,4
2022-10-01,2022,10,Oct,4,AIESEC in Pune,GTe,outgoing,oGTe,6,3,2,2,2,2,2
2022-10-01,2022,10,Oct,4,AIESEC in Pune,GV,outgoing,oGV,25,13,7,5,4,4,3
2022-10-01,2022,10,Oct,4,AIESEC in Surat,GTa,incoming,iGTa,0,0,0,0,0,0,0
2022-10-01,2022,10,Oct,4,AIESEC in Surat,GTe,incoming,iGTe,1,0,0,0,0,0,0
2022-10-01,2022,10,Oct,4,AIESEC in Surat,GV,incoming,iGV,4,2,2,1,0,0,0
2022-10-01,2022,10,Oct,4,AIESEC in Surat,GTa,outgoing,oGTa,4,2,0,0,0,0,0
2022-10-01,2022,10,Oct,4,AIESEC in Surat,GTe,outgoing,oGTe,1,0,0,0,0,0,0
2022-10-01,2022,10,Oct,4,AIESEC in Surat,GV,outgoing,oGV,14,7,6,4,3,3,3
2022-10-01,2022,10,Oct,4,AIESEC in Vellore,GTa,incoming,iGTa,2,0,0,0,0,0,0
2022-10-01,2022,10,Oct,4,AIESEC in Vellore,GTe,incoming,iGTe,1,1,1,1,1,1,1
2022-10-01,2022,10,Oct,4,AIESEC in Vellore,GV,incoming,iGV,1,0,0,0,0,0,0
2022-10-01,2022,10,Oct,4,AIESEC in Vellore,GTa,outgoing,oGTa,2,1,1,1,0,0,0
2022-10-01,2022,10,Oct,4,AIESEC in Vellore,GTe,outgoing,oGTe,1,0,0,0,0,0,0
2022-10-01,2022,10,Oct,4,AIESEC in Vellore,GV,outgoing,oGV,7,3,2,1,1,1,1
2022-11-01,2022,11,Nov,4,AIESEC in Ahmedabad,GTa,incoming,iGTa,4,2,1,1,1,1,1
2022-11-01,2022,11,Nov,4,AIESEC in Ahmedabad,GTe,incoming,iGTe,0,0,0,0,0,0,0
2022-11-01,2022,11,Nov,4,AIESEC in Ahmedabad,GV,incoming,iGV,6,2,0,0,0,0,0
2022-11-01,2022,11,Nov,4,AIESEC in Ahmedabad,GTa,outgoing,oGTa,8,5,4,3,3,3,3
2022-11-01,2022,11,Nov,4,AIESEC in Ahmedabad,GTe,outgoing,oGTe,3,1,1,1,1,1,1
2022-11-01,2022,11,Nov,4,AIESEC in Ahmedabad,GV,outgoing,oGV,19,8,3,3,3,3,3
2022-11-01,2022,11,Nov,4,AIESEC in Bangalore,GTa,incoming,iGTa,2,2,1,1,1,1,1
2022-11-01,2022,11,Nov,4,AIESEC in Bangalore,GTe,incoming,iGTe,1,1,1,1,1,1,1
2022-11-01,2022,11,Nov,4,AIESEC in Bangalore,GV,incoming,iGV,4,2,1,1,1,1,1
2022-11-01,2022,11,Nov,4,AIESEC in Bangalore,GTa,outgoing,oGTa,8,3,2,2,2,2,2
2022-11-01,2022,11,Nov,4,AIESEC in Bangalore,GTe,outgoing,oGTe,5,1,1,1,1,1,1
2022-11-01,2022,11,Nov,4,AIESEC in Bangalore,GV,outgoing,oGV,25,11,8,7,6,5,5
2022-11-01,2022,11,Nov,4,AIESEC in Bhubaneswar,GTa,incoming,iGTa,0,0,0,0,0,0,0
2022-11-01,2022,11,Nov,4,AIESEC in Bhubaneswar,GTe,incoming,iGTe,1,0,0,0,0,0,0
2022-11-01,2022,11,Nov,4,AIESEC in Bhubaneswar,GV,incoming,iGV,3,2,2,1,0,0,0
2022-11-01,2022,11,Nov,4,AIESEC in Bhubaneswar,GTa,outgoing,oGTa,5,3,2,2,2,2,2
2022-11-01,2022,11,Nov,4,AIESEC in Bhubaneswar,GTe,outgoing,oGTe,4,0,0,0,0,0,0
2022-11-01,2022,11,Nov,4,AIESEC in Bhubaneswar,GV,outgoing,oGV,9,4,1,1,0,0,0
2022-11-01,2022,11,Nov,4,AIESEC in Chandigarh,GTa,incoming,iGTa,1,0,0,0,0,0,0
2022-11-01,2022,11,Nov,4,AIESEC in Chandigarh,GTe,incoming,iGTe,0,0,0,0,0,0,0
2022-11-01,2022,11,Nov,4,AIESEC in Chandigarh,GV,incoming,iGV,3,2,0,0,0,0,0
2022-11-01,2022,11,Nov,4,AIESEC in Chandigarh,GTa,outgoing,oGTa,9,5,3,2,2,2,2
2022-11-01,2022,11,Nov,4,AIESEC in Chandigarh,GTe,outgoing,oGTe,1,0,0,0,0,0,0
2022-11-01,2022,11,Nov,4,AIESEC in Chandigarh,GV,outgoing,oGV,13,6,4,3,3,3,3
2022-11-01,2022,11,Nov,4,AIESEC in Chennai,GTa,incoming,iGTa,4,0,0,0,0,0,0
2022-11-01,2022,11,Nov,4,AIESEC in Chennai,GTe,incoming,iGTe,3,2,2,2,2,1,1
2022-11-01,2022,11,Nov,4,AIESEC in Chennai,GV,incoming,iGV,11,5,1,1,0,0,0
2022-11-01,2022,11,Nov,4,AIESEC in Chennai,GTa,outgoing,oGTa,7,5,3,3,3,3,3
2022-11-01,2022,11,Nov,4,AIESEC in Chennai,GTe,outgoing,oGTe,4,1,0,0,0,0,0
2022-11-01,2022,11,Nov,4,AIESEC in Chennai,GV,outgoing,oGV,28,14,10,8,6,6,4
2022-11-01,2022,11,Nov,4,AIESEC in Coimbatore,GTa,incoming,iGTa,3,2,0,0,0,0,0
2022-11-01,2022,11,Nov,4,AIESEC in Coimbatore,GTe,incoming,iGTe,0,0,0,0,0,0,0
2022-11-01,2022,11,Nov,4,AIESEC in Coimbatore,GV,incoming,iGV,5,2,2,2,1,1,1
2022-11-01,2022,11,Nov,4,AIESEC in Coimbatore,GTa,outgoing,oGTa,0,0,0,0,0,0,0
2022-11-01,2022,11,Nov,4,AIESEC in Coimbatore,GTe,outgoing,oGTe,2,1,1,1,1,1,1
2022-11-01,2022,11,Nov,4,AIESEC in Coimbatore,GV,outgoing,oGV,19,7,2,2,2,2,2
2022-11-01,2022,11,Nov,4,AIESEC in Delhi IIT,GTa,incoming,iGTa,12,7,6,4,4,4,4
2022-11-01,2022,11,Nov,4,AIESEC in Delhi IIT,GTe,incoming,iGTe,3,1,1,1,0,0,0
2022-11-01,2022,11,Nov,4,AIESEC in Delhi IIT,GV,incoming,iGV,33,13,7,3,3,3,3
2022-11-01,2022,11,Nov,4,AIESEC in Delhi IIT,GTa,outgoing,oGTa,25,10,6,4,3,3,3
2022-11-01,2022,11,Nov,4,AIESEC in Delhi IIT,GTe,outgoing,oGTe,13,7,5,4,3,3,3
2022-11-01,2022,11,Nov,4,AIESEC in Delhi IIT,GV,outgoing,oGV,83,30,16,16,12,12,10
2022-11-01,2022,11,Nov,4,AIESEC in Delhi University,GTa,incoming,iGTa,6,3,2,1,1,1,1
2022-11-01,2022,11,Nov,4,AIESEC in Delhi University,GTe,incoming,iGTe,1,0,0,0,0,0,0
2022-11-01,2022,11,Nov,4,AIESEC in Delhi University,GV,incoming,iGV,16,9,5,4,2,2,2
2022-11-01,2022,11,Nov,4,AIESEC in Delhi University,GTa,outgoing,oGTa,16,10,8,7,7,7,7
2022-11-01,2022,11,Nov,4,AIESEC in Delhi University,GTe,outgoing,oGTe,6,2,1,1,1,1,1
2022-11-01,2022,11,Nov,4,AIESEC in Delhi University,GV,outgoing,oGV,43,19,11,11,8,7,7
2022-11-01,2022,11,Nov,4,AIESEC in Hyderabad,GTa,incoming,iGTa,2,2,1,1,0,0,0
2022-11-01,2022,11,Nov,4,AIESEC in Hyderabad,GTe,incoming,iGTe,0,0,0,0,0,0,0
2022-11-01,2022,11,Nov,4,AIESEC in Hyderabad,GV,incoming,iGV,8,3,2,0,0,0,0
2022-11-01,2022,11,Nov,4,AIESEC in Hyderabad,GTa,outgoing,oGTa,4,4,4,4,3,3,3
2022-11-01,2022,11,Nov,4,AIESEC in Hyderabad,GTe,outgoing,oGTe,1,0,0,0,0,0,0
2022-11-01,2022,11,Nov,4,AIESEC in Hyderabad,GV,outgoing,oGV,26,11,5,4,4,4,4
2022-11-01,2022,11,Nov,4,AIESEC in Indore,GTa,incoming,iGTa,0,0,0,0,0,0,0
2022-11-01,2022,11,Nov,4,AIESEC in Indore,GTe,incoming,iGTe,0,0,0,0,0,0,0
2022-11-01,2022,11,Nov,4,AIESEC in Indore,GV,incoming,iGV,6,5,4,3,3,2,2
2022-11-01,2022,11,Nov,4,AIESEC in Indore,GTa,outgoing,oGTa,3,1,0,0,0,0,0
2022-11-01,2022,11,Nov,4,AIESEC in Indore,GTe,outgoing,oGTe,1,1,0,0,0,0,0
2022-11-01,2022,11,Nov,4,AIESEC in Indore,GV,outgoing,oGV,15,5,3,1,1,1,1
2022-11-01,2022,11,Nov,4,AIESEC in Jaipur,GTa,incoming,iGTa,3,0,0,0,0,0,0
2022-11-01,2022,11,Nov,4,AIESEC in Jaipur,GTe,incoming,iGTe,1,1,1,0,0,0,0
2022-11-01,2022,11,Nov,4,AIESEC in Jaipur,GV,incoming,iGV,2,0,0,0,0,0,0
2022-11-01,2022,11,Nov,4,AIESEC in Jaipur,GTa,outgoing,oGTa,8,3,3,2,2,2,2
2022-11-01,2022,11,Nov,4,AIESEC in Jaipur,GTe,outgoing,oGTe,4,2,1,1,1,1,1
2022-11-01,2022,11,Nov,4,AIESEC in Jaipur,GV,outgoing,oGV,20,7,6,4,4,3,3
2022-11-01,2022,11,Nov,4,AIESEC in Kochi,GTa,incoming,iGTa,0,0,0,0,0,0,0
2022-11-01,2022,11,Nov,4,AIESEC in Kochi,GTe,incoming,iGTe,0,0,0,0,0,0,0
2022-11-01,2022,11,Nov,4,AIESEC in Kochi,GV,incoming,iGV,2,2,2,1,0,0,0
2022-11-01,2022,11,Nov,4,AIESEC in Kochi,GTa,outgoing,oGTa,6,3,2,2,2,2,2
2022-11-01,2022,11,Nov,4,AIESEC in Kochi,GTe,outgoing,oGTe,1,0,0,0,0,0,0
2022-11-01,2022,11,Nov,4,AIESEC in Kochi,GV,outgoing,oGV,13,6,2,2,1,1,0
2022-11-01,2022,11,Nov,4,AIESEC in Kolkata,GTa,incoming,iGTa,0,0,0,0,0,0,0
2022-11-01,2022,11,Nov,4,AIESEC in Kolkata,GTe,incoming,iGTe,1,1,1,1,1,1,1
2022-11-01,2022,11,Nov,4,AIESEC in Kolkata,GV,incoming,iGV,6,3,2,2,2,2,1
2022-11-01,2022,11,Nov,4,AIESEC in Kolkata,GTa,outgoing,oGTa,10,4,4,4,4,4,3
2022-11-01,2022,11,Nov,4,AIESEC in Kolkata,GTe,outgoing,oGTe,3,1,0,0,0,0,0
2022-11-01,2022,11,Nov,4,AIESEC in Kolkata,GV,outgoing,oGV,17,5,3,3,1,1,1
2022-11-01,2022,11,Nov,4,AIESEC in Lucknow,GTa,incoming,iGTa,2,1,0,0,0,0,0
2022-11-01,2022,11,Nov,4,AIESEC in Lucknow,GTe,incoming,iGTe,0,0,0,0,0,0,0
2022-11-01,2022,11,Nov,4,AIESEC in Lucknow,GV,incoming,iGV,6,2,1,0,0,0,0
2022-11-01,2022,11,Nov,4,AIESEC in Lucknow,GTa,outgoing,oGTa,8,1,1,1,1,1,1
2022-11-01,2022,11,Nov,4,AIESEC in Lucknow,GTe,outgoing,oGTe,1,0,0,0,0,0,0
2022-11-01,2022,11,Nov,4,AIESEC in Lucknow,GV,outgoing,oGV,19,7,2,2,2,2,2
2022-11-01,2022,11,Nov,4,AIESEC in Manipal,GTa,incoming,iGTa,2,0,0,0,0,0,0
2022-11-01,2022,11,Nov,4,AIESEC in Manipal,GTe,incoming,iGTe,0,0,0,0,0,0,0
2022-11-01,2022,11,Nov,4,AIESEC in Manipal,GV,incoming,iGV,2,1,1,1,1,1,1
2022-11-01,2022,11,Nov,4,AIESEC in Manipal,GTa,outgoing,oGTa,3,1,0,0,0,0,0
2022-11-01,2022,11,Nov,4,AIESEC in Manipal,GTe,outgoing,oGTe,0,0,0,0,0,0,0
2022-11-01,2022,11,Nov,4,AIESEC in Manipal,GV,outgoing,oGV,13,10,7,6,4,4,2
2022-11-01,2022,11,Nov,4,AIESEC in Mumbai,GTa,incoming,iGTa,5,2,2,1,1,0,0
2022-11-01,2022,11,Nov,4,AIESEC in Mumbai,GTe,incoming,iGTe,0,0,0,0,0,0,0
2022-11-01,2022,11,Nov,4,AIESEC in Mumbai,GV,incoming,iGV,21,8,3,3,2,2,2
2022-11-01,2022,11,Nov,4,AIESEC in Mumbai,GTa,outgoing,oGTa,13,5,2,2,1,1,1
2022-11-01,2022,11,Nov,4,AIESEC in Mumbai,GTe,outgoing,oGTe,2,1,0,0,0,0,0
2022-11-01,2022,11,Nov,4,AIESEC in Mumbai,GV,outgoing,oGV,33,10,8,5,3,2,2
2022-11-01,2022,11,Nov,4,AIESEC in Nagpur,GTa,incoming,iGTa,1,0,0,0,0,0,0
2022-11-01,2022,11,Nov,4,AIESEC in Nagpur,GTe,incoming,iGTe,0,0,0,0,0,0,0
2022-11-01,2022,11,Nov,4,AIESEC in Nagpur,GV,incoming,iGV,9,4,3,1,0,0,0
2022-11-01,2022,11,Nov,4,AIESEC in Nagpur,GTa,outgoing,oGTa,3,2,1,1,1,0,0
2022-11-01,2022,11,Nov,4,AIESEC in Nagpur,GTe,outgoing,oGTe,3,2,1,1,1,1,1
2022-11-01,2022,11,Nov,4,AIESEC in Nagpur,GV,outgoing,oGV,21,4,3,2,1,1,1
2022-11-01,2022,11,Nov,4,AIESEC in Pune,GTa,incoming,iGTa,0,0,0,0,0,0,0
2022-11-01,2022,11,Nov,4,AIESEC in Pune,GTe,incoming,iGTe,0,0,0,0,0,0,0
2022-11-01,2022,11,Nov,4,AIESEC in Pune,GV,incoming,iGV,13,8,3,2,0,0,0
2022-11-01,2022,11,Nov,4,AIESEC in Pune,GTa,outgoing,oGTa,8,5,3,3,3,3,3
2022-11-01,2022,11,Nov,4,AIESEC in Pune,GTe,outgoing,oGTe,7,3,3,3,0,0,0
2022-11-01,2022,11,Nov,4,AIESEC in Pune,GV,outgoing,oGV,41,20,16,10,8,7,6
2022-11-01,2022,11,Nov,4,AIESEC in Surat,GTa,incoming,iGTa,2,0,0,0,0,0,0
2022-11-01,2022,11,Nov,4,AIESEC in Surat,GTe,incoming,iGTe,0,0,0,0,0,0,0
2022-11-01,2022,11,Nov,4,AIESEC in Surat,GV,incoming,iGV,7,5,4,3,1,0,0
2022-11-01,2022,11,Nov,4,AIESEC in Surat,GTa,outgoing,oGTa,3,1,0,0,0,0,0
2022-11-01,2022,11,Nov,4,AIESEC in Surat,GTe,outgoing,oGTe,0,0,0,0,0,0,0
2022-11-01,2022,11,Nov,4,AIESEC in Surat,GV,outgoing,oGV,9,6,2,2,2,2,2
2022-11-01,2022,11,Nov,4,AIESEC in Vellore,GTa,incoming,iGTa,0,0,0,0,0,0,0
2022-11-01,2022,11,Nov,4,AIESEC in Vellore,GTe,incoming,iGTe,0,0,0,0,0,0,0
2022-11-01,2022,11,Nov,4,AIESEC in Vellore,GV,incoming,iGV,3,1,1,0,0,0,0
2022-11-01,2022,11,Nov,4,AIESEC in Vellore,GTa,outgoing,oGTa,6,2,2,1,1,1,0
2022-11-01,2022,11,Nov,4,AIESEC in Vellore,GTe,outgoing,oGTe,1,1,1,1,1,1,1
2022-11-01,2022,11,Nov,4,AIESEC in Vellore,GV,outgoing,oGV,9,4,2,1,0,0,0
2022-12-01,2022,12,Dec,4,AIESEC in Ahmedabad,GTa,incoming,iGTa,2,1,1,1,1,1,1
2022-12-01,2022,12,Dec,4,AIESEC in Ahmedabad,GTe,incoming,iGTe,0,0,0,0,0,0,0
2022-12-01,2022,12,Dec,4,AIESEC in Ahmedabad,GV,incoming,iGV,9,4,3,3,3,3,3
2022-12-01,2022,12,Dec,4,AIESEC in Ahmedabad,GTa,outgoing,oGTa,4,3,3,2,2,1,1
2022-12-01,2022,12,Dec,4,AIESEC in Ahmedabad,GTe,outgoing,oGTe,5,2,2,2,1,1,1
2022-12-01,2022,12,Dec,4,AIESEC in Ahmedabad,GV,outgoing,oGV,22,9,2,0,0,0,0
2022-12-01,2022,12,Dec,4,AIESEC in Bangalore,GTa,incoming,iGTa,4,1,1,0,0,0,0
2022-12-01,2022,12,Dec,4,AIESEC in Bangalore,GTe,incoming,iGTe,1,1,1,0,0,0,0
2022-12-01,2022,12,Dec,4,AIESEC in Bangalore,GV,incoming,iGV,16,9,5,5,2,2,2
2022-12-01,2022,12,Dec,4,AIESEC in Bangalore,GTa,outgoing,oGTa,11,5,3,3,3,3,3
2022-12-01,2022,12,Dec,4,AIESEC in Bangalore,GTe,outgoing,oGTe,3,2,1,1,1,1,1
2022-12-01,2022,12,Dec,4,AIESEC in Bangalore,GV,outgoing,oGV,14,5,4,2,0,0,0
2022-12-01,2022,12,Dec,4,AIESEC in Bhubaneswar,GTa,incoming,iGTa,1,1,1,1,1,1,1
2022-12-01,2022,12,Dec,4,AIESEC in Bhubaneswar,GTe,incoming,iGTe,0,0,0,0,0,0,0
2022-12-01,2022,12,Dec,4,AIESEC in Bhubaneswar,GV,incoming,iGV,10,3,3,2,1,0,0
2022-12-01,2022,12,Dec,4,AIESEC in Bhubaneswar,GTa,outgoing,oGTa,5,4,3,3,3,3,3
2022-12-01,2022,12,Dec,4,AIESEC in Bhubaneswar,GTe,outgoing,oGTe,1,1,1,1,1,0,0
2022-12-01,2022,12,Dec,4,AIESEC in Bhubaneswar,GV,outgoing,oGV,16,5,5,4,1,1,1
2022-12-01,2022,12,Dec,4,AIESEC in Chandigarh,GTa,incoming,iGTa,1,0,0,0,0,0,0
2022-12-01,2022,12,Dec,4,AIESEC in Chandigarh,GTe,incoming,iGTe,0,0,0,0,0,0,0
2022-12-01,2022,12,Dec,4,AIESEC in Chandigarh,GV,incoming,iGV,4,1,1,1,1,0,0
2022-12-01,2022,12,Dec,4,AIESEC in Chandigarh,GTa,outgoing,oGTa,6,3,2,2,2,2,2
2022-12-01,2022,12,Dec,4,AIESEC in Chandigarh,GTe,outgoing,oGTe,3,3,2,2,2,1,1
2022-12-01,2022,12,Dec,4,AIESEC in Chandigarh,GV,outgoing,oGV,23,9,4,4,2,2,2
2022-12-01,2022,12,Dec,4,AIESEC in Chennai,GTa,incoming,iGTa,7,4,3,3,3,3,3
2022-12-01,2022,12,Dec,4,AIESEC in Chennai,GTe,incoming,iGTe,2,1,0,0,0,0,0
2022-12-01,2022,12,Dec,4,AIESEC in Chennai,GV,incoming,iGV,9,6,3,3,3,2,2
2022-12-01,2022,12,Dec,4,AIESEC in Chennai,GTa,outgoing,oGTa,14,8,5,3,2,2,2
2022-12-01,2022,12,Dec,4,AIESEC in Chennai,GTe,outgoing,oGTe,1,1,0,0,0,0,0
2022-12-01,2022,12,Dec,4,AIESEC in Chennai,GV,outgoing,oGV,31,21,12,11,7,7,6
2022-12-01,2022,12,Dec,4,AIESEC in Coimbatore,GTa,incoming,iGTa,1,1,0,0,0,0,0
2022-12-01,2022,12,Dec,4,AIESEC in Coimbatore,GTe,incoming,iGTe,2,1,1,1,0,0,0
2022-12-01,2022,12,Dec,4,AIESEC in Coimbatore,GV,incoming,iGV,6,1,0,0,0,0,0
2022-12-01,2022,12,Dec,4,AIESEC in Coimbatore,GTa,outgoing,oGTa,3,2,1,1,1,1,1
2022-12-01,2022,12,Dec,4,AIESEC in Coimbatore,GTe,outgoing,oGTe,1,0,0,0,0,0,0
2022-12-01,2022,12,Dec,4,AIESEC in Coimbatore,GV,outgoing,oGV,9,5,2,2,2,2,2
2022-12-01,2022,12,Dec,4,AIESEC in Delhi IIT,GTa,incoming,iGTa,9,5,5,4,2,2,2
2022-12-01,2022,12,Dec,4,AIESEC in Delhi IIT,GTe,incoming,iGTe,5,3,0,0,0,0,0
2022-12-01,2022,12,Dec,4,AIESEC in Delhi IIT,GV,incoming,iGV,28,15,9,9,8,8,7
2022-12-01,2022,12,Dec,4,AIESEC in Delhi IIT,GTa,outgoing,oGTa,31,15,11,10,10,10,10
2022-12-01,2022,12,Dec,4,AIESEC in Delhi IIT,GTe,outgoing,oGTe,12,7,1,1,1,1,1
2022-12-01,2022,12,Dec,4,AIESEC in Delhi IIT,GV,outgoing,oGV,92,39,25,19,16,15,13
2022-12-01,2022,12,Dec,4,AIESEC in Delhi University,GTa,incoming,iGTa,7,1,1,0,0,0,0
2022-12-01,2022,12,Dec,4,AIESEC in Delhi University,GTe,incoming,iGTe,2,1,1,1,1,1,1
2022-12-01,2022,12,Dec,4,AIESEC in Delhi University,GV,incoming,iGV,17,7,5,2,2,1,1
2022-12-01,2022,12,Dec,4,AIESEC in Delhi University,GTa,outgoing,oGTa,22,11,9,9,7,7,7
2022-12-01,2022,12,Dec,4,AIESEC in Delhi University,GTe,outgoing,oGTe,8,4,3,2,1,1,1
2022-12-01,2022,12,Dec,4,AIESEC in Delhi University,GV,outgoing,oGV,52,24,14,11,9,7,5
2022-12-01,2022,12,Dec,4,AIESEC in Hyderabad,GTa,incoming,iGTa,3,1,1,1,0,0,0
2022-12-01,2022,12,Dec,4,AIESEC in Hyderabad,GTe,incoming,iGTe,3,3,1,0,0,0,0
2022-12-01,2022,12,Dec,4,AIESEC in Hyderabad,GV,incoming,iGV,9,4,2,1,1,1,1
2022-12-01,2022,12,Dec,4,AIESEC in Hyderabad,GTa,outgoing,oGTa,13,6,4,4,3,3,3
2022-12-01,2022,12,Dec,4,AIESEC in Hyderabad,GTe,outgoing,oGTe,4,2,2,2,1,1,1
2022-12-01,2022,12,Dec,4,AIESEC in Hyderabad,GV,outgoing,oGV,23,7,2,2,2,2,2
2022-12-01,2022,12,Dec,4,AIESEC in Indore,GTa,incoming,iGTa,3,0,0,0,0,0,0
2022-12-01,2022,12,Dec,4,AIESEC in Indore,GTe,incoming,iGTe,0,0,0,0,0,0,0
2022-12-01,2022,12,Dec,4,AIESEC in Indore,GV,incoming,iGV,8,2,2,0,0,0,0
2022-12-01,2022,12,Dec,4,AIESEC in Indore,GTa,outgoing,oGTa,6,1,0,0,0,0,0
2022-12-01,2022,12,Dec,4,AIESEC in Indore,GTe,outgoing,oGTe,2,1,1,1,1,1,1
2022-12-01,2022,12,Dec,4,AIESEC in Indore,GV,outgoing,oGV,19,6,5,4,3,3,3
2022-12-01,2022,12,Dec,4,AIESEC in Jaipur,GTa,incoming,iGTa,0,0,0,0,0,0,0
2022-12-01,2022,12,Dec,4,AIESEC in Jaipur,GTe,incoming,iGTe,1,0,0,0,0,0,0
2022-12-01,2022,12,Dec,4,AIESEC in Jaipur,GV,incoming,iGV,6,2,2,1,1,1,1
2022-12-01,2022,12,Dec,4,AIESEC in Jaipur,GTa,outgoing,oGTa,4,3,1,1,0,0,0
2022-12-01,2022,12,Dec,4,AIESEC in Jaipur,GTe,outgoing,oGTe,2,1,0,0,0,0,0
2022-12-01,2022,12,Dec,4,AIESEC in Jaipur,GV,outgoing,oGV,15,8,5,4,2,2,2
2022-12-01,2022,12,Dec,4,AIESEC in Kochi,GTa,incoming,iGTa,4,3,2,2,2,2,2
2022-12-01,2022,12,Dec,4,AIESEC in Kochi,GTe,incoming,iGTe,0,0,0,0,0,0,0
2022-12-01,2022,12,Dec,4,AIESEC in Kochi,GV,incoming,iGV,4,2,0,0,0,0,0
2022-12-01,2022,12,Dec,4,AIESEC in Kochi,GTa,outgoing,oGTa,5,1,1,1,1,1,1
2022-12-01,2022,12,Dec,4,AIESEC in Kochi,GTe,outgoing,oGTe,2,1,1,1,0,0,0
2022-12-01,2022,12,Dec,4,AIESEC in Kochi,GV,outgoing,oGV,19,9,5,5,3,3,2
2022-12-01,2022,12,Dec,4,AIESEC in Kolkata,GTa,incoming,iGTa,1,0,0,0,0,0,0
2022-12-01,2022,12,Dec,4,AIESEC in Kolkata,GTe,incoming,iGTe,3,1,1,1,1,1,1
2022-12-01,2022,12,Dec,4,AIESEC in Kolkata,GV,incoming,iGV,11,6,3,2,1,1,1
2022-12-01,2022,12,Dec,4,AIESEC in Kolkata,GTa,outgoing,oGTa,10,6,5,5,5,5,5
2022-12-01,2022,12,Dec,4,AIESEC in Kolkata,GTe,outgoing,oGTe,2,0,0,0,0,0,0
2022-12-01,2022,12,Dec,4,AIESEC in Kolkata,GV,outgoing,oGV,25,7,3,3,2,2,2
2022-12-01,2022,12,Dec,4,AIESEC in Lucknow,GTa,incoming,iGTa,2,0,0,0,0,0,0
2022-12-01,2022,12,Dec,4,AIESEC in Lucknow,GTe,incoming,iGTe,1,0,0,0,0,0,0
2022-12-01,2022,12,Dec,4,AIESEC in Lucknow,GV,incoming,iGV,7,4,2,1,1,1,1
2022-12-01,2022,12,Dec,4,AIESEC in Lucknow,GTa,outgoing,oGTa,8,5,4,4,4,4,4
2022-12-01,2022,12,Dec,4,AIESEC in Lucknow,GTe,outgoing,oGTe,3,1,1,1,1,1,1
2022-12-01,2022,12,Dec,4,AIESEC in Lucknow,GV,outgoing,oGV,25,12,9,9,6,6,6
2022-12-01,2022,12,Dec,4,AIESEC in Manipal,GTa,incoming,iGTa,3,1,1,1,1,1,1
2022-12-01,2022,12,Dec,4,AIESEC in Manipal,GTe,incoming,iGTe,1,0,0,0,0,0,0
2022-12-01,2022,12,Dec,4,AIESEC in Manipal,GV,incoming,iGV,4,0,0,0,0,0,0
2022-12-01,2022,12,Dec,4,AIESEC in Manipal,GTa,outgoing,oGTa,12,6,6,6,6,6,6
2022-12-01,2022,12,Dec,4,AIESEC in Manipal,GTe,outgoing,oGTe,0,0,0,0,0,0,0
2022-12-01,2022,12,Dec,4,AIESEC in Manipal,GV,outgoing,oGV,10,5,1,0,0,0,0
2022-12-01,2022,12,Dec,4,AIESEC in Mumbai,GTa,incoming,iGTa,5,3,3,1,1,1,1
2022-12-01,2022,12,Dec,4,AIESEC in Mumbai,GTe,incoming,iGTe,2,1,1,1,1,1,1
2022-12-01,2022,12,Dec,4,AIESEC in Mumbai,GV,incoming,iGV,19,14,13,12,11,10,8
2022-12-01,2022,12,Dec,4,AIESEC in Mumbai,GTa,outgoing,oGTa,9,2,1,0,0,0,0
2022-12-01,2022,12,Dec,4,AIESEC in Mumbai,GTe,outgoing,oGTe,10,8,8,7,6,6,6
2022-12-01,2022,12,Dec,4,AIESEC in Mumbai,GV,outgoing,oGV,49,29,18,13,10,9,8
2022-12-01,2022,12,Dec,4,AIESEC in Nagpur,GTa,incoming,iGTa,2,2,0,0,0,0,0
2022-12-01,2022,12,Dec,4,AIESEC in Nagpur,GTe,incoming,iGTe,1,0,0,0,0,0,0
2022-12-01,2022,12,Dec,4,AIESEC in Nagpur,GV,incoming,iGV,4,2,1,0,0,0,0
2022-12-01,2022,12,Dec,4,AIESEC in Nagpur,GTa,outgoing,oGTa,5,2,2,2,2,1,1
2022-12-01,2022,12,Dec,4,AIESEC in Nagpur,GTe,outgoing,oGTe,4,3,3,1,1,1,1
2022-12-01,2022,12,Dec,4,AIESEC in Nagpur,GV,outgoing,oGV,25,12,11,10,8,8,8
2022-12-01,2022,12,Dec,4,AIESEC in Pune,GTa,incoming,iGTa,3,1,0,0,0,0,0
2022-12-01,2022,12,Dec,4,AIESEC in Pune,GTe,incoming,iGTe,2,0,0,0,0,0,0
2022-12-01,2022,12,Dec,4,AIESEC in Pune,GV,incoming,iGV,14,6,4,4,3,3,3
2022-12-01,2022,12,Dec,4,AIESEC in Pune,GTa,outgoing,oGTa,15,7,4,4,1,1,1
2022-12-01,2022,12,Dec,4,AIESEC in Pune,GTe,outgoing,oGTe,6,3,0,0,0,0,0
2022-12-01,2022,12,Dec,4,AIESEC in Pune,GV,outgoing,oGV,29,15,9,7,5,4,3
2022-12-01,2022,12,Dec,4,AIESEC in Surat,GTa,incoming,iGTa,1,0,0,0,0,0,0
2022-12-01,2022,12,Dec,4,AIESEC in Surat,GTe,incoming,iGTe,1,0,0,0,0,0,0
2022-12-01,2022,12,Dec,4,AIESEC in Surat,GV,incoming,iGV,1,1,0,0,0,0,0
2022-12-01,2022,12,Dec,4,AIESEC in Surat,GTa,outgoing,oGTa,8,6,5,3,3,3,3
2022-12-01,2022,12,Dec,4,AIESEC in Surat,GTe,outgoing,oGTe,1,0,0,0,0,0,0
2022-12-01,2022,12,Dec,4,AIESEC in Surat,GV,outgoing,oGV,13,6,4,1,1,0,0
2022-12-01,2022,12,Dec,4,AIESEC in Vellore,GTa,incoming,iGTa,1,0,0,0,0,0,0
2022-12-01,2022,12,Dec,4,AIESEC in Vellore,GTe,incoming,iGTe,2,1,1,1,1,1,1
2022-12-01,2022,12,Dec,4,AIESEC in Vellore,GV,incoming,iGV,2,0,0,0,0,0,0
2022-12-01,2022,12,Dec,4,AIESEC in Vellore,GTa,outgoing,oGTa,2,1,1,1,1,1,1
2022-12-01,2022,12,Dec,4,AIESEC in Vellore,GTe,outgoing,oGTe,2,0,0,0,0,0,0
2022-12-01,2022,12,Dec,4,AIESEC in Vellore,GV,outgoing,oGV,13,4,1,1,1,0,0
2023-01-01,2023,1,Jan,1,AIESEC in Ahmedabad,GTa,incoming,iGTa,3,1,1,0,0,0,0
2023-01-01,2023,1,Jan,1,AIESEC in Ahmedabad,GTe,incoming,iGTe,1,1,1,1,1,1,1
2023-01-01,2023,1,Jan,1,AIESEC in Ahmedabad,GV,incoming,iGV,16,9,7,6,4,3,2
2023-01-01,2023,1,Jan,1,AIESEC in Ahmedabad,GTa,outgoing,oGTa,8,5,4,4,3,2,2
2023-01-01,2023,1,Jan,1,AIESEC in Ahmedabad,GTe,outgoing,oGTe,3,1,1,1,1,1,1
2023-01-01,2023,1,Jan,1,AIESEC in Ahmedabad,GV,outgoing,oGV,19,6,4,3,2,2,2
2023-01-01,2023,1,Jan,1,AIESEC in Bangalore,GTa,incoming,iGTa,2,1,1,0,0,0,0
2023-01-01,2023,1,Jan,1,AIESEC in Bangalore,GTe,incoming,iGTe,0,0,0,0,0,0,0
2023-01-01,2023,1,Jan,1,AIESEC in Bangalore,GV,incoming,iGV,16,4,2,2,1,1,1
2023-01-01,2023,1,Jan,1,AIESEC in Bangalore,GTa,outgoing,oGTa,4,1,1,1,1,1,1
2023-01-01,2023,1,Jan,1,AIESEC in Bangalore,GTe,outgoing,oGTe,3,1,1,1,0,0,0
2023-01-01,2023,1,Jan,1,AIESEC in Bangalore,GV,outgoing,oGV,39,18,14,13,10,9,6
2023-01-01,2023,1,Jan,1,AIESEC in Bhubaneswar,GTa,incoming,iGTa,2,1,1,1,1,1,1
2023-01-01,2023,1,Jan,1,AIESEC in Bhubaneswar,GTe,incoming,iGTe,2,1,1,1,1,1,1
2023-01-01,2023,1,Jan,1,AIESEC in Bhubaneswar,GV,incoming,iGV,8,0,0,0,0,0,0
2023-01-01,2023,1,Jan,1,AIESEC in Bhubaneswar,GTa,outgoing,oGTa,5,4,3,2,2,2,2
2023-01-01,2023,1,Jan,1,AIESEC in Bhubaneswar,GTe,outgoing,oGTe,1,0,0,0,0,0,0
2023-01-01,2023,1,Jan,1,AIESEC in Bhubaneswar,GV,outgoing,oGV,24,11,10,10,9,8,8
2023-01-01,2023,1,Jan,1,AIESEC in Chandigarh,GTa,incoming,iGTa,3,0,0,0,0,0,0
2023-01-01,2023,1,Jan,1,AIESEC in Chandigarh,GTe,incoming,iGTe,0,0,0,0,0,0,0
2023-01-01,2023,1,Jan,1,AIESEC in Chandigarh,GV,incoming,iGV,10,5,2,0,0,0,0
2023-01-01,2023,1,Jan,1,AIESEC in Chandigarh,GTa,outgoing,oGTa,9,5,3,3,3,3,3
2023-01-01,2023,1,Jan,1,AIESEC in Chandigarh,GTe,outgoing,oGTe,3,1,0,0,0,0,0
2023-01-01,2023,1,Jan,1,AIESEC in Chandigarh,GV,outgoing,oGV,27,14,7,6,2,2,2
2023-01-01,2023,1,Jan,1,AIESEC in Chennai,GTa,incoming,iGTa,6,4,3,2,2,2,2
2023-01-01,2023,1,Jan,1,AIESEC in Chennai,GTe,incoming,iGTe,1,0,0,0,0,0,0
2023-01-01,2023,1,Jan,1,AIESEC in Chennai,GV,incoming,iGV,10,4,2,0,0,0,0
2023-01-01,2023,1,Jan,1,AIESEC in Chennai,GTa,outgoing,oGTa,12,4,2,2,2,2,2
2023-01-01,2023,1,Jan,1,AIESEC in Chennai,GTe,outgoing,oGTe,1,1,1,1,1,1,1
2023-01-01,2023,1,Jan,1,AIESEC in Chennai,GV,outgoing,oGV,39,15,9,9,4,3,2
2023-01-01,2023,1,Jan,1,AIESEC in Coimbatore,GTa,incoming,iGTa,1,0,0,0,0,0,0
2023-01-01,2023,1,Jan,1,AIESEC in Coimbatore,GTe,incoming,iGTe,1,0,0,0,0,0,0
2023-01-01,2023,1,Jan,1,AIESEC in Coimbatore,GV,incoming,iGV,6,2,1,0,0,0,0
2023-01-01,2023,1,Jan,1,AIESEC in Coimbatore,GTa,outgoing,oGTa,7,2,1,1,1,1,1
2023-01-01,2023,1,Jan,1,AIESEC in Coimbatore,GTe,outgoing,oGTe,1,1,0,0,0,0,0
2023-01-01,2023,1,Jan,1,AIESEC in Coimbatore,GV,outgoing,oGV,16,7,6,6,4,3,3
2023-01-01,2023,1,Jan,1,AIESEC in Delhi IIT,GTa,incoming,iGTa,16,8,3,3,2,2,2
2023-01-01,2023,1,Jan,1,AIESEC in Delhi IIT,GTe,incoming,iGTe,2,1,1,1,1,1,1
2023-01-01,2023,1,Jan,1,AIESEC in Delhi IIT,GV,incoming,iGV,52,19,13,8,5,5,4
2023-01-01,2023,1,Jan,1,AIESEC in Delhi IIT,GTa,outgoing,oGTa,33,18,11,10,9,8,8
2023-01-01,2023,1,Jan,1,AIESEC in Delhi IIT,GTe,outgoing,oGTe,19,9,5,5,2,2,2
2023-01-01,2023,1,Jan,1,AIESEC in Delhi IIT,GV,outgoing,oGV,90,37,24,21,15,15,13
2023-01-01,2023,1,Jan,1,AIESEC in Delhi University,GTa,incoming,iGTa,12,5,3,2,2,2,1
2023-01-01,2023,1,Jan,1,AIESEC in Delhi University,GTe,incoming,iGTe,2,0,0,0,0,0,0
2023-01-01,2023,1,Jan,1,AIESEC in Delhi University,GV,incoming,iGV,20,6,3,2,1,1,1
2023-01-01,2023,1,Jan,1,AIESEC in Delhi University,GTa,outgoing,oGTa,19,7,4,3,2,2,2
2023-01-01,2023,1,Jan,1,AIESEC in Delhi University,GTe,outgoing,oGTe,4,2,1,1,1,1,1
2023-01-01,2023,1,Jan,1,AIESEC in Delhi University,GV,outgoing,oGV,67,26,18,17,11,10,10
2023-01-01,2023,1,Jan,1,AIESEC in Hyderabad,GTa,incoming,iGTa,6,2,2,1,1,1,1
2023-01-01,2023,1,Jan,1,AIESEC in Hyderabad,GTe,incoming,iGTe,0,0,0,0,0,0,0
2023-01-01,2023,1,Jan,1,AIESEC in Hyderabad,GV,incoming,iGV,12,6,4,3,1,1,1
2023-01-01,2023,1,Jan,1,AIESEC in Hyderabad,GTa,outgoing,oGTa,12,4,4,4,4,4,4
2023-01-01,2023,1,Jan,1,AIESEC in Hyderabad,GTe,outgoing,oGTe,2,1,1,1,1,1,1
2023-01-01,2023,1,Jan,1,AIESEC in Hyderabad,GV,outgoing,oGV,42,14,11,7,4,4,3
2023-01-01,2023,1,Jan,1,AIESEC in Indore,GTa,incoming,iGTa,3,2,1,1,1,1,1
2023-01-01,2023,1,Jan,1,AIESEC in Indore,GTe,incoming,iGTe,0,0,0,0,0,0,0
2023-01-01,2023,1,Jan,1,AIESEC in Indore,GV,incoming,iGV,10,4,4,2,2,2,2
2023-01-01,2023,1,Jan,1,AIESEC in Indore,GTa,outgoing,oGTa,7,4,2,2,2,2,2
2023-01-01,2023,1,Jan,1,AIESEC in Indore,GTe,outgoing,oGTe,5,1,1,1,1,1,1
2023-01-01,2023,1,Jan,1,AIESEC in Indore,GV,outgoing,oGV,23,10,5,4,3,3,3
2023-01-01,2023,1,Jan,1,AIESEC in Jaipur,GTa,incoming,iGTa,2,1,1,1,1,1,1
2023-01-01,2023,1,Jan,1,AIESEC in Jaipur,GTe,incoming,iGTe,1,0,0,0,0,0,0
2023-01-01,2023,1,Jan,1,AIESEC in Jaipur,GV,incoming,iGV,6,4,1,1,1,1,0
2023-01-01,2023,1,Jan,1,AIESEC in Jaipur,GTa,outgoing,oGTa,12,9,6,5,5,4,4
2023-01-01,2023,1,Jan,1,AIESEC in Jaipur,GTe,outgoing,oGTe,3,2,1,1,0,0,0
2023-01-01,2023,1,Jan,1,AIESEC in Jaipur,GV,outgoing,oGV,20,8,5,4,3,3,2
2023-01-01,2023,1,Jan,1,AIESEC in Kochi,GTa,incoming,iGTa,3,1,1,1,0,0,0
2023-01-01,2023,1,Jan,1,AIESEC in Kochi,GTe,incoming,iGTe,0,0,0,0,0,0,0
2023-01-01,2023,1,Jan,1,AIESEC in Kochi,GV,incoming,iGV,7,1,1,1,1,1,1
2023-01-01,2023,1,Jan,1,AIESEC in Kochi,GTa,outgoing,oGTa,9,5,4,3,3,3,3
2023-01-01,2023,1,Jan,1,AIESEC in Kochi,GTe,outgoing,oGTe,2,1,1,1,1,1,1
2023-01-01,2023,1,Jan,1,AIESEC in Kochi,GV,outgoing,oGV,14,6,5,5,4,3,2
2023-01-01,2023,1,Jan,1,AIESEC in Kolkata,GTa,incoming,iGTa,6,4,3,1,0,0,0
2023-01-01,2023,1,Jan,1,AIESEC in Kolkata,GTe,incoming,iGTe,0,0,0,0,0,0,0
2023-01-01,2023,1,Jan,1,AIESEC in Kolkata,GV,incoming,iGV,12,6,3,2,2,2,1
2023-01-01,2023,1,Jan,1,AIESEC in Kolkata,GTa,outgoing,oGTa,14,9,6,6,3,3,3
2023-01-01,2023,1,Jan,1,AIESEC in Kolkata,GTe,outgoing,oGTe,3,1,0,0,0,0,0
2023-01-01,2023,1,Jan,1,AIESEC in Kolkata,GV,outgoing,oGV,26,12,8,6,6,6,6
2023-01-01,2023,1,Jan,1,AIESEC in Lucknow,GTa,incoming,iGTa,0,0,0,0,0,0,0
2023-01-01,2023,1,Jan,1,AIESEC in Lucknow,GTe,incoming,iGTe,0,0,0,0,0,0,0
2023-01-01,2023,1,Jan,1,AIESEC in Lucknow,GV,incoming,iGV,10,3,3,1,1,1,1
2023-01-01,2023,1,Jan,1,AIESEC in Lucknow,GTa,outgoing,oGTa,10,6,3,2,2,2,2
2023-01-01,2023,1,Jan,1,AIESEC in Lucknow,GTe,outgoing,oGTe,5,3,2,1,0,0,0
2023-01-01,2023,1,Jan,1,AIESEC in Lucknow,GV,outgoing,oGV,13,3,2,1,1,1,1
2023-01-01,2023,1,Jan,1,AIESEC in Manipal,GTa,incoming,iGTa,3,1,1,1,1,1,1
2023-01-01,2023,1,Jan,1,AIESEC in Manipal,GTe,incoming,iGTe,0,0,0,0,0,0,0
2023-01-01,2023,1,Jan,1,AIESEC in Manipal,GV,incoming,iGV,8,3,2,2,1,1,0
2023-01-01,2023,1,Jan,1,AIESEC in Manipal,GTa,outgoing,oGTa,7,4,1,1,1,1,1
2023-01-01,2023,1,Jan,1,AIESEC in Manipal,GTe,outgoing,oGTe,0,0,0,0,0,0,0
2023-01-01,2023,1,Jan,1,AIESEC in Manipal,GV,outgoing,oGV,16,5,2,1,1,1,1
2023-01-01,2023,1,Jan,1,AIESEC in Mumbai,GTa,incoming,iGTa,6,3,2,2,0,0,0
2023-01-01,2023,1,Jan,1,AIESEC in Mumbai,GTe,incoming,iGTe,2,1,1,1,1,1,0
2023-01-01,2023,1,Jan,1,AIESEC in Mumbai,GV,incoming,iGV,24,9,7,7,6,6,6
2023-01-01,2023,1,Jan,1,AIESEC in Mumbai,GTa,outgoing,oGTa,16,8,7,6,4,4,4
2023-01-01,2023,1,Jan,1,AIESEC in Mumbai,GTe,outgoing,oGTe,7,1,1,1,1,1,1
2023-01-01,2023,1,Jan,1,AIESEC in Mumbai,GV,outgoing,oGV,49,22,17,12,9,9,6
2023-01-01,2023,1,Jan,1,AIESEC in Nagpur,GTa,incoming,iGTa,2,0,0,0,0,0,0
2023-01-01,2023,1,Jan,1,AIESEC in Nagpur,GTe,incoming,iGTe,1,0,0,0,0,0,0
2023-01-01,2023,1,Jan,1,AIESEC in Nagpur,GV,incoming,iGV,6,1,1,0,0,0,0
2023-01-01,2023,1,Jan,1,AIESEC in Nagpur,GTa,outgoing,oGTa,11,7,5,5,4,2,2
2023-01-01,2023,1,Jan,1,AIESEC in Nagpur,GTe,outgoing,oGTe,0,0,0,0,0,0,0
2023-01-01,2023,1,Jan,1,AIESEC in Nagpur,GV,outgoing,oGV,21,9,7,6,5,5,4
2023-01-01,2023,1,Jan,1,AIESEC in Pune,GTa,incoming,iGTa,2,2,0,0,0,0,0
2023-01-01,2023,1,Jan,1,AIESEC in Pune,GTe,incoming,iGTe,3,2,1,1,0,0,0
2023-01-01,2023,1,Jan,1,AIESEC in Pune,GV,incoming,iGV,16,4,0,0,0,0,0
2023-01-01,2023,1,Jan,1,AIESEC in Pune,GTa,outgoing,oGTa,13,6,5,5,3,3,2
2023-01-01,2023,1,Jan,1,AIESEC in Pune,GTe,outgoing,oGTe,5,2,2,1,1,1,1
2023-01-01,2023,1,Jan,1,AIESEC in Pune,GV,outgoing,oGV,39,23,16,15,8,7,7
2023-01-01,2023,1,Jan,1,AIESEC in Surat,GTa,incoming,iGTa,1,1,0,0,0,0,0
2023-01-01,2023,1,Jan,1,AIESEC in Surat,GTe,incoming,iGTe,2,1,0,0,0,0,0
2023-01-01,2023,1,Jan,1,AIESEC in Surat,GV,incoming,iGV,5,2,0,0,0,0,0
2023-01-01,2023,1,Jan,1,AIESEC in Surat,GTa,outgoing,oGTa,7,4,3,2,2,2,2
2023-01-01,2023,1,Jan,1,AIESEC in Surat,GTe,outgoing,oGTe,1,0,0,0,0,0,0
2023-01-01,2023,1,Jan,1,AIESEC in Surat,GV,outgoing,oGV,22,6,6,6,4,4,4
2023-01-01,2023,1,Jan,1,AIESEC in Vellore,GTa,incoming,iGTa,3,2,1,1,1,1,1
2023-01-01,2023,1,Jan,1,AIESEC in Vellore,GTe,incoming,iGTe,0,0,0,0,0,0,0
2023-01-01,2023,1,Jan,1,AIESEC in Vellore,GV,incoming,iGV,0,0,0,0,0,0,0
2023-01-01,2023,1,Jan,1,AIESEC in Vellore,GTa,outgoing,oGTa,3,0,0,0,0,0,0
2023-01-01,2023,1,Jan,1,AIESEC in Vellore,GTe,outgoing,oGTe,0,0,0,0,0,0,0
2023-01-01,2023,1,Jan,1,AIESEC in Vellore,GV,outgoing,oGV,23,10,6,5,2,2,2
2023-02-01,2023,2,Feb,1,AIESEC in Ahmedabad,GTa,incoming,iGTa,3,1,1,1,1,1,1
2023-02-01,2023,2,Feb,1,AIESEC in Ahmedabad,GTe,incoming,iGTe,1,0,0,0,0,0,0
2023-02-01,2023,2,Feb,1,AIESEC in Ahmedabad,GV,incoming,iGV,4,2,1,1,0,0,0
2023-02-01,2023,2,Feb,1,AIESEC in Ahmedabad,GTa,outgoing,oGTa,4,3,3,2,2,2,2
2023-02-01,2023,2,Feb,1,AIESEC in Ahmedabad,GTe,outgoing,oGTe,1,0,0,0,0,0,0
2023-02-01,2023,2,Feb,1,AIESEC in Ahmedabad,GV,outgoing,oGV,11,3,3,2,2,2,2
2023-02-01,2023,2,Feb,1,AIESEC in Bangalore,GTa,incoming,iGTa,2,2,1,1,1,1,1
2023-02-01,2023,2,Feb,1,AIESEC in Bangalore,GTe,incoming,iGTe,0,0,0,0,0,0,0
2023-02-01,2023,2,Feb,1,AIESEC in Bangalore,GV,incoming,iGV,2,2,2,2,0,0,0
2023-02-01,2023,2,Feb,1,AIESEC in Bangalore,GTa,outgoing,oGTa,6,0,0,0,0,0,0
2023-02-01,2023,2,Feb,1,AIESEC in Bangalore,GTe,outgoing,oGTe,5,3,2,1,1,1,1
2023-02-01,2023,2,Feb,1,AIESEC in Bangalore,GV,outgoing,oGV,26,12,5,4,3,3,3
2023-02-01,2023,2,Feb,1,AIESEC in Bhubaneswar,GTa,incoming,iGTa,1,1,1,1,1,1,1
2023-02-01,2023,2,Feb,1,AIESEC in Bhubaneswar,GTe,incoming,iGTe,0,0,0,0,0,0,0
2023-02-01,2023,2,Feb,1,AIESEC in Bhubaneswar,GV,incoming,iGV,8,4,3,3,3,3,2
2023-02-01,2023,2,Feb,1,AIESEC in Bhubaneswar,GTa,outgoing,oGTa,7,4,2,2,2,2,2
2023-02-01,2023,2,Feb,1,AIESEC in Bhubaneswar,GTe,outgoing,oGTe,2,0,0,0,0,0,0
2023-02-01,2023,2,Feb,1,AIESEC in Bhubaneswar,GV,outgoing,oGV,12,7,6,6,5,5,5
2023-02-01,2023,2,Feb,1,AIESEC in Chandigarh,GTa,incoming,iGTa,3,2,2,1,1,0,0
2023-02-01,2023,2,Feb,1,AIESEC in Chandigarh,GTe,incoming,iGTe,1,0,0,0,0,0,0
2023-02-01,2023,2,Feb,1,AIESEC in Chandigarh,GV,incoming,iGV,5,4,3,1,1,1,1
2023-02-01,2023,2,Feb,1,AIESEC in Chandigarh,GTa,outgoing,oGTa,5,0,0,0,0,0,0
2023-02-01,2023,2,Feb,1,AIESEC in Chandigarh,GTe,outgoing,oGTe,2,0,0,0,0,0,0
2023-02-01,2023,2,Feb,1,AIESEC in Chandigarh,GV,outgoing,oGV,13,7,5,5,2,2,2
2023-02-01,2023,2,Feb,1,AIESEC in Chennai,GTa,incoming,iGTa,3,1,1,1,1,1,1
2023-02-01,2023,2,Feb,1,AIESEC in Chennai,GTe,incoming,iGTe,0,0,0,0,0,0,0
2023-02-01,2023,2,Feb,1,AIESEC in Chennai,GV,incoming,iGV,5,2,1,1,1,1,0
2023-02-01,2023,2,Feb,1,AIESEC in Chennai,GTa,outgoing,oGTa,8,4,2,1,1,1,0
2023-02-01,2023,2,Feb,1,AIESEC in Chennai,GTe,outgoing,oGTe,6,4,3,1,1,1,1
2023-02-01,2023,2,Feb,1,AIESEC in Chennai,GV,outgoing,oGV,21,14,11,10,5,5,4
2023-02-01,2023,2,Feb,1,AIESEC in Coimbatore,GTa,incoming,iGTa,1,0,0,0,0,0,0
2023-02-01,2023,2,Feb,1,AIESEC in Coimbatore,GTe,incoming,iGTe,0,0,0,0,0,0,0
2023-02-01,2023,2,Feb,1,AIESEC in Coimbatore,GV,incoming,iGV,9,4,2,2,1,0,0
2023-02-01,2023,2,Feb,1,AIESEC in Coimbatore,GTa,outgoing,oGTa,3,2,1,1,1,1,1
2023-02-01,2023,2,Feb,1,AIESEC in Coimbatore,GTe,outgoing,oGTe,2,1,0,0,0,0,0
2023-02-01,2023,2,Feb,1,AIESEC in Coimbatore,GV,outgoing,oGV,16,10,5,5,5,4,3
2023-02-01,2023,2,Feb,1,AIESEC in Delhi IIT,GTa,incoming,iGTa,7,6,5,3,2,2,2
2023-02-01,2023,2,Feb,1,AIESEC in Delhi IIT,GTe,incoming,iGTe,4,3,2,1,1,1,1
2023-02-01,2023,2,Feb,1,AIESEC in Delhi IIT,GV,incoming,iGV,32,12,6,4,1,1,1
2023-02-01,2023,2,Feb,1,AIESEC in Delhi IIT,GTa,outgoing,oGTa,18,11,9,8,8,8,8
2023-02-01,2023,2,Feb,1,AIESEC in Delhi IIT,GTe,outgoing,oGTe,3,2,2,2,1,1,1
2023-02-01,2023,2,Feb,1,AIESEC in Delhi IIT,GV,outgoing,oGV,70,29,17,12,9,8,6
2023-02-01,2023,2,Feb,1,AIESEC in Delhi University,GTa,incoming,iGTa,7,2,1,0,0,0,0
2023-02-01,2023,2,Feb,1,AIESEC in Delhi University,GTe,incoming,iGTe,0,0,0,0,0,0,0
2023-02-01,2023,2,Feb,1,AIESEC in Delhi University,GV,incoming,iGV,16,6,5,1,0,0,0
2023-02-01,2023,2,Feb,1,AIESEC in Delhi University,GTa,outgoing,oGTa,18,8,5,3,3,3,3
2023-02-01,2023,2,Feb,1,AIESEC in Delhi University,GTe,outgoing,oGTe,2,1,1,0,0,0,0
2023-02-01,2023,2,Feb,1,AIESEC in Delhi University,GV,outgoing,oGV,51,28,19,13,11,10,9
2023-02-01,2023,2,Feb,1,AIESEC in Hyderabad,GTa,incoming,iGTa,1,0,0,0,0,0,0
2023-02-01,2023,2,Feb,1,AIESEC in Hyderabad,GTe,incoming,iGTe,0,0,0,0,0,0,0
2023-02-01,2023,2,Feb,1,AIESEC in Hyderabad,GV,incoming,iGV,8,5,3,2,1,1,0
2023-02-01,2023,2,Feb,1,AIESEC in Hyderabad,GTa,outgoing,oGTa,8,5,3,3,2,1,0
2023-02-01,2023,2,Feb,1,AIESEC in Hyderabad,GTe,outgoing,oGTe,5,2,2,2,1,1,1
2023-02-01,2023,2,Feb,1,AIESEC in Hyderabad,GV,outgoing,oGV,28,13,10,7,4,4,3
2023-02-01,2023,2,Feb,1,AIESEC in Indore,GTa,incoming,iGTa,3,1,1,1,1,1,1
2023-02-01,2023,2,Feb,1,AIESEC in Indore,GTe,incoming,iGTe,0,0,0,0,0,0,0
2023-02-01,2023,2,Feb,1,AIESEC in Indore,GV,incoming,iGV,3,0,0,0,0,0,0
2023-02-01,2023,2,Feb,1,AIESEC in Indore,GTa,outgoing,oGTa,4,1,1,1,1,1,1
2023-02-01,2023,2,Feb,1,AIESEC in Indore,GTe,outgoing,oGTe,4,3,2,1,1,1,1
2023-02-01,2023,2,Feb,1,AIESEC in Indore,GV,outgoing,oGV,9,4,3,3,0,0,0
2023-02-01,2023,2,Feb,1,AIESEC in Jaipur,GTa,incoming,iGTa,4,1,1,1,1,1,1
2023-02-01,2023,2,Feb,1,AIESEC in Jaipur,GTe,incoming,iGTe,2,0,0,0,0,0,0
2023-02-01,2023,2,Feb,1,AIESEC in Jaipur,GV,incoming,iGV,5,0,0,0,0,0,0
2023-02-01,2023,2,Feb,1,AIESEC in Jaipur,GTa,outgoing,oGTa,9,4,3,3,3,3,3
2023-02-01,2023,2,Feb,1,AIESEC in Jaipur,GTe,outgoing,oGTe,1,1,1,1,0,0,0
2023-02-01,2023,2,Feb,1,AIESEC in Jaipur,GV,outgoing,oGV,21,13,11,9,6,6,6
2023-02-01,2023,2,Feb,1,AIESEC in Kochi,GTa,incoming,iGTa,2,1,1,1,1,1,1
2023-02-01,2023,2,Feb,1,AIESEC in Kochi,GTe,incoming,iGTe,1,0,0,0,0,0,0
2023-02-01,2023,2,Feb,1,AIESEC in Kochi,GV,incoming,iGV,2,1,1,1,0,0,0
2023-02-01,2023,2,Feb,1,AIESEC in Kochi,GTa,outgoing,oGTa,5,1,1,0,0,0,0
2023-02-01,2023,2,Feb,1,AIESEC in Kochi,GTe,outgoing,oGTe,1,0,0,0,0,0,0
2023-02-01,2023,2,Feb,1,AIESEC in Kochi,GV,outgoing,oGV,10,4,3,2,2,2,2
2023-02-01,2023,2,Feb,1,AIESEC in Kolkata,GTa,incoming,iGTa,3,1,1,1,1,1,1
2023-02-01,2023,2,Feb,1,AIESEC in Kolkata,GTe,incoming,iGTe,2,0,0,0,0,0,0
2023-02-01,2023,2,Feb,1,AIESEC in Kolkata,GV,incoming,iGV,5,2,2,1,0,0,0
2023-02-01,2023,2,Feb,1,AIESEC in Kolkata,GTa,outgoing,oGTa,12,6,6,6,6,5,5
2023-02-01,2023,2,Feb,1,AIESEC in Kolkata,GTe,outgoing,oGTe,2,0,0,0,0,0,0
2023-02-01,2023,2,Feb,1,AIESEC in Kolkata,GV,outgoing,oGV,14,4,3,3,3,3,2
2023-02-01,2023,2,Feb,1,AIESEC in Lucknow,GTa,incoming,iGTa,1,1,1,1,1,1,1
2023-02-01,2023,2,Feb,1,AIESEC in Lucknow,GTe,incoming,iGTe,0,0,0,0,0,0,0
2023-02-01,2023,2,Feb,1,AIESEC in Lucknow,GV,incoming,iGV,5,2,0,0,0,0,0
2023-02-01,2023,2,Feb,1,AIESEC in Lucknow,GTa,outgoing,oGTa,6,2,1,1,1,1,1
2023-02-01,2023,2,Feb,1,AIESEC in Lucknow,GTe,outgoing,oGTe,3,2,1,1,1,1,1
2023-02-01,2023,2,Feb,1,AIESEC in Lucknow,GV,outgoing,oGV,26,11,7,6,4,4,4
2023-02-01,2023,2,Feb,1,AIESEC in Manipal,GTa,incoming,iGTa,1,1,1,1,0,0,0
2023-02-01,2023,2,Feb,1,AIESEC in Manipal,GTe,incoming,iGTe,0,0,0,0,0,0,0
2023-02-01,2023,2,Feb,1,AIESEC in Manipal,GV,incoming,iGV,9,2,2,2,2,2,0
2023-02-01,2023,2,Feb,1,AIESEC in Manipal,GTa,outgoing,oGTa,4,2,0,0,0,0,0
2023-02-01,2023,2,Feb,1,AIESEC in Manipal,GTe,outgoing,oGTe,0,0,0,0,0,0,0
2023-02-01,2023,2,Feb,1,AIESEC in Manipal,GV,outgoing,oGV,10,7,7,6,5,5,4
2023-02-01,2023,2,Feb,1,AIESEC in Mumbai,GTa,incoming,iGTa,6,3,1,1,1,1,1
2023-02-01,2023,2,Feb,1,AIESEC in Mumbai,GTe,incoming,iGTe,0,0,0,0,0,0,0
2023-02-01,2023,2,Feb,1,AIESEC in Mumbai,GV,incoming,iGV,12,6,3,2,2,2,2
2023-02-01,2023,2,Feb,1,AIESEC in Mumbai,GTa,outgoing,oGTa,13,9,9,9,8,8,8
2023-02-01,2023,2,Feb,1,AIESEC in Mumbai,GTe,outgoing,oGTe,8,4,4,4,2,2,2
2023-02-01,2023,2,Feb,1,AIESEC in Mumbai,GV,outgoing,oGV,27,14,11,10,8,6,6
2023-02-01,2023,2,Feb,1,AIESEC in Nagpur,GTa,incoming,iGTa,1,1,0,0,0,0,0
2023-02-01,2023,2,Feb,1,AIESEC in Nagpur,GTe,incoming,iGTe,2,2,2,1,1,1,1
2023-02-01,2023,2,Feb,1,AIESEC in Nagpur,GV,incoming,iGV,4,1,1,1,1,1,1
2023-02-01,2023,2,Feb,1,AIESEC in Nagpur,GTa,outgoing,oGTa,5,1,0,0,0,0,0
2023-02-01,2023,2,Feb,1,AIESEC in Nagpur,GTe,outgoing,oGTe,1,0,0,0,0,0,0
2023-02-01,2023,2,Feb,1,AIESEC in Nagpur,GV,outgoing,oGV,14,5,4,1,0,0,0
2023-02-01,2023,2,Feb,1,AIESEC in Pune,GTa,incoming,iGTa,2,1,1,0,0,0,0
2023-02-01,2023,2,Feb,1,AIESEC in Pune,GTe,incoming,iGTe,1,0,0,0,0,0,0
2023-02-01,2023,2,Feb,1,AIESEC in Pune,GV,incoming,iGV,12,7,6,5,3,3,3
2023-02-01,2023,2,Feb,1,AIESEC in Pune,GTa,outgoing,oGTa,13,7,6,6,4,4,4
2023-02-01,2023,2,Feb,1,AIESEC in Pune,GTe,outgoing,oGTe,10,6,4,4,3,3,3
2023-02-01,2023,2,Feb,1,AIESEC in Pune,GV,outgoing,oGV,50,19,14,12,9,9,9
2023-02-01,2023,2,Feb,1,AIESEC in Surat,GTa,incoming,iGTa,4,1,0,0,0,0,0
2023-02-01,2023,2,Feb,1,AIESEC in Surat,GTe,incoming,iGTe,1,1,1,1,1,0,0
2023-02-01,2023,2,Feb,1,AIESEC in Surat,GV,incoming,iGV,1,1,0,0,0,0,0
2023-02-01,2023,2,Feb,1,AIESEC in Surat,GTa,outgoing,oGTa,4,3,2,1,1,1,0
2023-02-01,2023,2,Feb,1,AIESEC in Surat,GTe,outgoing,oGTe,0,0,0,0,0,0,0
2023-02-01,2023,2,Feb,1,AIESEC in Surat,GV,outgoing,oGV,16,5,5,4,1,1,1
2023-02-01,2023,2,Feb,1,AIESEC in Vellore,GTa,incoming,iGTa,1,1,1,1,0,0,0
2023-02-01,2023,2,Feb,1,AIESEC in Vellore,GTe,incoming,iGTe,1,0,0,0,0,0,0
2023-02-01,2023,2,Feb,1,AIESEC in Vellore,GV,incoming,iGV,2,1,1,1,0,0,0
2023-02-01,2023,2,Feb,1,AIESEC in Vellore,GTa,outgoing,oGTa,6,4,4,4,3,3,3
2023-02-01,2023,2,Feb,1,AIESEC in Vellore,GTe,outgoing,oGTe,2,2,0,0,0,0,0
2023-02-01,2023,2,Feb,1,AIESEC in Vellore,GV,outgoing,oGV,12,5,5,4,4,4,3
2023-03-01,2023,3,Mar,1,AIESEC in Ahmedabad,GTa,incoming,iGTa,2,2,1,1,0,0,0
2023-03-01,2023,3,Mar,1,AIESEC in Ahmedabad,GTe,incoming,iGTe,0,0,0,0,0,0,0
2023-03-01,2023,3,Mar,1,AIESEC in Ahmedabad,GV,incoming,iGV,8,3,1,1,1,1,1
2023-03-01,2023,3,Mar,1,AIESEC in Ahmedabad,GTa,outgoing,oGTa,10,4,2,2,2,2,2
2023-03-01,2023,3,Mar,1,AIESEC in Ahmedabad,GTe,outgoing,oGTe,0,0,0,0,0,0,0
2023-03-01,2023,3,Mar,1,AIESEC in Ahmedabad,GV,outgoing,oGV,18,10,8,8,6,6,5
2023-03-01,2023,3,Mar,1,AIESEC in Bangalore,GTa,incoming,iGTa,2,1,1,1,1,1,1
2023-03-01,2023,3,Mar,1,AIESEC in Bangalore,GTe,incoming,iGTe,3,1,1,1,0,0,0
2023-03-01,2023,3,Mar,1,AIESEC in Bangalore,GV,incoming,iGV,7,0,0,0,0,0,0
2023-03-01,2023,3,Mar,1,AIESEC in Bangalore,GTa,outgoing,oGTa,12,5,3,3,3,3,3
2023-03-01,2023,3,Mar,1,AIESEC in Bangalore,GTe,outgoing,oGTe,2,0,0,0,0,0,0
2023-03-01,2023,3,Mar,1,AIESEC in Bangalore,GV,outgoing,oGV,33,14,11,8,5,5,4
2023-03-01,2023,3,Mar,1,AIESEC in Bhubaneswar,GTa,incoming,iGTa,3,0,0,0,0,0,0
2023-03-01,2023,3,Mar,1,AIESEC in Bhubaneswar,GTe,incoming,iGTe,0,0,0,0,0,0,0
2023-03-01,2023,3,Mar,1,AIESEC in Bhubaneswar,GV,incoming,iGV,1,1,0,0,0,0,0
2023-03-01,2023,3,Mar,1,AIESEC in Bhubaneswar,GTa,outgoing,oGTa,5,3,2,2,1,1,1
2023-03-01,2023,3,Mar,1,AIESEC in Bhubaneswar,GTe,outgoing,oGTe,2,0,0,0,0,0,0
2023-03-01,2023,3,Mar,1,AIESEC in Bhubaneswar,GV,outgoing,oGV,14,9,6,5,3,3,2
2023-03-01,2023,3,Mar,1,AIESEC in Chandigarh,GTa,incoming,iGTa,1,1,1,1,0,0,0
2023-03-01,2023,3,Mar,1,AIESEC in Chandigarh,GTe,incoming,iGTe,1,1,1,1,1,0,0
2023-03-01,2023,3,Mar,1,AIESEC in Chandigarh,GV,incoming,iGV,3,0,0,0,0,0,0
2023-03-01,2023,3,Mar,1,AIESEC in Chandigarh,GTa,outgoing,oGTa,8,4,4,4,2,2,1
2023-03-01,2023,3,Mar,1,AIESEC in Chandigarh,GTe,outgoing,oGTe,3,2,1,1,0,0,0
2023-03-01,2023,3,Mar,1,AIESEC in Chandigarh,GV,outgoing,oGV,21,11,7,5,5,5,3
2023-03-01,2023,3,Mar,1,AIESEC in Chennai,GTa,incoming,iGTa,4,3,2,2,1,1,1
2023-03-01,2023,3,Mar,1,AIESEC in Chennai,GTe,incoming,iGTe,1,1,1,0,0,0,0
2023-03-01,2023,3,Mar,1,AIESEC in Chennai,GV,incoming,iGV,10,1,1,1,1,1,1
2023-03-01,2023,3,Mar,1,AIESEC in Chennai,GTa,outgoing,oGTa,8,6,5,4,3,3,3
2023-03-01,2023,3,Mar,1,AIESEC in Chennai,GTe,outgoing,oGTe,7,3,3,3,3,3,3
2023-03-01,2023,3,Mar,1,AIESEC in Chennai,GV,outgoing,oGV,38,14,11,7,6,6,5
2023-03-01,2023,3,Mar,1,AIESEC in Coimbatore,GTa,incoming,iGTa,1,1,1,1,1,1,1
2023-03-01,2023,3,Mar,1,AIESEC in Coimbatore,GTe,incoming,iGTe,0,0,0,0,0,0,0
2023-03-01,2023,3,Mar,1,AIESEC in Coimbatore,GV,incoming,iGV,3,1,1,1,1,1,1
2023-03-01,2023,3,Mar,1,AIESEC in Coimbatore,GTa,outgoing,oGTa,3,1,1,1,1,1,1
2023-03-01,2023,3,Mar,1,AIESEC in Coimbatore,GTe,outgoing,oGTe,3,1,0,0,0,0,0
2023-03-01,2023,3,Mar,1,AIESEC in Coimbatore,GV,outgoing,oGV,17,8,6,3,2,2,1
2023-03-01,2023,3,Mar,1,AIESEC in Delhi IIT,GTa,incoming,iGTa,10,5,4,4,4,4,2
2023-03-01,2023,3,Mar,1,AIESEC in Delhi IIT,GTe,incoming,iGTe,5,2,1,1,0,0,0
2023-03-01,2023,3,Mar,1,AIESEC in Delhi IIT,GV,incoming,iGV,20,8,5,3,2,1,1
2023-03-01,2023,3,Mar,1,AIESEC in Delhi IIT,GTa,outgoing,oGTa,26,13,11,10,9,9,9
2023-03-01,2023,3,Mar,1,AIESEC in Delhi IIT,GTe,outgoing,oGTe,8,2,1,1,1,1,1
2023-03-01,2023,3,Mar,1,AIESEC in Delhi IIT,GV,outgoing,oGV,80,28,18,16,11,11,10
2023-03-01,2023,3,Mar,1,AIESEC in Delhi University,GTa,incoming,iGTa,6,4,4,3,3,3,3
2023-03-01,2023,3,Mar,1,AIESEC in Delhi University,GTe,incoming,iGTe,3,2,0,0,0,0,0
2023-03-01,2023,3,Mar,1,AIESEC in Delhi University,GV,incoming,iGV,19,10,6,2,1,1,1
2023-03-01,2023,3,Mar,1,AIESEC in Delhi University,GTa,outgoing,oGTa,14,6,5,5,4,4,4
2023-03-01,2023,3,Mar,1,AIESEC in Delhi University,GTe,outgoing,oGTe,4,2,0,0,0,0,0
2023-03-01,2023,3,Mar,1,AIESEC in Delhi University,GV,outgoing,oGV,50,23,17,16,13,12,10
2023-03-01,2023,3,Mar,1,AIESEC in Hyderabad,GTa,incoming,iGTa,1,0,0,0,0,0,0
2023-03-01,2023,3,Mar,1,AIESEC in Hyderabad,GTe,incoming,iGTe,1,0,0,0,0,0,0
2023-03-01,2023,3,Mar,1,AIESEC in Hyderabad,GV,incoming,iGV,11,5,3,2,2,2,2
2023-03-01,2023,3,Mar,1,AIESEC in Hyderabad,GTa,outgoing,oGTa,10,7,6,6,6,6,6
2023-03-01,2023,3,Mar,1,AIESEC in Hyderabad,GTe,outgoing,oGTe,3,2,1,1,1,1,1
2023-03-01,2023,3,Mar,1,AIESEC in Hyderabad,GV,outgoing,oGV,27,11,5,4,4,4,2
2023-03-01,2023,3,Mar,1,AIESEC in Indore,GTa,incoming,iGTa,2,1,1,1,1,1,1
2023-03-01,2023,3,Mar,1,AIESEC in Indore,GTe,incoming,iGTe,0,0,0,0,0,0,0
2023-03-01,2023,3,Mar,1,AIESEC in Indore,GV,incoming,iGV,9,4,1,1,0,0,0
2023-03-01,2023,3,Mar,1,AIESEC in Indore,GTa,outgoing,oGTa,9,6,4,4,4,3,3
2023-03-01,2023,3,Mar,1,AIESEC in Indore,GTe,outgoing,oGTe,2,1,0,0,0,0,0
2023-03-01,2023,3,Mar,1,AIESEC in Indore,GV,outgoing,oGV,16,8,5,3,1,1,1
2023-03-01,2023,3,Mar,1,AIESEC in Jaipur,GTa,incoming,iGTa,2,0,0,0,0,0,0
2023-03-01,2023,3,Mar,1,AIESEC in Jaipur,GTe,incoming,iGTe,0,0,0,0,0,0,0
2023-03-01,2023,3,Mar,1,AIESEC in Jaipur,GV,incoming,iGV,14,5,4,2,2,2,2
2023-03-01,2023,3,Mar,1,AIESEC in Jaipur,GTa,outgoing,oGTa,11,6,4,4,4,4,4
2023-03-01,2023,3,Mar,1,AIESEC in Jaipur,GTe,outgoing,oGTe,2,2,1,1,0,0,0
2023-03-01,2023,3,Mar,1,AIESEC in Jaipur,GV,outgoing,oGV,18,13,11,9,6,6,6
2023-03-01,2023,3,Mar,1,AIESEC in Kochi,GTa,incoming,iGTa,3,1,1,1,1,1,1
2023-03-01,2023,3,Mar,1,AIESEC in Kochi,GTe,incoming,iGTe,1,1,0,0,0,0,0
2023-03-01,2023,3,Mar,1,AIESEC in Kochi,GV,incoming,iGV,3,1,1,1,1,1,1
2023-03-01,2023,3,Mar,1,AIESEC in Kochi,GTa,outgoing,oGTa,3,0,0,0,0,0,0
2023-03-01,2023,3,Mar,1,AIESEC in Kochi,GTe,outgoing,oGTe,1,0,0,0,0,0,0
2023-03-01,2023,3,Mar,1,AIESEC in Kochi,GV,outgoing,oGV,12,4,4,4,3,3,3
2023-03-01,2023,3,Mar,1,AIESEC in Kolkata,GTa,incoming,iGTa,2,0,0,0,0,0,0
2023-03-01,2023,3,Mar,1,AIESEC in Kolkata,GTe,incoming,iGTe,1,0,0,0,0,0,0
2023-03-01,2023,3,Mar,1,AIESEC in Kolkata,GV,incoming,iGV,6,2,2,2,1,1,1
2023-03-01,2023,3,Mar,1,AIESEC in Kolkata,GTa,outgoing,oGTa,9,1,1,0,0,0,0
2023-03-01,2023,3,Mar,1,AIESEC in Kolkata,GTe,outgoing,oGTe,7,5,3,3,2,2,2
2023-03-01,2023,3,Mar,1,AIESEC in Kolkata,GV,outgoing,oGV,21,13,11,10,8,8,8
2023-03-01,2023,3,Mar,1,AIESEC in Lucknow,GTa,incoming,iGTa,4,2,2,2,2,1,1
2023-03-01,2023,3,Mar,1,AIESEC in Lucknow,GTe,incoming,iGTe,1,0,0,0,0,0,0
2023-03-01,2023,3,Mar,1,AIESEC in Lucknow,GV,incoming,iGV,5,2,2,2,1,0,0
2023-03-01,2023,3,Mar,1,AIESEC in Lucknow,GTa,outgoing,oGTa,7,3,3,3,2,2,2
2023-03-01,2023,3,Mar,1,AIESEC in Lucknow,GTe,outgoing,oGTe,1,1,0,0,0,0,0
2023-03-01,2023,3,Mar,1,AIESEC in Lucknow,GV,outgoing,oGV,23,13,6,5,4,4,4
2023-03-01,2023,3,Mar,1,AIESEC in Manipal,GTa,incoming,iGTa,0,0,0,0,0,0,0
2023-03-01,2023,3,Mar,1,AIESEC in Manipal,GTe,incoming,iGTe,0,0,0,0,0,0,0
2023-03-01,2023,3,Mar,1,AIESEC in Manipal,GV,incoming,iGV,4,2,0,0,0,0,0
2023-03-01,2023,3,Mar,1,AIESEC in Manipal,GTa,outgoing,oGTa,4,1,1,0,0,0,0
2023-03-01,2023,3,Mar,1,AIESEC in Manipal,GTe,outgoing,oGTe,0,0,0,0,0,0,0
2023-03-01,2023,3,Mar,1,AIESEC in Manipal,GV,outgoing,oGV,16,9,4,3,3,3,2
2023-03-01,2023,3,Mar,1,AIESEC in Mumbai,GTa,incoming,iGTa,5,1,1,1,1,1,1
2023-03-01,2023,3,Mar,1,AIESEC in Mumbai,GTe,incoming,iGTe,1,1,1,1,1,1,1
2023-03-01,2023,3,Mar,1,AIESEC in Mumbai,GV,incoming,iGV,14,3,1,1,0,0,0
2023-03-01,2023,3,Mar,1,AIESEC in Mumbai,GTa,outgoing,oGTa,16,10,7,5,3,3,3
2023-03-01,2023,3,Mar,1,AIESEC in Mumbai,GTe,outgoing,oGTe,4,2,1,1,1,0,0
2023-03-01,2023,3,Mar,1,AIESEC in Mumbai,GV,outgoing,oGV,46,21,14,13,10,10,10
2023-03-01,2023,3,Mar,1,AIESEC in Nagpur,GTa,incoming,iGTa,1,1,1,0,0,0,0
2023-03-01,2023,3,Mar,1,AIESEC in Nagpur,GTe,incoming,iGTe,2,0,0,0,0,0,0
2023-03-01,2023,3,Mar,1,AIESEC in Nagpur,GV,incoming,iGV,5,3,2,2,2,2,2
2023-03-01,2023,3,Mar,1,AIESEC in Nagpur,GTa,outgoing,oGTa,10,8,7,6,4,4,3
2023-03-01,2023,3,Mar,1,AIESEC in Nagpur,GTe,outgoing,oGTe,2,1,1,1,1,1,1
2023-03-01,2023,3,Mar,1,AIESEC in Nagpur,GV,outgoing,oGV,18,12,6,5,4,4,3
2023-03-01,2023,3,Mar,1,AIESEC in Pune,GTa,incoming,iGTa,9,1,1,1,1,1,1
2023-03-01,2023,3,Mar,1,AIESEC in Pune,GTe,incoming,iGTe,2,1,1,1,1,1,1
2023-03-01,2023,3,Mar,1,AIESEC in Pune,GV,incoming,iGV,13,10,6,6,3,2,2
2023-03-01,2023,3,Mar,1,AIESEC in Pune,GTa,outgoing,oGTa,16,10,7,6,6,6,6
2023-03-01,2023,3,Mar,1,AIESEC in Pune,GTe,outgoing,oGTe,2,0,0,0,0,0,0
2023-03-01,2023,3,Mar,1,AIESEC in Pune,GV,outgoing,oGV,48,17,14,12,6,6,6
2023-03-01,2023,3,Mar,1,AIESEC in Surat,GTa,incoming,iGTa,0,0,0,0,0,0,0
2023-03-01,2023,3,Mar,1,AIESEC in Surat,GTe,incoming,iGTe,0,0,0,0,0,0,0
2023-03-01,2023,3,Mar,1,AIESEC in Surat,GV,incoming,iGV,2,0,0,0,0,0,0
2023-03-01,2023,3,Mar,1,AIESEC in Surat,GTa,outgoing,oGTa,3,2,2,2,1,1,1
2023-03-01,2023,3,Mar,1,AIESEC in Surat,GTe,outgoing,oGTe,3,0,0,0,0,0,0
2023-03-01,2023,3,Mar,1,AIESEC in Surat,GV,outgoing,oGV,11,8,6,4,1,1,1
2023-03-01,2023,3,Mar,1,AIESEC in Vellore,GTa,incoming,iGTa,0,0,0,0,0,0,0
2023-03-01,2023,3,Mar,1,AIESEC in Vellore,GTe,incoming,iGTe,0,0,0,0,0,0,0
2023-03-01,2023,3,Mar,1,AIESEC in Vellore,GV,incoming,iGV,10,3,2,2,2,2,2
2023-03-01,2023,3,Mar,1,AIESEC in Vellore,GTa,outgoing,oGTa,5,3,1,1,1,1,1
2023-03-01,2023,3,Mar,1,AIESEC in Vellore,GTe,outgoing,oGTe,3,1,1,0,0,0,0
2023-03-01,2023,3,Mar,1,AIESEC in Vellore,GV,outgoing,oGV,8,1,1,1,1,1,1
2023-04-01,2023,4,Apr,2,AIESEC in Ahmedabad,GTa,incoming,iGTa,3,1,1,1,1,0,0
2023-04-01,2023,4,Apr,2,AIESEC in Ahmedabad,GTe,incoming,iGTe,1,1,1,1,1,1,1
2023-04-01,2023,4,Apr,2,AIESEC in Ahmedabad,GV,incoming,iGV,7,5,4,2,2,2,2
2023-04-01,2023,4,Apr,2,AIESEC in Ahmedabad,GTa,outgoing,oGTa,8,3,1,1,1,1,1
2023-04-01,2023,4,Apr,2,AIESEC in Ahmedabad,GTe,outgoing,oGTe,5,2,0,0,0,0,0
2023-04-01,2023,4,Apr,2,AIESEC in Ahmedabad,GV,outgoing,oGV,21,9,7,7,7,7,6
2023-04-01,2023,4,Apr,2,AIESEC in Bangalore,GTa,incoming,iGTa,2,0,0,0,0,0,0
2023-04-01,2023,4,Apr,2,AIESEC in Bangalore,GTe,incoming,iGTe,1,0,0,0,0,0,0
2023-04-01,2023,4,Apr,2,AIESEC in Bangalore,GV,incoming,iGV,6,0,0,0,0,0,0
2023-04-01,2023,4,Apr,2,AIESEC in Bangalore,GTa,outgoing,oGTa,16,9,5,5,4,4,4
2023-04-01,2023,4,Apr,2,AIESEC in Bangalore,GTe,outgoing,oGTe,2,1,0,0,0,0,0
2023-04-01,2023,4,Apr,2,AIESEC in Bangalore,GV,outgoing,oGV,36,15,10,7,7,6,4
2023-04-01,2023,4,Apr,2,AIESEC in Bhubaneswar,GTa,incoming,iGTa,4,2,2,2,2,2,2
2023-04-01,2023,4,Apr,2,AIESEC in Bhubaneswar,GTe,incoming,iGTe,0,0,0,0,0,0,0
2023-04-01,2023,4,Apr,2,AIESEC in Bhubaneswar,GV,incoming,iGV,4,2,2,1,1,1,1
2023-04-01,2023,4,Apr,2,AIESEC in Bhubaneswar,GTa,outgoing,oGTa,2,2,2,2,2,2,2
2023-04-01,2023,4,Apr,2,AIESEC in Bhubaneswar,GTe,outgoing,oGTe,3,1,1,1,1,1,1
2023-04-01,2023,4,Apr,2,AIESEC in Bhubaneswar,GV,outgoing,oGV,18,4,2,2,1,1,0
2023-04-01,2023,4,Apr,2,AIESEC in Chandigarh,GTa,incoming,iGTa,3,1,1,1,1,1,1
2023-04-01,2023,4,Apr,2,AIESEC in Chandigarh,GTe,incoming,iGTe,0,0,0,0,0,0,0
2023-04-01,2023,4,Apr,2,AIESEC in Chandigarh,GV,incoming,iGV,16,6,5,3,2,2,2
2023-04-01,2023,4,Apr,2,AIESEC in Chandigarh,GTa,outgoing,oGTa,8,6,5,4,4,4,3
2023-04-01,2023,4,Apr,2,AIESEC in Chandigarh,GTe,outgoing,oGTe,1,1,0,0,0,0,0
2023-04-01,2023,4,Apr,2,AIESEC in Chandigarh,GV,outgoing,oGV,15,8,5,5,3,3,3
2023-04-01,2023,4,Apr,2,AIESEC in Chennai,GTa,incoming,iGTa,4,3,1,1,1,1,1
2023-04-01,2023,4,Apr,2,AIESEC in Chennai,GTe,incoming,iGTe,1,0,0,0,0,0,0
2023-04-01,2023,4,Apr,2,AIESEC in Chennai,GV,incoming,iGV,5,2,1,0,0,0,0
2023-04-01,2023,4,Apr,2,AIESEC in Chennai,GTa,outgoing,oGTa,10,2,0,0,0,0,0
2023-04-01,2023,4,Apr,2,AIESEC in Chennai,GTe,outgoing,oGTe,2,0,0,0,0,0,0
2023-04-01,2023,4,Apr,2,AIESEC in Chennai,GV,outgoing,oGV,32,19,15,14,11,11,9
2023-04-01,2023,4,Apr,2,AIESEC in Coimbatore,GTa,incoming,iGTa,3,1,1,1,1,1,1
2023-04-01,2023,4,Apr,2,AIESEC in Coimbatore,GTe,incoming,iGTe,0,0,0,0,0,0,0
2023-04-01,2023,4,Apr,2,AIESEC in Coimbatore,GV,incoming,iGV,5,2,0,0,0,0,0
2023-04-01,2023,4,Apr,2,AIESEC in Coimbatore,GTa,outgoing,oGTa,7,5,4,4,4,4,4
2023-04-01,2023,4,Apr,2,AIESEC in Coimbatore,GTe,outgoing,oGTe,0,0,0,0,0,0,0
2023-04-01,2023,4,Apr,2,AIESEC in Coimbatore,GV,outgoing,oGV,9,6,4,3,2,2,2
2023-04-01,2023,4,Apr,2,AIESEC in Delhi IIT,GTa,incoming,iGTa,14,8,5,4,2,2,2
2023-04-01,2023,4,Apr,2,AIESEC in Delhi IIT,GTe,incoming,iGTe,6,3,3,3,2,2,2
2023-04-01,2023,4,Apr,2,AIESEC in Delhi IIT,GV,incoming,iGV,38,12,6,3,2,2,2
2023-04-01,2023,4,Apr,2,AIESEC in Delhi IIT,GTa,outgoing,oGTa,32,13,8,8,6,6,4
2023-04-01,2023,4,Apr,2,AIESEC in Delhi IIT,GTe,outgoing,oGTe,14,10,4,3,3,3,3
2023-04-01,2023,4,Apr,2,AIESEC in Delhi IIT,GV,outgoing,oGV,118,44,29,27,23,21,19
2023-04-01,2023,4,Apr,2,AIESEC in Delhi University,GTa,incoming,iGTa,5,3,2,2,2,2,2
2023-04-01,2023,4,Apr,2,AIESEC in Delhi University,GTe,incoming,iGTe,1,1,1,1,1,1,1
2023-04-01,2023,4,Apr,2,AIESEC in Delhi University,GV,incoming,iGV,25,4,1,0,0,0,0
2023-04-01,2023,4,Apr,2,AIESEC in Delhi University,GTa,outgoing,oGTa,25,13,12,12,11,11,11
2023-04-01,2023,4,Apr,2,AIESEC in Delhi University,GTe,outgoing,oGTe,10,5,4,4,4,4,4
2023-04-01,2023,4,Apr,2,AIESEC in Delhi University,GV,outgoing,oGV,47,18,12,9,6,6,5
2023-04-01,2023,4,Apr,2,AIESEC in Hyderabad,GTa,incoming,iGTa,2,0,0,0,0,0,0
2023-04-01,2023,4,Apr,2,AIESEC in Hyderabad,GTe,incoming,iGTe,0,0,0,0,0,0,0
2023-04-01,2023,4,Apr,2,AIESEC in Hyderabad,GV,incoming,iGV,14,4,2,1,1,1,1
2023-04-01,2023,4,Apr,2,AIESEC in Hyderabad,GTa,outgoing,oGTa,13,6,5,4,4,4,4
2023-04-01,2023,4,Apr,2,AIESEC in Hyderabad,GTe,outgoing,oGTe,3,1,0,0,0,0,0
2023-04-01,2023,4,Apr,2,AIESEC in Hyderabad,GV,outgoing,oGV,27,13,12,9,5,5,5
2023-04-01,2023,4,Apr,2,AIESEC in Indore,GTa,incoming,iGTa,1,1,1,1,1,1,1
2023-04-01,2023,4,Apr,2,AIESEC in Indore,GTe,incoming,iGTe,0,0,0,0,0,0,0
2023-04-01,2023,4,Apr,2,AIESEC in Indore,GV,incoming,iGV,7,1,0,0,0,0,0
2023-04-01,2023,4,Apr,2,AIESEC in Indore,GTa,outgoing,oGTa,9,4,3,2,2,2,2
2023-04-01,2023,4,Apr,2,AIESEC in Indore,GTe,outgoing,oGTe,1,1,1,1,1,1,1
2023-04-01,2023,4,Apr,2,AIESEC in Indore,GV,outgoing,oGV,24,11,7,6,4,4,4
2023-04-01,2023,4,Apr,2,AIESEC in Jaipur,GTa,incoming,iGTa,3,2,2,2,1,1,1
2023-04-01,2023,4,Apr,2,AIESEC in Jaipur,GTe,incoming,iGTe,0,0,0,0,0,0,0
2023-04-01,2023,4,Apr,2,AIESEC in Jaipur,GV,incoming,iGV,8,4,1,1,1,1,1
2023-04-01,2023,4,Apr,2,AIESEC in Jaipur,GTa,outgoing,oGTa,5,2,1,1,1,1,1
2023-04-01,2023,4,Apr,2,AIESEC in Jaipur,GTe,outgoing,oGTe,2,0,0,0,0,0,0
2023-04-01,2023,4,Apr,2,AIESEC in Jaipur,GV,outgoing,oGV,30,11,10,9,7,7,6
2023-04-01,2023,4,Apr,2,AIESEC in Kochi,GTa,incoming,iGTa,3,2,1,1,1,1,1
2023-04-01,2023,4,Apr,2,AIESEC in Kochi,GTe,incoming,iGTe,0,0,0,0,0,0,0
2023-04-01,2023,4,Apr,2,AIESEC in Kochi,GV,incoming,iGV,5,2,1,1,0,0,0
2023-04-01,2023,4,Apr,2,AIESEC in Kochi,GTa,outgoing,oGTa,3,3,2,2,2,2,2
2023-04-01,2023,4,Apr,2,AIESEC in Kochi,GTe,outgoing,oGTe,2,0,0,0,0,0,0
2023-04-01,2023,4,Apr,2,AIESEC in Kochi,GV,outgoing,oGV,9,2,1,1,1,1,1
2023-04-01,2023,4,Apr,2,AIESEC in Kolkata,GTa,incoming,iGTa,3,2,2,2,2,2,2
2023-04-01,2023,4,Apr,2,AIESEC in Kolkata,GTe,incoming,iGTe,0,0,0,0,0,0,0
2023-04-01,2023,4,Apr,2,AIESEC in Kolkata,GV,incoming,iGV,7,2,1,0,0,0,0
2023-04-01,2023,4,Apr,2,AIESEC in Kolkata,GTa,outgoing,oGTa,13,4,4,3,3,3,3
2023-04-01,2023,4,Apr,2,AIESEC in Kolkata,GTe,outgoing,oGTe,4,4,2,1,1,1,1
2023-04-01,2023,4,Apr,2,AIESEC in Kolkata,GV,outgoing,oGV,33,20,14,11,7,7,7
2023-04-01,2023,4,Apr,2,AIESEC in Lucknow,GTa,incoming,iGTa,3,1,1,1,1,1,1
2023-04-01,2023,4,Apr,2,AIESEC in Lucknow,GTe,incoming,iGTe,1,1,1,1,1,1,1
2023-04-01,2023,4,Apr,2,AIESEC in Lucknow,GV,incoming,iGV,8,4,1,1,0,0,0
2023-04-01,2023,4,Apr,2,AIESEC in Lucknow,GTa,outgoing,oGTa,7,2,2,2,2,2,2
2023-04-01,2023,4,Apr,2,AIESEC in Lucknow,GTe,outgoing,oGTe,1,0,0,0,0,0,0
2023-04-01,2023,4,Apr,2,AIESEC in Lucknow,GV,outgoing,oGV,25,14,13,13,9,8,7
2023-04-01,2023,4,Apr,2,AIESEC in Manipal,GTa,incoming,iGTa,1,1,1,1,0,0,0
2023-04-01,2023,4,Apr,2,AIESEC in Manipal,GTe,incoming,iGTe,0,0,0,0,0,0,0
2023-04-01,2023,4,Apr,2,AIESEC in Manipal,GV,incoming,iGV,6,2,2,1,1,1,1
2023-04-01,2023,4,Apr,2,AIESEC in Manipal,GTa,outgoing,oGTa,11,7,5,4,3,3,2
2023-04-01,2023,4,Apr,2,AIESEC in Manipal,GTe,outgoing,oGTe,1,0,0,0,0,0,0
2023-04-01,2023,4,Apr,2,AIESEC in Manipal,GV,outgoing,oGV,18,8,6,4,3,3,2
2023-04-01,2023,4,Apr,2,AIESEC in Mumbai,GTa,incoming,iGTa,6,3,2,2,2,2,2
2023-04-01,2023,4,Apr,2,AIESEC in Mumbai,GTe,incoming,iGTe,0,0,0,0,0,0,0
2023-04-01,2023,4,Apr,2,AIESEC in Mumbai,GV,incoming,iGV,13,6,5,5,3,2,2
2023-04-01,2023,4,Apr,2,AIESEC in Mumbai,GTa,outgoing,oGTa,24,14,9,8,5,5,5
2023-04-01,2023,4,Apr,2,AIESEC in Mumbai,GTe,outgoing,oGTe,8,2,2,2,2,2,2
2023-04-01,2023,4,Apr,2,AIESEC in Mumbai,GV,outgoing,oGV,39,21,14,12,7,7,6
2023-04-01,2023,4,Apr,2,AIESEC in Nagpur,GTa,incoming,iGTa,2,1,0,0,0,0,0
2023-04-01,2023,4,Apr,2,AIESEC in Nagpur,GTe,incoming,iGTe,0,0,0,0,0,0,0
2023-04-01,2023,4,Apr,2,AIESEC in Nagpur,GV,incoming,iGV,6,0,0,0,0,0,0
2023-04-01,2023,4,Apr,2,AIESEC in Nagpur,GTa,outgoing,oGTa,4,2,2,1,1,1,1
2023-04-01,2023,4,Apr,2,AIESEC in Nagpur,GTe,outgoing,oGTe,1,0,0,0,0,0,0
2023-04-01,2023,4,Apr,2,AIESEC in Nagpur,GV,outgoing,oGV,24,16,11,10,6,6,6
2023-04-01,2023,4,Apr,2,AIESEC in Pune,GTa,incoming,iGTa,1,1,1,1,1,1,1
2023-04-01,2023,4,Apr,2,AIESEC in Pune,GTe,incoming,iGTe,1,1,1,0,0,0,0
2023-04-01,2023,4,Apr,2,AIESEC in Pune,GV,incoming,iGV,18,6,5,5,4,4,4
2023-04-01,2023,4,Apr,2,AIESEC in Pune,GTa,outgoing,oGTa,14,5,3,2,2,2,2
2023-04-01,2023,4,Apr,2,AIESEC in Pune,GTe,outgoing,oGTe,2,0,0,0,0,0,0
2023-04-01,2023,4,Apr,2,AIESEC in Pune,GV,outgoing,oGV,48,20,13,11,5,5,5
2023-04-01,2023,4,Apr,2,AIESEC in Surat,GTa,incoming,iGTa,2,1,1,1,1,1,1
2023-04-01,2023,4,Apr,2,AIESEC in Surat,GTe,incoming,iGTe,0,0,0,0,0,0,0
2023-04-01,2023,4,Apr,2,AIESEC in Surat,GV,incoming,iGV,7,1,0,0,0,0,0
2023-04-01,2023,4,Apr,2,AIESEC in Surat,GTa,outgoing,oGTa,4,1,1,1,1,1,1
2023-04-01,2023,4,Apr,2,AIESEC in Surat,GTe,outgoing,oGTe,0,0,0,0,0,0,0
2023-04-01,2023,4,Apr,2,AIESEC in Surat,GV,outgoing,oGV,18,9,8,8,6,5,5
2023-04-01,2023,4,Apr,2,AIESEC in Vellore,GTa,incoming,iGTa,1,0,0,0,0,0,0
2023-04-01,2023,4,Apr,2,AIESEC in Vellore,GTe,incoming,iGTe,0,0,0,0,0,0,0
2023-04-01,2023,4,Apr,2,AIESEC in Vellore,GV,incoming,iGV,6,4,4,4,4,3,3
2023-04-01,2023,4,Apr,2,AIESEC in Vellore,GTa,outgoing,oGTa,1,0,0,0,0,0,0
2023-04-01,2023,4,Apr,2,AIESEC in Vellore,GTe,outgoing,oGTe,1,1,0,0,0,0,0
2023-04-01,2023,4,Apr,2,AIESEC in Vellore,GV,outgoing,oGV,8,2,2,2,2,2,1
2023-05-01,2023,5,May,2,AIESEC in Ahmedabad,GTa,incoming,iGTa,4,3,2,1,0,0,0
2023-05-01,2023,5,May,2,AIESEC in Ahmedabad,GTe,incoming,iGTe,0,0,0,0,0,0,0
2023-05-01,2023,5,May,2,AIESEC in Ahmedabad,GV,incoming,iGV,5,2,1,1,1,1,1
2023-05-01,2023,5,May,2,AIESEC in Ahmedabad,GTa,outgoing,oGTa,3,2,2,2,2,2,2
2023-05-01,2023,5,May,2,AIESEC in Ahmedabad,GTe,outgoing,oGTe,1,0,0,0,0,0,0
2023-05-01,2023,5,May,2,AIESEC in Ahmedabad,GV,outgoing,oGV,26,11,9,6,3,3,2
2023-05-01,2023,5,May,2,AIESEC in Bangalore,GTa,incoming,iGTa,3,1,1,0,0,0,0
2023-05-01,2023,5,May,2,AIESEC in Bangalore,GTe,incoming,iGTe,2,0,0,0,0,0,0
2023-05-01,2023,5,May,2,AIESEC in Bangalore,GV,incoming,iGV,9,3,2,2,2,2,1
2023-05-01,2023,5,May,2,AIESEC in Bangalore,GTa,outgoing,oGTa,10,7,5,5,5,5,4
2023-05-01,2023,5,May,2,AIESEC in Bangalore,GTe,outgoing,oGTe,0,0,0,0,0,0,0
2023-05-01,2023,5,May,2,AIESEC in Bangalore,GV,outgoing,oGV,29,16,9,7,6,6,5
2023-05-01,2023,5,May,2,AIESEC in Bhubaneswar,GTa,incoming,iGTa,3,2,2,2,2,2,2
2023-05-01,2023,5,May,2,AIESEC in Bhubaneswar,GTe,incoming,iGTe,0,0,0,0,0,0,0
2023-05-01,2023,5,May,2,AIESEC in Bhubaneswar,GV,incoming,iGV,7,1,0,0,0,0,0
2023-05-01,2023,5,May,2,AIESEC in Bhubaneswar,GTa,outgoing,oGTa,7,5,5,5,3,3,3
2023-05-01,2023,5,May,2,AIESEC in Bhubaneswar,GTe,outgoing,oGTe,1,0,0,0,0,0,0
2023-05-01,2023,5,May,2,AIESEC in Bhubaneswar,GV,outgoing,oGV,11,7,4,2,2,1,1
2023-05-01,2023,5,May,2,AIESEC in Chandigarh,GTa,incoming,iGTa,2,0,0,0,0,0,0
2023-05-01,2023,5,May,2,AIESEC in Chandigarh,GTe,incoming,iGTe,3,1,0,0,0,0,0
2023-05-01,2023,5,May,2,AIESEC in Chandigarh,GV,incoming,iGV,5,1,0,0,0,0,0
2023-05-01,2023,5,May,2,AIESEC in Chandigarh,GTa,outgoing,oGTa,14,8,6,4,2,1,1
2023-05-01,2023,5,May,2,AIESEC in Chandigarh,GTe,outgoing,oGTe,3,2,1,1,1,1,1
2023-05-01,2023,5,May,2,AIESEC in Chandigarh,GV,outgoing,oGV,27,10,6,5,5,5,5
2023-05-01,2023,5,May,2,AIESEC in Chennai,GTa,incoming,iGTa,5,1,0,0,0,0,0
2023-05-01,2023,5,May,2,AIESEC in Chennai,GTe,incoming,iGTe,4,1,1,1,0,0,0
2023-05-01,2023,5,May,2,AIESEC in Chennai,GV,incoming,iGV,12,7,2,2,1,1,0
2023-05-01,2023,5,May,2,AIESEC in Chennai,GTa,outgoing,oGTa,20,10,9,8,7,7,6
2023-05-01,2023,5,May,2,AIESEC in Chennai,GTe,outgoing,oGTe,2,0,0,0,0,0,0
2023-05-01,2023,5,May,2,AIESEC in Chennai,GV,outgoing,oGV,49,19,15,14,7,7,7
2023-05-01,2023,5,May,2,AIESEC in Coimbatore,GTa,incoming,iGTa,4,1,1,0,0,0,0
2023-05-01,2023,5,May,2,AIESEC in Coimbatore,GTe,incoming,iGTe,1,1,0,0,0,0,0
2023-05-01,2023,5,May,2,AIESEC in Coimbatore,GV,incoming,iGV,10,4,4,3,1,1,1
2023-05-01,2023,5,May,2,AIESEC in Coimbatore,GTa,outgoing,oGTa,3,1,0,0,0,0,0
2023-05-01,2023,5,May,2,AIESEC in Coimbatore,GTe,outgoing,oGTe,2,2,1,1,1,1,1
2023-05-01,2023,5,May,2,AIESEC in Coimbatore,GV,outgoing,oGV,22,7,5,3,2,2,2
2023-05-01,2023,5,May,2,AIESEC in Delhi IIT,GTa,incoming,iGTa,17,4,3,3,3,3,3
2023-05-01,2023,5,May,2,AIESEC in Delhi IIT,GTe,incoming,iGTe,1,0,0,0,0,0,0
2023-05-01,2023,5,May,2,AIESEC in Delhi IIT,GV,incoming,iGV,36,20,15,7,6,6,6
2023-05-01,2023,5,May,2,AIESEC in Delhi IIT,GTa,outgoing,oGTa,47,21,15,11,10,8,8
2023-05-01,2023,5,May,2,AIESEC in Delhi IIT,GTe,outgoing,oGTe,12,5,3,3,3,3,3
2023-05-01,2023,5,May,2,AIESEC in Delhi IIT,GV,outgoing,oGV,113,40,20,17,14,14,14
2023-05-01,2023,5,May,2,AIESEC in Delhi University,GTa,incoming,iGTa,8,5,5,2,2,2,2
2023-05-01,2023,5,May,2,AIESEC in Delhi University,GTe,incoming,iGTe,3,2,1,1,1,1,1
2023-05-01,2023,5,May,2,AIESEC in Delhi University,GV,incoming,iGV,32,11,6,4,4,4,3
2023-05-01,2023,5,May,2,AIESEC in Delhi University,GTa,outgoing,oGTa,26,9,8,8,6,6,6
2023-05-01,2023,5,May,2,AIESEC in Delhi University,GTe,outgoing,oGTe,3,3,2,2,2,2,2
2023-05-01,2023,5,May,2,AIESEC in Delhi University,GV,outgoing,oGV,112,42,32,23,16,16,15
2023-05-01,2023,5,May,2,AIESEC in Hyderabad,GTa,incoming,iGTa,5,1,1,1,1,0,0
2023-05-01,2023,5,May,2,AIESEC in Hyderabad,GTe,incoming,iGTe,1,1,1,0,0,0,0
2023-05-01,2023,5,May,2,AIESEC in Hyderabad,GV,incoming,iGV,5,1,0,0,0,0,0
2023-05-01,2023,5,May,2,AIESEC in Hyderabad,GTa,outgoing,oGTa,16,4,3,2,0,0,0
2023-05-01,2023,5,May,2,AIESEC in Hyderabad,GTe,outgoing,oGTe,7,3,3,3,3,2,2
2023-05-01,2023,5,May,2,AIESEC in Hyderabad,GV,outgoing,oGV,32,13,9,9,8,7,7
2023-05-01,2023,5,May,2,AIESEC in Indore,GTa,incoming,iGTa,0,0,0,0,0,0,0
2023-05-01,2023,5,May,2,AIESEC in Indore,GTe,incoming,iGTe,0,0,0,0,0,0,0
2023-05-01,2023,5,May,2,AIESEC in Indore,GV,incoming,iGV,9,1,1,0,0,0,0
2023-05-01,2023,5,May,2,AIESEC in Indore,GTa,outgoing,oGTa,14,1,0,0,0,0,0
2023-05-01,2023,5,May,2,AIESEC in Indore,GTe,outgoing,oGTe,4,2,2,1,1,1,1
2023-05-01,2023,5,May,2,AIESEC in Indore,GV,outgoing,oGV,15,7,6,6,3,3,3
2023-05-01,2023,5,May,2,AIESEC in Jaipur,GTa,incoming,iGTa,2,0,0,0,0,0,0
2023-05-01,2023,5,May,2,AIESEC in Jaipur,GTe,incoming,iGTe,2,2,1,1,1,0,0
2023-05-01,2023,5,May,2,AIESEC in Jaipur,GV,incoming,iGV,6,2,2,2,2,2,2
2023-05-01,2023,5,May,2,AIESEC in Jaipur,GTa,outgoing,oGTa,14,6,4,4,4,4,4
2023-05-01,2023,5,May,2,AIESEC in Jaipur,GTe,outgoing,oGTe,3,3,0,0,0,0,0
2023-05-01,2023,5,May,2,AIESEC in Jaipur,GV,outgoing,oGV,27,12,7,4,3,3,2
2023-05-01,2023,5,May,2,AIESEC in Kochi,GTa,incoming,iGTa,2,2,0,0,0,0,0
2023-05-01,2023,5,May,2,AIESEC in Kochi,GTe,incoming,iGTe,1,0,0,0,0,0,0
2023-05-01,2023,5,May,2,AIESEC in Kochi,GV,incoming,iGV,8,3,2,2,1,1,1
2023-05-01,2023,5,May,2,AIESEC in Kochi,GTa,outgoing,oGTa,6,4,3,2,2,2,2
2023-05-01,2023,5,May,2,AIESEC in Kochi,GTe,outgoing,oGTe,3,0,0,0,0,0,0
2023-05-01,2023,5,May,2,AIESEC in Kochi,GV,outgoing,oGV,28,15,9,6,5,5,3
2023-05-01,2023,5,May,2,AIESEC in Kolkata,GTa,incoming,iGTa,4,1,0,0,0,0,0
2023-05-01,2023,5,May,2,AIESEC in Kolkata,GTe,incoming,iGTe,0,0,0,0,0,0,0
2023-05-01,2023,5,May,2,AIESEC in Kolkata,GV,incoming,iGV,6,1,1,1,1,1,1
2023-05-01,2023,5,May,2,AIESEC in Kolkata,GTa,outgoing,oGTa,10,4,4,4,2,2,2
2023-05-01,2023,5,May,2,AIESEC in Kolkata,GTe,outgoing,oGTe,6,2,2,2,2,2,2
2023-05-01,2023,5,May,2,AIESEC in Kolkata,GV,outgoing,oGV,48,23,14,9,9,9,8
2023-05-01,2023,5,May,2,AIESEC in Lucknow,GTa,incoming,iGTa,2,2,2,2,0,0,0
2023-05-01,2023,5,May,2,AIESEC in Lucknow,GTe,incoming,iGTe,0,0,0,0,0,0,0
2023-05-01,2023,5,May,2,AIESEC in Lucknow,GV,incoming,iGV,7,4,2,2,1,1,0
2023-05-01,2023,5,May,2,AIESEC in Lucknow,GTa,outgoing,oGTa,8,3,3,3,2,1,1
2023-05-01,2023,5,May,2,AIESEC in Lucknow,GTe,outgoing,oGTe,2,1,1,1,1,1,1
2023-05-01,2023,5,May,2,AIESEC in Lucknow,GV,outgoing,oGV,30,12,7,6,5,5,5
2023-05-01,2023,5,May,2,AIESEC in Manipal,GTa,incoming,iGTa,2,0,0,0,0,0,0
2023-05-01,2023,5,May,2,AIESEC in Manipal,GTe,incoming,iGTe,0,0,0,0,0,0,0
2023-05-01,2023,5,May,2,AIESEC in Manipal,GV,incoming,iGV,6,2,0,0,0,0,0
2023-05-01,2023,5,May,2,AIESEC in Manipal,GTa,outgoing,oGTa,8,4,4,4,3,3,3
2023-05-01,2023,5,May,2,AIESEC in Manipal,GTe,outgoing,oGTe,3,3,1,1,0,0,0
2023-05-01,2023,5,May,2,AIESEC in Manipal,GV,outgoing,oGV,12,7,5,4,1,1,1
2023-05-01,2023,5,May,2,AIESEC in Mumbai,GTa,incoming,iGTa,2,1,1,1,0,0,0
2023-05-01,2023,5,May,2,AIESEC in Mumbai,GTe,incoming,iGTe,4,2,2,2,2,2,1
2023-05-01,2023,5,May,2,AIESEC in Mumbai,GV,incoming,iGV,18,6,4,2,1,1,1
2023-05-01,2023,5,May,2,AIESEC in Mumbai,GTa,outgoing,oGTa,34,18,13,10,10,8,7
2023-05-01,2023,5,May,2,AIESEC in Mumbai,GTe,outgoing,oGTe,7,4,4,3,2,2,2
2023-05-01,2023,5,May,2,AIESEC in Mumbai,GV,outgoing,oGV,88,42,28,28,19,18,17
2023-05-01,2023,5,May,2,AIESEC in Nagpur,GTa,incoming,iGTa,1,1,1,1,1,1,1
2023-05-01,2023,5,May,2,AIESEC in Nagpur,GTe,incoming,iGTe,2,1,0,0,0,0,0
2023-05-01,2023,5,May,2,AIESEC in Nagpur,GV,incoming,iGV,6,3,1,0,0,0,0
2023-05-01,2023,5,May,2,AIESEC in Nagpur,GTa,outgoing,oGTa,3,1,1,1,1,1,1
2023-05-01,2023,5,May,2,AIESEC in Nagpur,GTe,outgoing,oGTe,0,0,0,0,0,0,0
2023-05-01,2023,5,May,2,AIESEC in Nagpur,GV,outgoing,oGV,22,8,6,4,2,2,1
2023-05-01,2023,5,May,2,AIESEC in Pune,GTa,incoming,iGTa,5,2,1,1,1,1,1
2023-05-01,2023,5,May,2,AIESEC in Pune,GTe,incoming,iGTe,2,1,1,1,0,0,0
2023-05-01,2023,5,May,2,AIESEC in Pune,GV,incoming,iGV,17,6,2,1,1,1,1
2023-05-01,2023,5,May,2,AIESEC in Pune,GTa,outgoing,oGTa,13,9,6,6,5,5,5
2023-05-01,2023,5,May,2,AIESEC in Pune,GTe,outgoing,oGTe,1,1,1,1,1,1,1
2023-05-01,2023,5,May,2,AIESEC in Pune,GV,outgoing,oGV,72,27,17,15,10,10,8
2023-05-01,2023,5,May,2,AIESEC in Surat,GTa,incoming,iGTa,1,1,0,0,0,0,0
2023-05-01,2023,5,May,2,AIESEC in Surat,GTe,incoming,iGTe,1,0,0,0,0,0,0
2023-05-01,2023,5,May,2,AIESEC in Surat,GV,incoming,iGV,4,1,1,0,0,0,0
2023-05-01,2023,5,May,2,AIESEC in Surat,GTa,outgoing,oGTa,7,5,4,3,3,3,3
2023-05-01,2023,5,May,2,AIESEC in Surat,GTe,outgoing,oGTe,1,0,0,0,0,0,0
2023-05-01,2023,5,May,2,AIESEC in Surat,GV,outgoing,oGV,26,14,8,4,3,3,3
2023-05-01,2023,5,May,2,AIESEC in Vellore,GTa,incoming,iGTa,4,0,0,0,0,0,0
2023-05-01,2023,5,May,2,AIESEC in Vellore,GTe,incoming,iGTe,1,1,0,0,0,0,0
2023-05-01,2023,5,May,2,AIESEC in Vellore,GV,incoming,iGV,5,4,1,1,1,1,1
2023-05-01,2023,5,May,2,AIESEC in Vellore,GTa,outgoing,oGTa,7,3,3,3,2,2,2
2023-05-01,2023,5,May,2,AIESEC in Vellore,GTe,outgoing,oGTe,2,1,1,0,0,0,0
2023-05-01,2023,5,May,2,AIESEC in Vellore,GV,outgoing,oGV,11,7,4,4,3,3,3
2023-06-01,2023,6,Jun,2,AIESEC in Ahmedabad,GTa,incoming,iGTa,7,1,1,1,1,1,1
2023-06-01,2023,6,Jun,2,AIESEC in Ahmedabad,GTe,incoming,iGTe,1,0,0,0,0,0,0
2023-06-01,2023,6,Jun,2,AIESEC in Ahmedabad,GV,incoming,iGV,8,3,3,1,1,1,1
2023-06-01,2023,6,Jun,2,AIESEC in Ahmedabad,GTa,outgoing,oGTa,8,2,2,2,2,2,2
2023-06-01,2023,6,Jun,2,AIESEC in Ahmedabad,GTe,outgoing,oGTe,3,1,1,1,1,1,1
2023-06-01,2023,6,Jun,2,AIESEC in Ahmedabad,GV,outgoing,oGV,28,6,5,1,0,0,0
2023-06-01,2023,6,Jun,2,AIESEC in Bangalore,GTa,incoming,iGTa,5,2,2,2,1,1,0
2023-06-01,2023,6,Jun,2,AIESEC in Bangalore,GTe,incoming,iGTe,0,0,0,0,0,0,0
2023-06-01,2023,6,Jun,2,AIESEC in Bangalore,GV,incoming,iGV,10,6,1,1,1,1,1
2023-06-01,2023,6,Jun,2,AIESEC in Bangalore,GTa,outgoing,oGTa,11,4,3,3,2,2,2
2023-06-01,2023,6,Jun,2,AIESEC in Bangalore,GTe,outgoing,oGTe,5,2,2,2,2,2,2
2023-06-01,2023,6,Jun,2,AIESEC in Bangalore,GV,outgoing,oGV,33,12,7,5,4,4,3
2023-06-01,2023,6,Jun,2,AIESEC in Bhubaneswar,GTa,incoming,iGTa,3,0,0,0,0,0,0
2023-06-01,2023,6,Jun,2,AIESEC in Bhubaneswar,GTe,incoming,iGTe,0,0,0,0,0,0,0
2023-06-01,2023,6,Jun,2,AIESEC in Bhubaneswar,GV,incoming,iGV,3,2,1,1,1,1,1
2023-06-01,2023,6,Jun,2,AIESEC in Bhubaneswar,GTa,outgoing,oGTa,7,4,4,4,4,4,4
2023-06-01,2023,6,Jun,2,AIESEC in Bhubaneswar,GTe,outgoing,oGTe,2,1,1,1,1,1,1
2023-06-01,2023,6,Jun,2,AIESEC in Bhubaneswar,GV,outgoing,oGV,25,16,8,7,7,5,4
2023-06-01,2023,6,Jun,2,AIESEC in Chandigarh,GTa,incoming,iGTa,3,2,2,1,1,1,1
2023-06-01,2023,6,Jun,2,AIESEC in Chandigarh,GTe,incoming,iGTe,0,0,0,0,0,0,0
2023-06-01,2023,6,Jun,2,AIESEC in Chandigarh,GV,incoming,iGV,7,1,1,1,1,0,0
2023-06-01,2023,6,Jun,2,AIESEC in Chandigarh,GTa,outgoing,oGTa,4,3,3,2,1,1,1
2023-06-01,2023,6,Jun,2,AIESEC in Chandigarh,GTe,outgoing,oGTe,6,1,1,0,0,0,0
2023-06-01,2023,6,Jun,2,AIESEC in Chandigarh,GV,outgoing,oGV,25,10,6,4,4,4,4
2023-06-01,2023,6,Jun,2,AIESEC in Chennai,GTa,incoming,iGTa,7,5,4,3,2,2,2
2023-06-01,2023,6,Jun,2,AIESEC in Chennai,GTe,incoming,iGTe,5,4,3,3,3,3,3
2023-06-01,2023,6,Jun,2,AIESEC in Chennai,GV,incoming,iGV,17,11,9,7,4,3,2
2023-06-01,2023,6,Jun,2,AIESEC in Chennai,GTa,outgoing,oGTa,28,15,11,11,9,9,8
2023-06-01,2023,6,Jun,2,AIESEC in Chennai,GTe,outgoing,oGTe,7,2,2,1,1,1,1
2023-06-01,2023,6,Jun,2,AIESEC in Chennai,GV,outgoing,oGV,47,23,16,13,10,9,9
2023-06-01,2023,6,Jun,2,AIESEC in Coimbatore,GTa,incoming,iGTa,1,0,0,0,0,0,0
2023-06-01,2023,6,Jun,2,AIESEC in Coimbatore,GTe,incoming,iGTe,1,0,0,0,0,0,0
2023-06-01,2023,6,Jun,2,AIESEC in Coimbatore,GV,incoming,iGV,7,3,2,2,1,1,1
2023-06-01,2023,6,Jun,2,AIESEC in Coimbatore,GTa,outgoing,oGTa,4,4,4,4,4,4,4
2023-06-01,2023,6,Jun,2,AIESEC in Coimbatore,GTe,outgoing,oGTe,2,1,0,0,0,0,0
2023-06-01,2023,6,Jun,2,AIESEC in Coimbatore,GV,outgoing,oGV,17,10,9,5,3,3,3
2023-06-01,2023,6,Jun,2,AIESEC in Delhi IIT,GTa,incoming,iGTa,25,13,12,10,9,9,8
2023-06-01,2023,6,Jun,2,AIESEC in Delhi IIT,GTe,incoming,iGTe,1,1,1,1,1,1,1
2023-06-01,2023,6,Jun,2,AIESEC in Delhi IIT,GV,incoming,iGV,42,22,14,10,9,8,5
2023-06-01,2023,6,Jun,2,AIESEC in Delhi IIT,GTa,outgoing,oGTa,45,18,14,13,6,6,6
2023-06-01,2023,6,Jun,2,AIESEC in Delhi IIT,GTe,outgoing,oGTe,11,6,5,2,2,2,2
2023-06-01,2023,6,Jun,2,AIESEC in Delhi IIT,GV,outgoing,oGV,131,66,46,35,30,30,27
2023-06-01,2023,6,Jun,2,AIESEC in Delhi University,GTa,incoming,iGTa,11,6,3,2,1,1,1
2023-06-01,2023,6,Jun,2,AIESEC in Delhi University,GTe,incoming,iGTe,5,3,1,1,1,1,1
2023-06-01,2023,6,Jun,2,AIESEC in Delhi University,GV,incoming,iGV,39,19,13,8,5,5,5
2023-06-01,2023,6,Jun,2,AIESEC in Delhi University,GTa,outgoing,oGTa,19,6,3,3,1,1,1
2023-06-01,2023,6,Jun,2,AIESEC in Delhi University,GTe,outgoing,oGTe,6,4,2,1,0,0,0
2023-06-01,2023,6,Jun,2,AIESEC in Delhi University,GV,outgoing,oGV,93,38,30,24,17,15,13
2023-06-01,2023,6,Jun,2,AIESEC in Hyderabad,GTa,incoming,iGTa,6,2,2,2,2,1,1
2023-06-01,2023,6,Jun,2,AIESEC in Hyderabad,GTe,incoming,iGTe,3,1,1,0,0,0,0
2023-06-01,2023,6,Jun,2,AIESEC in Hyderabad,GV,incoming,iGV,14,6,5,5,4,4,3
2023-06-01,2023,6,Jun,2,AIESEC in Hyderabad,GTa,outgoing,oGTa,14,6,3,2,2,2,2
2023-06-01,2023,6,Jun,2,AIESEC in Hyderabad,GTe,outgoing,oGTe,1,1,1,1,1,1,1
2023-06-01,2023,6,Jun,2,AIESEC in Hyderabad,GV,outgoing,oGV,39,13,10,9,6,6,6
2023-06-01,2023,6,Jun,2,AIESEC in Indore,GTa,incoming,iGTa,2,2,2,1,1,1,1
2023-06-01,2023,6,Jun,2,AIESEC in Indore,GTe,incoming,iGTe,1,0,0,0,0,0,0
2023-06-01,2023,6,Jun,2,AIESEC in Indore,GV,incoming,iGV,9,6,5,3,3,3,3
2023-06-01,2023,6,Jun,2,AIESEC in Indore,GTa,outgoing,oGTa,15,8,7,5,2,2,2
2023-06-01,2023,6,Jun,2,AIESEC in Indore,GTe,outgoing,oGTe,4,1,1,1,0,0,0
2023-06-01,2023,6,Jun,2,AIESEC in Indore,GV,outgoing,oGV,22,8,4,3,3,3,3
2023-06-01,2023,6,Jun,2,AIESEC in Jaipur,GTa,incoming,iGTa,1,0,0,0,0,0,0
2023-06-01,2023,6,Jun,2,AIESEC in Jaipur,GTe,incoming,iGTe,0,0,0,0,0,0,0
2023-06-01,2023,6,Jun,2,AIESEC in Jaipur,GV,incoming,iGV,19,8,4,2,2,2,2
2023-06-01,2023,6,Jun,2,AIESEC in Jaipur,GTa,outgoing,oGTa,8,3,2,2,2,2,2
2023-06-01,2023,6,Jun,2,AIESEC in Jaipur,GTe,outgoing,oGTe,2,1,1,1,1,1,1
2023-06-01,2023,6,Jun,2,AIESEC in Jaipur,GV,outgoing,oGV,28,11,7,7,5,5,4
2023-06-01,2023,6,Jun,2,AIESEC in Kochi,GTa,incoming,iGTa,2,1,1,0,0,0,0
2023-06-01,2023,6,Jun,2,AIESEC in Kochi,GTe,incoming,iGTe,0,0,0,0,0,0,0
2023-06-01,2023,6,Jun,2,AIESEC in Kochi,GV,incoming,iGV,7,1,0,0,0,0,0
2023-06-01,2023,6,Jun,2,AIESEC in Kochi,GTa,outgoing,oGTa,6,3,3,3,2,2,2
2023-06-01,2023,6,Jun,2,AIESEC in Kochi,GTe,outgoing,oGTe,1,1,0,0,0,0,0
2023-06-01,2023,6,Jun,2,AIESEC in Kochi,GV,outgoing,oGV,25,12,9,5,4,4,3
2023-06-01,2023,6,Jun,2,AIESEC in Kolkata,GTa,incoming,iGTa,5,1,1,0,0,0,0
2023-06-01,2023,6,Jun,2,AIESEC in Kolkata,GTe,incoming,iGTe,2,0,0,0,0,0,0
2023-06-01,2023,6,Jun,2,AIESEC in Kolkata,GV,incoming,iGV,10,3,3,1,0,0,0
2023-06-01,2023,6,Jun,2,AIESEC in Kolkata,GTa,outgoing,oGTa,14,7,6,5,5,5,5
2023-06-01,2023,6,Jun,2,AIESEC in Kolkata,GTe,outgoing,oGTe,6,4,2,2,2,2,2
2023-06-01,2023,6,Jun,2,AIESEC in Kolkata,GV,outgoing,oGV,29,10,5,3,3,2,2
2023-06-01,2023,6,Jun,2,AIESEC in Lucknow,GTa,incoming,iGTa,0,0,0,0,0,0,0
2023-06-01,2023,6,Jun,2,AIESEC in Lucknow,GTe,incoming,iGTe,0,0,0,0,0,0,0
2023-06-01,2023,6,Jun,2,AIESEC in Lucknow,GV,incoming,iGV,11,2,2,1,1,1,1
2023-06-01,2023,6,Jun,2,AIESEC in Lucknow,GTa,outgoing,oGTa,7,5,2,1,1,1,1
2023-06-01,2023,6,Jun,2,AIESEC in Lucknow,GTe,outgoing,oGTe,2,2,2,2,2,2,2
2023-06-01,2023,6,Jun,2,AIESEC in Lucknow,GV,outgoing,oGV,29,13,8,8,6,6,6
2023-06-01,2023,6,Jun,2,AIESEC in Manipal,GTa,incoming,iGTa,0,0,0,0,0,0,0
2023-06-01,2023,6,Jun,2,AIESEC in Manipal,GTe,incoming,iGTe,2,1,0,0,0,0,0
2023-06-01,2023,6,Jun,2,AIESEC in Manipal,GV,incoming,iGV,8,2,1,1,1,1,1
2023-06-01,2023,6,Jun,2,AIESEC in Manipal,GTa,outgoing,oGTa,4,1,1,1,1,1,1
2023-06-01,2023,6,Jun,2,AIESEC in Manipal,GTe,outgoing,oGTe,0,0,0,0,0,0,0
2023-06-01,2023,6,Jun,2,AIESEC in Manipal,GV,outgoing,oGV,23,12,8,4,3,2,2
2023-06-01,2023,6,Jun,2,AIESEC in Mumbai,GTa,incoming,iGTa,6,3,3,3,3,3,3
2023-06-01,2023,6,Jun,2,AIESEC in Mumbai,GTe,incoming,iGTe,4,2,0,0,0,0,0
2023-06-01,2023,6,Jun,2,AIESEC in Mumbai,GV,incoming,iGV,14,7,5,5,4,2,2
2023-06-01,2023,6,Jun,2,AIESEC in Mumbai,GTa,outgoing,oGTa,19,11,9,9,7,7,7
2023-06-01,2023,6,Jun,2,AIESEC in Mumbai,GTe,outgoing,oGTe,8,5,2,2,2,2,2
2023-06-01,2023,6,Jun,2,AIESEC in Mumbai,GV,outgoing,oGV,68,34,22,17,14,14,13
2023-06-01,2023,6,Jun,2,AIESEC in Nagpur,GTa,incoming,iGTa,3,2,2,2,2,2,2
2023-06-01,2023,6,Jun,2,AIESEC in Nagpur,GTe,incoming,iGTe,0,0,0,0,0,0,0
2023-06-01,2023,6,Jun,2,AIESEC in Nagpur,GV,incoming,iGV,10,5,2,2,2,2,1
2023-06-01,2023,6,Jun,2,AIESEC in Nagpur,GTa,outgoing,oGTa,8,4,3,2,2,1,1
2023-06-01,2023,6,Jun,2,AIESEC in Nagpur,GTe,outgoing,oGTe,5,3,2,2,2,2,2
2023-06-01,2023,6,Jun,2,AIESEC in Nagpur,GV,outgoing,oGV,23,8,5,4,1,0,0
2023-06-01,2023,6,Jun,2,AIESEC in Pune,GTa,incoming,iGTa,2,2,2,2,1,1,1
2023-06-01,2023,6,Jun,2,AIESEC in Pune,GTe,incoming,iGTe,2,2,1,1,0,0,0
2023-06-01,2023,6,Jun,2,AIESEC in Pune,GV,incoming,iGV,27,7,5,4,2,2,1
2023-06-01,2023,6,Jun,2,AIESEC in Pune,GTa,outgoing,oGTa,22,16,14,13,10,9,8
2023-06-01,2023,6,Jun,2,AIESEC in Pune,GTe,outgoing,oGTe,6,3,1,0,0,0,0
2023-06-01,2023,6,Jun,2,AIESEC in Pune,GV,outgoing,oGV,41,11,6,4,3,3,3
2023-06-01,2023,6,Jun,2,AIESEC in Surat,GTa,incoming,iGTa,3,2,2,1,1,1,1
2023-06-01,2023,6,Jun,2,AIESEC in Surat,GTe,incoming,iGTe,0,0,0,0,0,0,0
2023-06-01,2023,6,Jun,2,AIESEC in Surat,GV,incoming,iGV,6,3,2,1,1,1,0
2023-06-01,2023,6,Jun,2,AIESEC in Surat,GTa,outgoing,oGTa,4,2,2,2,2,2,2
2023-06-01,2023,6,Jun,2,AIESEC in Surat,GTe,outgoing,oGTe,2,0,0,0,0,0,0
2023-06-01,2023,6,Jun,2,AIESEC in Surat,GV,outgoing,oGV,16,5,5,5,5,5,4
2023-06-01,2023,6,Jun,2,AIESEC in Vellore,GTa,incoming,iGTa,2,1,1,0,0,0,0
2023-06-01,2023,6,Jun,2,AIESEC in Vellore,GTe,incoming,iGTe,1,0,0,0,0,0,0
2023-06-01,2023,6,Jun,2,AIESEC in Vellore,GV,incoming,iGV,11,3,2,2,1,1,0
2023-06-01,2023,6,Jun,2,AIESEC in Vellore,GTa,outgoing,oGTa,4,1,0,0,0,0,0
2023-06-01,2023,6,Jun,2,AIESEC in Vellore,GTe,outgoing,oGTe,3,0,0,0,0,0,0
2023-06-01,2023,6,Jun,2,AIESEC in Vellore,GV,outgoing,oGV,13,7,4,2,1,1,1
2023-07-01,2023,7,Jul,3,AIESEC in Ahmedabad,GTa,incoming,iGTa,5,1,1,0,0,0,0
2023-07-01,2023,7,Jul,3,AIESEC in Ahmedabad,GTe,incoming,iGTe,1,0,0,0,0,0,0
2023-07-01,2023,7,Jul,3,AIESEC in Ahmedabad,GV,incoming,iGV,8,2,2,1,0,0,0
2023-07-01,2023,7,Jul,3,AIESEC in Ahmedabad,GTa,outgoing,oGTa,10,5,3,3,3,3,3
2023-07-01,2023,7,Jul,3,AIESEC in Ahmedabad,GTe,outgoing,oGTe,2,1,1,1,0,0,0
2023-07-01,2023,7,Jul,3,AIESEC in Ahmedabad,GV,outgoing,oGV,28,11,5,4,4,4,4
2023-07-01,2023,7,Jul,3,AIESEC in Bangalore,GTa,incoming,iGTa,2,2,2,2,2,2,2
2023-07-01,2023,7,Jul,3,AIESEC in Bangalore,GTe,incoming,iGTe,1,1,1,0,0,0,0
2023-07-01,2023,7,Jul,3,AIESEC in Bangalore,GV,incoming,iGV,14,4,1,1,1,0,0
2023-07-01,2023,7,Jul,3,AIESEC in Bangalore,GTa,outgoing,oGTa,12,7,5,5,4,4,4
2023-07-01,2023,7,Jul,3,AIESEC in Bangalore,GTe,outgoing,oGTe,2,1,1,0,0,0,0
2023-07-01,2023,7,Jul,3,AIESEC in Bangalore,GV,outgoing,oGV,35,15,11,8,3,3,3
2023-07-01,2023,7,Jul,3,AIESEC in Bhubaneswar,GTa,incoming,iGTa,5,2,1,1,1,1,1
2023-07-01,2023,7,Jul,3,AIESEC in Bhubaneswar,GTe,incoming,iGTe,2,0,0,0,0,0,0
2023-07-01,2023,7,Jul,3,AIESEC in Bhubaneswar,GV,incoming,iGV,5,2,2,1,0,0,0
2023-07-01,2023,7,Jul,3,AIESEC in Bhubaneswar,GTa,outgoing,oGTa,7,6,6,6,5,5,4
2023-07-01,2023,7,Jul,3,AIESEC in Bhubaneswar,GTe,outgoing,oGTe,1,1,1,1,1,1,1
2023-07-01,2023,7,Jul,3,AIESEC in Bhubaneswar,GV,outgoing,oGV,17,9,5,4,4,4,4
2023-07-01,2023,7,Jul,3,AIESEC in Chandigarh,GTa,incoming,iGTa,2,0,0,0,0,0,0
2023-07-01,2023,7,Jul,3,AIESEC in Chandigarh,GTe,incoming,iGTe,0,0,0,0,0,0,0
2023-07-01,2023,7,Jul,3,AIESEC in Chandigarh,GV,incoming,iGV,13,5,3,3,3,3,3
2023-07-01,2023,7,Jul,3,AIESEC in Chandigarh,GTa,outgoing,oGTa,11,7,2,1,0,0,0
2023-07-01,2023,7,Jul,3,AIESEC in Chandigarh,GTe,outgoing,oGTe,0,0,0,0,0,0,0
2023-07-01,2023,7,Jul,3,AIESEC in Chandigarh,GV,outgoing,oGV,18,6,3,2,1,1,1
2023-07-01,2023,7,Jul,3,AIESEC in Chennai,GTa,incoming,iGTa,5,1,1,1,1,1,1
2023-07-01,2023,7,Jul,3,AIESEC in Chennai,GTe,incoming,iGTe,4,2,1,1,1,1,0
2023-07-01,2023,7,Jul,3,AIESEC in Chennai,GV,incoming,iGV,17,8,7,5,4,3,2
2023-07-01,2023,7,Jul,3,AIESEC in Chennai,GTa,outgoing,oGTa,14,7,5,5,4,4,4
2023-07-01,2023,7,Jul,3,AIESEC in Chennai,GTe,outgoing,oGTe,2,1,1,1,1,1,1
2023-07-01,2023,7,Jul,3,AIESEC in Chennai,GV,outgoing,oGV,42,15,11,8,8,8,6
2023-07-01,2023,7,Jul,3,AIESEC in Coimbatore,GTa,incoming,iGTa,2,2,2,1,1,1,1
2023-07-01,2023,7,Jul,3,AIESEC in Coimbatore,GTe,incoming,iGTe,0,0,0,0,0,0,0
2023-07-01,2023,7,Jul,3,AIESEC in Coimbatore,GV,incoming,iGV,12,6,6,4,3,3,3
2023-07-01,2023,7,Jul,3,AIESEC in Coimbatore,GTa,outgoing,oGTa,3,1,1,1,1,1,1
2023-07-01,2023,7,Jul,3,AIESEC in Coimbatore,GTe,outgoing,oGTe,3,1,1,1,1,1,1
2023-07-01,2023,7,Jul,3,AIESEC in Coimbatore,GV,outgoing,oGV,13,7,5,4,4,4,4
2023-07-01,2023,7,Jul,3,AIESEC in Delhi IIT,GTa,incoming,iGTa,9,5,3,3,3,3,3
2023-07-01,2023,7,Jul,3,AIESEC in Delhi IIT,GTe,incoming,iGTe,5,2,2,2,2,2,2
2023-07-01,2023,7,Jul,3,AIESEC in Delhi IIT,GV,incoming,iGV,45,20,13,10,6,5,3
2023-07-01,2023,7,Jul,3,AIESEC in Delhi IIT,GTa,outgoing,oGTa,34,11,9,6,5,5,5
2023-07-01,2023,7,Jul,3,AIESEC in Delhi IIT,GTe,outgoing,oGTe,11,6,4,3,3,2,2
2023-07-01,2023,7,Jul,3,AIESEC in Delhi IIT,GV,outgoing,oGV,150,60,43,39,34,33,30
2023-07-01,2023,7,Jul,3,AIESEC in Delhi University,GTa,incoming,iGTa,7,6,6,5,4,4,2
2023-07-01,2023,7,Jul,3,AIESEC in Delhi University,GTe,incoming,iGTe,5,2,2,1,1,1,1
2023-07-01,2023,7,Jul,3,AIESEC in Delhi University,GV,incoming,iGV,19,9,5,3,3,3,3
2023-07-01,2023,7,Jul,3,AIESEC in Delhi University,GTa,outgoing,oGTa,26,17,11,7,6,6,6
2023-07-01,2023,7,Jul,3,AIESEC in Delhi University,GTe,outgoing,oGTe,8,3,3,2,1,1,1
2023-07-01,2023,7,Jul,3,AIESEC in Delhi University,GV,outgoing,oGV,58,22,12,12,10,8,8
2023-07-01,2023,7,Jul,3,AIESEC in Hyderabad,GTa,incoming,iGTa,4,2,0,0,0,0,0
2023-07-01,2023,7,Jul,3,AIESEC in Hyderabad,GTe,incoming,iGTe,0,0,0,0,0,0,0
2023-07-01,2023,7,Jul,3,AIESEC in Hyderabad,GV,incoming,iGV,13,7,4,3,3,3,3
2023-07-01,2023,7,Jul,3,AIESEC in Hyderabad,GTa,outgoing,oGTa,5,3,3,3,3,2,2
2023-07-01,2023,7,Jul,3,AIESEC in Hyderabad,GTe,outgoing,oGTe,2,0,0,0,0,0,0
2023-07-01,2023,7,Jul,3,AIESEC in Hyderabad,GV,outgoing,oGV,29,12,11,7,4,4,4
2023-07-01,2023,7,Jul,3,AIESEC in Indore,GTa,incoming,iGTa,4,2,1,1,0,0,0
2023-07-01,2023,7,Jul,3,AIESEC in Indore,GTe,incoming,iGTe,0,0,0,0,0,0,0
2023-07-01,2023,7,Jul,3,AIESEC in Indore,GV,incoming,iGV,8,2,1,0,0,0,0
2023-07-01,2023,7,Jul,3,AIESEC in Indore,GTa,outgoing,oGTa,5,2,2,2,2,2,2
2023-07-01,2023,7,Jul,3,AIESEC in Indore,GTe,outgoing,oGTe,1,0,0,0,0,0,0
2023-07-01,2023,7,Jul,3,AIESEC in Indore,GV,outgoing,oGV,24,13,11,9,5,4,3
2023-07-01,2023,7,Jul,3,AIESEC in Jaipur,GTa,incoming,iGTa,1,0,0,0,0,0,0
2023-07-01,2023,7,Jul,3,AIESEC in Jaipur,GTe,incoming,iGTe,2,1,1,1,1,1,1
2023-07-01,2023,7,Jul,3,AIESEC in Jaipur,GV,incoming,iGV,8,3,2,1,0,0,0
2023-07-01,2023,7,Jul,3,AIESEC in Jaipur,GTa,outgoing,oGTa,7,3,2,2,2,2,2
2023-07-01,2023,7,Jul,3,AIESEC in Jaipur,GTe,outgoing,oGTe,3,2,2,2,1,1,1
2023-07-01,2023,7,Jul,3,AIESEC in Jaipur,GV,outgoing,oGV,25,13,10,9,6,6,6
2023-07-01,2023,7,Jul,3,AIESEC in Kochi,GTa,incoming,iGTa,3,0,0,0,0,0,0
2023-07-01,2023,7,Jul,3,AIESEC in Kochi,GTe,incoming,iGTe,2,1,1,1,1,1,1
2023-07-01,2023,7,Jul,3,AIESEC in Kochi,GV,incoming,iGV,8,5,3,3,3,2,2
2023-07-01,2023,7,Jul,3,AIESEC in Kochi,GTa,outgoing,oGTa,3,2,2,2,1,1,1
2023-07-01,2023,7,Jul,3,AIESEC in Kochi,GTe,outgoing,oGTe,1,0,0,0,0,0,0
2023-07-01,2023,7,Jul,3,AIESEC in Kochi,GV,outgoing,oGV,14,9,8,7,6,6,6
2023-07-01,2023,7,Jul,3,AIESEC in Kolkata,GTa,incoming,iGTa,3,1,1,1,1,1,1
2023-07-01,2023,7,Jul,3,AIESEC in Kolkata,GTe,incoming,iGTe,2,1,1,1,1,1,1
2023-07-01,2023,7,Jul,3,AIESEC in Kolkata,GV,incoming,iGV,10,5,5,3,1,1,0
2023-07-01,2023,7,Jul,3,AIESEC in Kolkata,GTa,outgoing,oGTa,12,6,4,3,1,1,1
2023-07-01,2023,7,Jul,3,AIESEC in Kolkata,GTe,outgoing,oGTe,6,1,0,0,0,0,0
2023-07-01,2023,7,Jul,3,AIESEC in Kolkata,GV,outgoing,oGV,36,21,15,9,8,8,6
2023-07-01,2023,7,Jul,3,AIESEC in Lucknow,GTa,incoming,iGTa,7,2,1,1,1,1,1
2023-07-01,2023,7,Jul,3,AIESEC in Lucknow,GTe,incoming,iGTe,4,1,0,0,0,0,0
2023-07-01,2023,7,Jul,3,AIESEC in Lucknow,GV,incoming,iGV,3,2,2,2,0,0,0
2023-07-01,2023,7,Jul,3,AIESEC in Lucknow,GTa,outgoing,oGTa,7,4,1,1,1,1,1
2023-07-01,2023,7,Jul,3,AIESEC in Lucknow,GTe,outgoing,oGTe,1,1,0,0,0,0,0
2023-07-01,2023,7,Jul,3,AIESEC in Lucknow,GV,outgoing,oGV,25,11,7,5,4,4,2
2023-07-01,2023,7,Jul,3,AIESEC in Manipal,GTa,incoming,iGTa,1,0,0,0,0,0,0
2023-07-01,2023,7,Jul,3,AIESEC in Manipal,GTe,incoming,iGTe,0,0,0,0,0,0,0
2023-07-01,2023,7,Jul,3,AIESEC in Manipal,GV,incoming,iGV,7,2,1,1,1,1,1
2023-07-01,2023,7,Jul,3,AIESEC in Manipal,GTa,outgoing,oGTa,5,2,1,1,1,1,1
2023-07-01,2023,7,Jul,3,AIESEC in Manipal,GTe,outgoing,oGTe,1,1,0,0,0,0,0
2023-07-01,2023,7,Jul,3,AIESEC in Manipal,GV,outgoing,oGV,13,7,4,3,3,3,3
2023-07-01,2023,7,Jul,3,AIESEC in Mumbai,GTa,incoming,iGTa,9,3,3,3,2,2,2
2023-07-01,2023,7,Jul,3,AIESEC in Mumbai,GTe,incoming,iGTe,2,2,0,0,0,0,0
2023-07-01,2023,7,Jul,3,AIESEC in Mumbai,GV,incoming,iGV,26,6,4,4,4,3,3
2023-07-01,2023,7,Jul,3,AIESEC in Mumbai,GTa,outgoing,oGTa,13,5,5,4,4,3,3
2023-07-01,2023,7,Jul,3,AIESEC in Mumbai,GTe,outgoing,oGTe,8,6,4,3,1,1,1
2023-07-01,2023,7,Jul,3,AIESEC in Mumbai,GV,outgoing,oGV,40,14,7,7,5,5,5
2023-07-01,2023,7,Jul,3,AIESEC in Nagpur,GTa,incoming,iGTa,5,4,3,3,1,1,1
2023-07-01,2023,7,Jul,3,AIESEC in Nagpur,GTe,incoming,iGTe,0,0,0,0,0,0,0
2023-07-01,2023,7,Jul,3,AIESEC in Nagpur,GV,incoming,iGV,11,7,3,2,0,0,0
2023-07-01,2023,7,Jul,3,AIESEC in Nagpur,GTa,outgoing,oGTa,4,2,0,0,0,0,0
2023-07-01,2023,7,Jul,3,AIESEC in Nagpur,GTe,outgoing,oGTe,1,0,0,0,0,0,0
2023-07-01,2023,7,Jul,3,AIESEC in Nagpur,GV,outgoing,oGV,18,10,5,4,3,3,3
2023-07-01,2023,7,Jul,3,AIESEC in Pune,GTa,incoming,iGTa,6,3,0,0,0,0,0
2023-07-01,2023,7,Jul,3,AIESEC in Pune,GTe,incoming,iGTe,5,3,3,3,3,3,3
2023-07-01,2023,7,Jul,3,AIESEC in Pune,GV,incoming,iGV,19,3,3,3,2,2,2
2023-07-01,2023,7,Jul,3,AIESEC in Pune,GTa,outgoing,oGTa,18,10,9,6,3,3,3
2023-07-01,2023,7,Jul,3,AIESEC in Pune,GTe,outgoing,oGTe,8,0,0,0,0,0,0
2023-07-01,2023,7,Jul,3,AIESEC in Pune,GV,outgoing,oGV,48,28,21,17,11,11,11
2023-07-01,2023,7,Jul,3,AIESEC in Surat,GTa,incoming,iGTa,5,1,1,1,1,1,1
2023-07-01,2023,7,Jul,3,AIESEC in Surat,GTe,incoming,iGTe,1,0,0,0,0,0,0
2023-07-01,2023,7,Jul,3,AIESEC in Surat,GV,incoming,iGV,11,6,2,1,1,1,1
2023-07-01,2023,7,Jul,3,AIESEC in Surat,GTa,outgoing,oGTa,1,1,1,1,1,1,1
2023-07-01,2023,7,Jul,3,AIESEC in Surat,GTe,outgoing,oGTe,1,0,0,0,0,0,0
2023-07-01,2023,7,Jul,3,AIESEC in Surat,GV,outgoing,oGV,10,4,0,0,0,0,0
2023-07-01,2023,7,Jul,3,AIESEC in Vellore,GTa,incoming,iGTa,1,0,0,0,0,0,0
2023-07-01,2023,7,Jul,3,AIESEC in Vellore,GTe,incoming,iGTe,0,0,0,0,0,0,0
2023-07-01,2023,7,Jul,3,AIESEC in Vellore,GV,incoming,iGV,6,2,1,1,1,1,1
2023-07-01,2023,7,Jul,3,AIESEC in Vellore,GTa,outgoing,oGTa,4,3,2,2,2,2,2
2023-07-01,2023,7,Jul,3,AIESEC in Vellore,GTe,outgoing,oGTe,1,0,0,0,0,0,0
2023-07-01,2023,7,Jul,3,AIESEC in Vellore,GV,outgoing,oGV,11,6,3,2,1,1,1
2023-08-01,2023,8,Aug,3,AIESEC in Ahmedabad,GTa,incoming,iGTa,4,1,1,1,1,1,1
2023-08-01,2023,8,Aug,3,AIESEC in Ahmedabad,GTe,incoming,iGTe,1,0,0,0,0,0,0
2023-08-01,2023,8,Aug,3,AIESEC in Ahmedabad,GV,incoming,iGV,10,5,4,2,1,1,0
2023-08-01,2023,8,Aug,3,AIESEC in Ahmedabad,GTa,outgoing,oGTa,5,2,2,2,1,1,1
2023-08-01,2023,8,Aug,3,AIESEC in Ahmedabad,GTe,outgoing,oGTe,3,1,0,0,0,0,0
2023-08-01,2023,8,Aug,3,AIESEC in Ahmedabad,GV,outgoing,oGV,18,9,5,4,2,2,2
2023-08-01,2023,8,Aug,3,AIESEC in Bangalore,GTa,incoming,iGTa,5,2,2,2,1,1,1
2023-08-01,2023,8,Aug,3,AIESEC in Bangalore,GTe,incoming,iGTe,0,0,0,0,0,0,0
2023-08-01,2023,8,Aug,3,AIESEC in Bangalore,GV,incoming,iGV,16,10,8,8,7,4,1
2023-08-01,2023,8,Aug,3,AIESEC in Bangalore,GTa,outgoing,oGTa,11,3,2,1,1,1,1
2023-08-01,2023,8,Aug,3,AIESEC in Bangalore,GTe,outgoing,oGTe,2,2,1,1,1,1,1
2023-08-01,2023,8,Aug,3,AIESEC in Bangalore,GV,outgoing,oGV,31,14,12,11,10,8,8
2023-08-01,2023,8,Aug,3,AIESEC in Bhubaneswar,GTa,incoming,iGTa,2,1,1,1,1,1,1
2023-08-01,2023,8,Aug,3,AIESEC in Bhubaneswar,GTe,incoming,iGTe,1,0,0,0,0,0,0
2023-08-01,2023,8,Aug,3,AIESEC in Bhubaneswar,GV,incoming,iGV,4,1,1,1,0,0,0
2023-08-01,2023,8,Aug,3,AIESEC in Bhubaneswar,GTa,outgoing,oGTa,4,1,0,0,0,0,0
2023-08-01,2023,8,Aug,3,AIESEC in Bhubaneswar,GTe,outgoing,oGTe,0,0,0,0,0,0,0
2023-08-01,2023,8,Aug,3,AIESEC in Bhubaneswar,GV,outgoing,oGV,7,6,6,5,3,3,3
2023-08-01,2023,8,Aug,3,AIESEC in Chandigarh,GTa,incoming,iGTa,0,0,0,0,0,0,0
2023-08-01,2023,8,Aug,3,AIESEC in Chandigarh,GTe,incoming,iGTe,0,0,0,0,0,0,0
2023-08-01,2023,8,Aug,3,AIESEC in Chandigarh,GV,incoming,iGV,7,3,3,1,0,0,0
2023-08-01,2023,8,Aug,3,AIESEC in Chandigarh,GTa,outgoing,oGTa,6,2,1,1,1,1,1
2023-08-01,2023,8,Aug,3,AIESEC in Chandigarh,GTe,outgoing,oGTe,3,2,0,0,0,0,0
2023-08-01,2023,8,Aug,3,AIESEC in Chandigarh,GV,outgoing,oGV,13,6,5,5,1,1,1
2023-08-01,2023,8,Aug,3,AIESEC in Chennai,GTa,incoming,iGTa,6,1,0,0,0,0,0
2023-08-01,2023,8,Aug,3,AIESEC in Chennai,GTe,incoming,iGTe,2,0,0,0,0,0,0
2023-08-01,2023,8,Aug,3,AIESEC in Chennai,GV,incoming,iGV,13,4,2,1,0,0,0
2023-08-01,2023,8,Aug,3,AIESEC in Chennai,GTa,outgoing,oGTa,11,4,4,4,3,3,3
2023-08-01,2023,8,Aug,3,AIESEC in Chennai,GTe,outgoing,oGTe,4,2,1,1,1,1,1
2023-08-01,2023,8,Aug,3,AIESEC in Chennai,GV,outgoing,oGV,30,11,8,7,5,5,4
2023-08-01,2023,8,Aug,3,AIESEC in Coimbatore,GTa,incoming,iGTa,1,1,0,0,0,0,0
2023-08-01,2023,8,Aug,3,AIESEC in Coimbatore,GTe,incoming,iGTe,0,0,0,0,0,0,0
2023-08-01,2023,8,Aug,3,AIESEC in Coimbatore,GV,incoming,iGV,7,3,3,3,1,1,1
2023-08-01,2023,8,Aug,3,AIESEC in Coimbatore,GTa,outgoing,oGTa,5,2,2,2,1,1,1
2023-08-01,2023,8,Aug,3,AIESEC in Coimbatore,GTe,outgoing,oGTe,1,0,0,0,0,0,0
2023-08-01,2023,8,Aug,3,AIESEC in Coimbatore,GV,outgoing,oGV,15,7,5,3,2,2,2
2023-08-01,2023,8,Aug,3,AIESEC in Delhi IIT,GTa,incoming,iGTa,15,6,6,6,6,5,5
2023-08-01,2023,8,Aug,3,AIESEC in Delhi IIT,GTe,incoming,iGTe,6,1,1,0,0,0,0
2023-08-01,2023,8,Aug,3,AIESEC in Delhi IIT,GV,incoming,iGV,42,15,7,3,2,2,0
2023-08-01,2023,8,Aug,3,AIESEC in Delhi IIT,GTa,outgoing,oGTa,40,18,12,11,10,10,10
2023-08-01,2023,8,Aug,3,AIESEC in Delhi IIT,GTe,outgoing,oGTe,10,6,5,5,4,4,3
2023-08-01,2023,8,Aug,3,AIESEC in Delhi IIT,GV,outgoing,oGV,95,36,25,22,15,15,15
2023-08-01,2023,8,Aug,3,AIESEC in Delhi University,GTa,incoming,iGTa,7,4,2,2,2,2,2
2023-08-01,2023,8,Aug,3,AIESEC in Delhi University,GTe,incoming,iGTe,1,1,1,1,1,1,1
2023-08-01,2023,8,Aug,3,AIESEC in Delhi University,GV,incoming,iGV,25,9,9,6,5,5,5
2023-08-01,2023,8,Aug,3,AIESEC in Delhi University,GTa,outgoing,oGTa,16,7,6,5,3,3,3
2023-08-01,2023,8,Aug,3,AIESEC in Delhi University,GTe,outgoing,oGTe,8,5,4,3,2,2,2
2023-08-01,2023,8,Aug,3,AIESEC in Delhi University,GV,outgoing,oGV,47,18,12,12,9,8,7
2023-08-01,2023,8,Aug,3,AIESEC in Hyderabad,GTa,incoming,iGTa,4,1,1,0,0,0,0
2023-08-01,2023,8,Aug,3,AIESEC in Hyderabad,GTe,incoming,iGTe,0,0,0,0,0,0,0
2023-08-01,2023,8,Aug,3,AIESEC in Hyderabad,GV,incoming,iGV,16,6,5,2,1,1,0
2023-08-01,2023,8,Aug,3,AIESEC in Hyderabad,GTa,outgoing,oGTa,2,0,0,0,0,0,0
2023-08-01,2023,8,Aug,3,AIESEC in Hyderabad,GTe,outgoing,oGTe,1,0,0,0,0,0,0
2023-08-01,2023,8,Aug,3,AIESEC in Hyderabad,GV,outgoing,oGV,31,14,11,10,4,4,4
2023-08-01,2023,8,Aug,3,AIESEC in Indore,GTa,incoming,iGTa,2,1,1,1,1,1,1
2023-08-01,2023,8,Aug,3,AIESEC in Indore,GTe,incoming,iGTe,1,0,0,0,0,0,0
2023-08-01,2023,8,Aug,3,AIESEC in Indore,GV,incoming,iGV,5,0,0,0,0,0,0
2023-08-01,2023,8,Aug,3,AIESEC in Indore,GTa,outgoing,oGTa,3,1,1,1,1,1,1
2023-08-01,2023,8,Aug,3,AIESEC in Indore,GTe,outgoing,oGTe,3,3,2,2,1,1,1
2023-08-01,2023,8,Aug,3,AIESEC in Indore,GV,outgoing,oGV,16,7,5,5,4,4,4
2023-08-01,2023,8,Aug,3,AIESEC in Jaipur,GTa,incoming,iGTa,4,2,2,2,2,2,2
2023-08-01,2023,8,Aug,3,AIESEC in Jaipur,GTe,incoming,iGTe,1,1,1,1,1,1,0
2023-08-01,2023,8,Aug,3,AIESEC in Jaipur,GV,incoming,iGV,3,2,0,0,0,0,0
2023-08-01,2023,8,Aug,3,AIESEC in Jaipur,GTa,outgoing,oGTa,5,4,2,1,1,1,1
2023-08-01,2023,8,Aug,3,AIESEC in Jaipur,GTe,outgoing,oGTe,3,0,0,0,0,0,0
2023-08-01,2023,8,Aug,3,AIESEC in Jaipur,GV,outgoing,oGV,24,4,4,3,3,3,2
2023-08-01,2023,8,Aug,3,AIESEC in Kochi,GTa,incoming,iGTa,1,0,0,0,0,0,0
2023-08-01,2023,8,Aug,3,AIESEC in Kochi,GTe,incoming,iGTe,0,0,0,0,0,0,0
2023-08-01,2023,8,Aug,3,AIESEC in Kochi,GV,incoming,iGV,1,1,0,0,0,0,0
2023-08-01,2023,8,Aug,3,AIESEC in Kochi,GTa,outgoing,oGTa,7,5,5,3,2,1,1
2023-08-01,2023,8,Aug,3,AIESEC in Kochi,GTe,outgoing,oGTe,3,2,1,1,1,0,0
2023-08-01,2023,8,Aug,3,AIESEC in Kochi,GV,outgoing,oGV,10,1,0,0,0,0,0
2023-08-01,2023,8,Aug,3,AIESEC in Kolkata,GTa,incoming,iGTa,3,1,1,1,1,1,1
2023-08-01,2023,8,Aug,3,AIESEC in Kolkata,GTe,incoming,iGTe,1,0,0,0,0,0,0
2023-08-01,2023,8,Aug,3,AIESEC in Kolkata,GV,incoming,iGV,4,2,1,1,1,0,0
2023-08-01,2023,8,Aug,3,AIESEC in Kolkata,GTa,outgoing,oGTa,11,4,3,2,2,2,1
2023-08-01,2023,8,Aug,3,AIESEC in Kolkata,GTe,outgoing,oGTe,2,2,2,2,2,2,2
2023-08-01,2023,8,Aug,3,AIESEC in Kolkata,GV,outgoing,oGV,25,13,9,7,5,4,4
2023-08-01,2023,8,Aug,3,AIESEC in Lucknow,GTa,incoming,iGTa,3,0,0,0,0,0,0
2023-08-01,2023,8,Aug,3,AIESEC in Lucknow,GTe,incoming,iGTe,0,0,0,0,0,0,0
2023-08-01,2023,8,Aug,3,AIESEC in Lucknow,GV,incoming,iGV,6,4,2,2,1,1,1
2023-08-01,2023,8,Aug,3,AIESEC in Lucknow,GTa,outgoing,oGTa,8,4,2,1,1,1,1
2023-08-01,2023,8,Aug,3,AIESEC in Lucknow,GTe,outgoing,oGTe,2,0,0,0,0,0,0
2023-08-01,2023,8,Aug,3,AIESEC in Lucknow,GV,outgoing,oGV,36,21,16,13,9,8,6
2023-08-01,2023,8,Aug,3,AIESEC in Manipal,GTa,incoming,iGTa,3,2,1,1,0,0,0
2023-08-01,2023,8,Aug,3,AIESEC in Manipal,GTe,incoming,iGTe,1,1,0,0,0,0,0
2023-08-01,2023,8,Aug,3,AIESEC in Manipal,GV,incoming,iGV,8,3,2,1,1,0,0
2023-08-01,2023,8,Aug,3,AIESEC in Manipal,GTa,outgoing,oGTa,5,2,1,1,0,0,0
2023-08-01,2023,8,Aug,3,AIESEC in Manipal,GTe,outgoing,oGTe,3,1,1,1,1,1,1
2023-08-01,2023,8,Aug,3,AIESEC in Manipal,GV,outgoing,oGV,19,10,7,7,5,3,2
2023-08-01,2023,8,Aug,3,AIESEC in Mumbai,GTa,incoming,iGTa,5,2,2,2,2,2,2
2023-08-01,2023,8,Aug,3,AIESEC in Mumbai,GTe,incoming,iGTe,2,2,0,0,0,0,0
2023-08-01,2023,8,Aug,3,AIESEC in Mumbai,GV,incoming,iGV,24,15,9,6,3,2,2
2023-08-01,2023,8,Aug,3,AIESEC in Mumbai,GTa,outgoing,oGTa,17,5,4,4,4,4,4
2023-08-01,2023,8,Aug,3,AIESEC in Mumbai,GTe,outgoing,oGTe,5,3,1,1,1,1,1
2023-08-01,2023,8,Aug,3,AIESEC in Mumbai,GV,outgoing,oGV,41,18,14,13,9,9,6
2023-08-01,2023,8,Aug,3,AIESEC in Nagpur,GTa,incoming,iGTa,1,0,0,0,0,0,0
2023-08-01,2023,8,Aug,3,AIESEC in Nagpur,GTe,incoming,iGTe,0,0,0,0,0,0,0
2023-08-01,2023,8,Aug,3,AIESEC in Nagpur,GV,incoming,iGV,7,4,4,4,3,3,1
2023-08-01,2023,8,Aug,3,AIESEC in Nagpur,GTa,outgoing,oGTa,7,4,3,3,3,3,3
2023-08-01,2023,8,Aug,3,AIESEC in Nagpur,GTe,outgoing,oGTe,2,1,1,1,1,1,0
2023-08-01,2023,8,Aug,3,AIESEC in Nagpur,GV,outgoing,oGV,11,5,3,3,3,2,2
2023-08-01,2023,8,Aug,3,AIESEC in Pune,GTa,incoming,iGTa,6,5,4,4,3,3,3
2023-08-01,2023,8,Aug,3,AIESEC in Pune,GTe,incoming,iGTe,4,3,2,2,2,2,2
2023-08-01,2023,8,Aug,3,AIESEC in Pune,GV,incoming,iGV,16,6,3,0,0,0,0
2023-08-01,2023,8,Aug,3,AIESEC in Pune,GTa,outgoing,oGTa,18,7,6,6,5,5,5
2023-08-01,2023,8,Aug,3,AIESEC in Pune,GTe,outgoing,oGTe,6,2,1,1,1,1,1
2023-08-01,2023,8,Aug,3,AIESEC in Pune,GV,outgoing,oGV,26,8,5,4,2,2,2
2023-08-01,2023,8,Aug,3,AIESEC in Surat,GTa,incoming,iGTa,1,0,0,0,0,0,0
2023-08-01,2023,8,Aug,3,AIESEC in Surat,GTe,incoming,iGTe,1,1,1,0,0,0,0
2023-08-01,2023,8,Aug,3,AIESEC in Surat,GV,incoming,iGV,6,3,3,2,1,1,1
2023-08-01,2023,8,Aug,3,AIESEC in Surat,GTa,outgoing,oGTa,1,0,0,0,0,0,0
2023-08-01,2023,8,Aug,3,AIESEC in Surat,GTe,outgoing,oGTe,2,0,0,0,0,0,0
2023-08-01,2023,8,Aug,3,AIESEC in Surat,GV,outgoing,oGV,16,5,4,3,3,3,3
2023-08-01,2023,8,Aug,3,AIESEC in Vellore,GTa,incoming,iGTa,0,0,0,0,0,0,0
2023-08-01,2023,8,Aug,3,AIESEC in Vellore,GTe,incoming,iGTe,0,0,0,0,0,0,0
2023-08-01,2023,8,Aug,3,AIESEC in Vellore,GV,incoming,iGV,11,4,3,3,3,3,3
2023-08-01,2023,8,Aug,3,AIESEC in Vellore,GTa,outgoing,oGTa,5,5,2,2,2,2,2
2023-08-01,2023,8,Aug,3,AIESEC in Vellore,GTe,outgoing,oGTe,3,2,1,0,0,0,0
2023-08-01,2023,8,Aug,3,AIESEC in Vellore,GV,outgoing,oGV,10,4,3,2,1,1,1
2023-09-01,2023,9,Sep,3,AIESEC in Ahmedabad,GTa,incoming,iGTa,2,0,0,0,0,0,0
2023-09-01,2023,9,Sep,3,AIESEC in Ahmedabad,GTe,incoming,iGTe,1,1,1,1,1,1,1
2023-09-01,2023,9,Sep,3,AIESEC in Ahmedabad,GV,incoming,iGV,5,4,3,3,1,1,1
2023-09-01,2023,9,Sep,3,AIESEC in Ahmedabad,GTa,outgoing,oGTa,6,4,3,3,2,2,2
2023-09-01,2023,9,Sep,3,AIESEC in Ahmedabad,GTe,outgoing,oGTe,0,0,0,0,0,0,0
2023-09-01,2023,9,Sep,3,AIESEC in Ahmedabad,GV,outgoing,oGV,8,1,1,0,0,0,0
2023-09-01,2023,9,Sep,3,AIESEC in Bangalore,GTa,incoming,iGTa,2,2,1,1,0,0,0
2023-09-01,2023,9,Sep,3,AIESEC in Bangalore,GTe,incoming,iGTe,1,0,0,0,0,0,0
2023-09-01,2023,9,Sep,3,AIESEC in Bangalore,GV,incoming,iGV,17,8,4,3,3,3,2
2023-09-01,2023,9,Sep,3,AIESEC in Bangalore,GTa,outgoing,oGTa,11,3,1,1,1,1,1
2023-09-01,2023,9,Sep,3,AIESEC in Bangalore,GTe,outgoing,oGTe,7,2,1,1,1,1,1
2023-09-01,2023,9,Sep,3,AIESEC in Bangalore,GV,outgoing,oGV,25,11,6,5,4,3,2
2023-09-01,2023,9,Sep,3,AIESEC in Bhubaneswar,GTa,incoming,iGTa,2,2,2,2,2,2,2
2023-09-01,2023,9,Sep,3,AIESEC in Bhubaneswar,GTe,incoming,iGTe,1,1,1,1,1,1,1
2023-09-01,2023,9,Sep,3,AIESEC in Bhubaneswar,GV,incoming,iGV,4,1,0,0,0,0,0
2023-09-01,2023,9,Sep,3,AIESEC in Bhubaneswar,GTa,outgoing,oGTa,5,2,2,2,2,2,2
2023-09-01,2023,9,Sep,3,AIESEC in Bhubaneswar,GTe,outgoing,oGTe,4,3,2,2,1,1,1
2023-09-01,2023,9,Sep,3,AIESEC in Bhubaneswar,GV,outgoing,oGV,15,7,5,3,2,2,1
2023-09-01,2023,9,Sep,3,AIESEC in Chandigarh,GTa,incoming,iGTa,1,1,1,1,1,1,1
2023-09-01,2023,9,Sep,3,AIESEC in Chandigarh,GTe,incoming,iGTe,0,0,0,0,0,0,0
2023-09-01,2023,9,Sep,3,AIESEC in Chandigarh,GV,incoming,iGV,3,1,1,1,1,1,0
2023-09-01,2023,9,Sep,3,AIESEC in Chandigarh,GTa,outgoing,oGTa,6,2,1,1,1,1,1
2023-09-01,2023,9,Sep,3,AIESEC in Chandigarh,GTe,outgoing,oGTe,4,2,2,1,1,1,1
2023-09-01,2023,9,Sep,3,AIESEC in Chandigarh,GV,outgoing,oGV,21,11,8,5,2,2,1
2023-09-01,2023,9,Sep,3,AIESEC in Chennai,GTa,incoming,iGTa,2,0,0,0,0,0,0
2023-09-01,2023,9,Sep,3,AIESEC in Chennai,GTe,incoming,iGTe,1,0,0,0,0,0,0
2023-09-01,2023,9,Sep,3,AIESEC in Chennai,GV,incoming,iGV,8,5,3,3,1,0,0
2023-09-01,2023,9,Sep,3,AIESEC in Chennai,GTa,outgoing,oGTa,14,6,6,5,4,4,3
2023-09-01,2023,9,Sep,3,AIESEC in Chennai,GTe,outgoing,oGTe,4,2,2,2,1,1,1
2023-09-01,2023,9,Sep,3,AIESEC in Chennai,GV,outgoing,oGV,32,16,13,9,9,9,8
2023-09-01,2023,9,Sep,3,AIESEC in Coimbatore,GTa,incoming,iGTa,1,0,0,0,0,0,0
2023-09-01,2023,9,Sep,3,AIESEC in Coimbatore,GTe,incoming,iGTe,0,0,0,0,0,0,0
2023-09-01,2023,9,Sep,3,AIESEC in Coimbatore,GV,incoming,iGV,7,1,1,1,0,0,0
2023-09-01,2023,9,Sep,3,AIESEC in Coimbatore,GTa,outgoing,oGTa,5,2,1,1,0,0,0
2023-09-01,2023,9,Sep,3,AIESEC in Coimbatore,GTe,outgoing,oGTe,1,0,0,0,0,0,0
2023-09-01,2023,9,Sep,3,AIESEC in Coimbatore,GV,outgoing,oGV,11,5,1,1,0,0,0
2023-09-01,2023,9,Sep,3,AIESEC in Delhi IIT,GTa,incoming,iGTa,17,8,4,3,3,3,3
2023-09-01,2023,9,Sep,3,AIESEC in Delhi IIT,GTe,incoming,iGTe,8,3,2,2,1,1,0
2023-09-01,2023,9,Sep,3,AIESEC in Delhi IIT,GV,incoming,iGV,30,9,6,3,1,1,1
2023-09-01,2023,9,Sep,3,AIESEC in Delhi IIT,GTa,outgoing,oGTa,28,12,8,8,5,5,5
2023-09-01,2023,9,Sep,3,AIESEC in Delhi IIT,GTe,outgoing,oGTe,12,6,5,3,3,3,3
2023-09-01,2023,9,Sep,3,AIESEC in Delhi IIT,GV,outgoing,oGV,93,49,30,24,20,19,18
2023-09-01,2023,9,Sep,3,AIESEC in Delhi University,GTa,incoming,iGTa,10,4,1,1,1,1,1
2023-09-01,2023,9,Sep,3,AIESEC in Delhi University,GTe,incoming,iGTe,3,2,2,2,2,2,2
2023-09-01,2023,9,Sep,3,AIESEC in Delhi University,GV,incoming,iGV,20,8,6,3,2,2,2
2023-09-01,2023,9,Sep,3,AIESEC in Delhi University,GTa,outgoing,oGTa,21,13,9,8,5,5,5
2023-09-01,2023,9,Sep,3,AIESEC in Delhi University,GTe,outgoing,oGTe,10,2,2,1,0,0,0
2023-09-01,2023,9,Sep,3,AIESEC in Delhi University,GV,outgoing,oGV,79,36,23,17,12,12,11
2023-09-01,2023,9,Sep,3,AIESEC in Hyderabad,GTa,incoming,iGTa,1,0,0,0,0,0,0
2023-09-01,2023,9,Sep,3,AIESEC in Hyderabad,GTe,incoming,iGTe,3,2,1,0,0,0,0
2023-09-01,2023,9,Sep,3,AIESEC in Hyderabad,GV,incoming,iGV,12,3,2,2,1,1,1
2023-09-01,2023,9,Sep,3,AIESEC in Hyderabad,GTa,outgoing,oGTa,4,3,2,2,1,1,1
2023-09-01,2023,9,Sep,3,AIESEC in Hyderabad,GTe,outgoing,oGTe,4,1,1,1,0,0,0
2023-09-01,2023,9,Sep,3,AIESEC in Hyderabad,GV,outgoing,oGV,24,10,7,6,4,4,4
2023-09-01,2023,9,Sep,3,AIESEC in Indore,GTa,incoming,iGTa,1,0,0,0,0,0,0
2023-09-01,2023,9,Sep,3,AIESEC in Indore,GTe,incoming,iGTe,1,0,0,0,0,0,0
2023-09-01,2023,9,Sep,3,AIESEC in Indore,GV,incoming,iGV,0,0,0,0,0,0,0
2023-09-01,2023,9,Sep,3,AIESEC in Indore,GTa,outgoing,oGTa,10,6,5,5,4,4,4
2023-09-01,2023,9,Sep,3,AIESEC in Indore,GTe,outgoing,oGTe,1,1,0,0,0,0,0
2023-09-01,2023,9,Sep,3,AIESEC in Indore,GV,outgoing,oGV,15,9,8,4,4,4,4
2023-09-01,2023,9,Sep,3,AIESEC in Jaipur,GTa,incoming,iGTa,5,2,2,2,1,1,1
2023-09-01,2023,9,Sep,3,AIESEC in Jaipur,GTe,incoming,iGTe,0,0,0,0,0,0,0
2023-09-01,2023,9,Sep,3,AIESEC in Jaipur,GV,incoming,iGV,9,5,2,1,1,1,0
2023-09-01,2023,9,Sep,3,AIESEC in Jaipur,GTa,outgoing,oGTa,6,4,4,4,4,4,4
2023-09-01,2023,9,Sep,3,AIESEC in Jaipur,GTe,outgoing,oGTe,4,4,2,2,1,1,1
2023-09-01,2023,9,Sep,3,AIESEC in Jaipur,GV,outgoing,oGV,23,10,10,8,7,7,5
2023-09-01,2023,9,Sep,3,AIESEC in Kochi,GTa,incoming,iGTa,2,1,0,0,0,0,0
2023-09-01,2023,9,Sep,3,AIESEC in Kochi,GTe,incoming,iGTe,1,1,0,0,0,0,0
2023-09-01,2023,9,Sep,3,AIESEC in Kochi,GV,incoming,iGV,4,0,0,0,0,0,0
2023-09-01,2023,9,Sep,3,AIESEC in Kochi,GTa,outgoing,oGTa,6,2,2,2,2,2,2
2023-09-01,2023,9,Sep,3,AIESEC in Kochi,GTe,outgoing,oGTe,2,2,1,0,0,0,0
2023-09-01,2023,9,Sep,3,AIESEC in Kochi,GV,outgoing,oGV,7,6,5,4,2,1,1
2023-09-01,2023,9,Sep,3,AIESEC in Kolkata,GTa,incoming,iGTa,6,1,1,1,1,1,1
2023-09-01,2023,9,Sep,3,AIESEC in Kolkata,GTe,incoming,iGTe,2,1,1,0,0,0,0
2023-09-01,2023,9,Sep,3,AIESEC in Kolkata,GV,incoming,iGV,12,3,1,1,1,0,0
2023-09-01,2023,9,Sep,3,AIESEC in Kolkata,GTa,outgoing,oGTa,11,4,2,1,1,1,1
2023-09-01,2023,9,Sep,3,AIESEC in Kolkata,GTe,outgoing,oGTe,2,0,0,0,0,0,0
2023-09-01,2023,9,Sep,3,AIESEC in Kolkata,GV,outgoing,oGV,36,16,7,6,5,4,4
2023-09-01,2023,9,Sep,3,AIESEC in Lucknow,GTa,incoming,iGTa,2,2,2,2,2,1,1
2023-09-01,2023,9,Sep,3,AIESEC in Lucknow,GTe,incoming,iGTe,1,1,1,0,0,0,0
2023-09-01,2023,9,Sep,3,AIESEC in Lucknow,GV,incoming,iGV,11,5,2,1,1,1,0
2023-09-01,2023,9,Sep,3,AIESEC in Lucknow,GTa,outgoing,oGTa,13,7,4,2,1,1,1
2023-09-01,2023,9,Sep,3,AIESEC in Lucknow,GTe,outgoing,oGTe,4,1,1,1,0,0,0
2023-09-01,2023,9,Sep,3,AIESEC in Lucknow,GV,outgoing,oGV,17,6,5,4,2,2,2
2023-09-01,2023,9,Sep,3,AIESEC in Manipal,GTa,incoming,iGTa,1,1,1,0,0,0,0
2023-09-01,2023,9,Sep,3,AIESEC in Manipal,GTe,incoming,iGTe,1,0,0,0,0,0,0
2023-09-01,2023,9,Sep,3,AIESEC in Manipal,GV,incoming,iGV,9,2,1,1,1,1,0
2023-09-01,2023,9,Sep,3,AIESEC in Manipal,GTa,outgoing,oGTa,12,6,4,3,2,2,2
2023-09-01,2023,9,Sep,3,AIESEC in Manipal,GTe,outgoing,oGTe,1,0,0,0,0,0,0
2023-09-01,2023,9,Sep,3,AIESEC in Manipal,GV,outgoing,oGV,13,7,2,0,0,0,0
2023-09-01,2023,9,Sep,3,AIESEC in Mumbai,GTa,incoming,iGTa,7,4,2,2,2,2,2
2023-09-01,2023,9,Sep,3,AIESEC in Mumbai,GTe,incoming,iGTe,2,0,0,0,0,0,0
2023-09-01,2023,9,Sep,3,AIESEC in Mumbai,GV,incoming,iGV,14,3,0,0,0,0,0
2023-09-01,2023,9,Sep,3,AIESEC in Mumbai,GTa,outgoing,oGTa,15,8,7,7,6,6,6
2023-09-01,2023,9,Sep,3,AIESEC in Mumbai,GTe,outgoing,oGTe,2,1,0,0,0,0,0
2023-09-01,2023,9,Sep,3,AIESEC in Mumbai,GV,outgoing,oGV,52,26,19,14,10,10,10
2023-09-01,2023,9,Sep,3,AIESEC in Nagpur,GTa,incoming,iGTa,2,1,1,1,1,1,1
2023-09-01,2023,9,Sep,3,AIESEC in Nagpur,GTe,incoming,iGTe,0,0,0,0,0,0,0
2023-09-01,2023,9,Sep,3,AIESEC in Nagpur,GV,incoming,iGV,7,3,1,1,1,1,1
2023-09-01,2023,9,Sep,3,AIESEC in Nagpur,GTa,outgoing,oGTa,2,2,2,1,1,1,1
2023-09-01,2023,9,Sep,3,AIESEC in Nagpur,GTe,outgoing,oGTe,0,0,0,0,0,0,0
2023-09-01,2023,9,Sep,3,AIESEC in Nagpur,GV,outgoing,oGV,22,11,10,6,3,3,3
2023-09-01,2023,9,Sep,3,AIESEC in Pune,GTa,incoming,iGTa,6,5,3,3,3,2,2
2023-09-01,2023,9,Sep,3,AIESEC in Pune,GTe,incoming,iGTe,2,1,0,0,0,0,0
2023-09-01,2023,9,Sep,3,AIESEC in Pune,GV,incoming,iGV,14,5,4,3,2,2,2
2023-09-01,2023,9,Sep,3,AIESEC in Pune,GTa,outgoing,oGTa,17,7,4,1,1,1,1
2023-09-01,2023,9,Sep,3,AIESEC in Pune,GTe,outgoing,oGTe,0,0,0,0,0,0,0
2023-09-01,2023,9,Sep,3,AIESEC in Pune,GV,outgoing,oGV,39,15,7,6,4,4,3
2023-09-01,2023,9,Sep,3,AIESEC in Surat,GTa,incoming,iGTa,1,0,0,0,0,0,0
2023-09-01,2023,9,Sep,3,AIESEC in Surat,GTe,incoming,iGTe,1,0,0,0,0,0,0
2023-09-01,2023,9,Sep,3,AIESEC in Surat,GV,incoming,iGV,3,3,3,3,3,2,1
2023-09-01,2023,9,Sep,3,AIESEC in Surat,GTa,outgoing,oGTa,3,1,1,1,1,1,1
2023-09-01,2023,9,Sep,3,AIESEC in Surat,GTe,outgoing,oGTe,1,1,1,1,0,0,0
2023-09-01,2023,9,Sep,3,AIESEC in Surat,GV,outgoing,oGV,23,9,4,3,2,1,1
2023-09-01,2023,9,Sep,3,AIESEC in Vellore,GTa,incoming,iGTa,0,0,0,0,0,0,0
2023-09-01,2023,9,Sep,3,AIESEC in Vellore,GTe,incoming,iGTe,0,0,0,0,0,0,0
2023-09-01,2023,9,Sep,3,AIESEC in Vellore,GV,incoming,iGV,3,1,1,1,1,1,1
2023-09-01,2023,9,Sep,3,AIESEC in Vellore,GTa,outgoing,oGTa,3,2,2,2,2,2,2
2023-09-01,2023,9,Sep,3,AIESEC in Vellore,GTe,outgoing,oGTe,2,2,1,1,0,0,0
2023-09-01,2023,9,Sep,3,AIESEC in Vellore,GV,outgoing,oGV,16,5,4,4,3,3,3
2023-10-01,2023,10,Oct,4,AIESEC in Ahmedabad,GTa,incoming,iGTa,3,1,0,0,0,0,0
2023-10-01,2023,10,Oct,4,AIESEC in Ahmedabad,GTe,incoming,iGTe,0,0,0,0,0,0,0
2023-10-01,2023,10,Oct,4,AIESEC in Ahmedabad,GV,incoming,iGV,10,4,3,3,2,2,2
2023-10-01,2023,10,Oct,4,AIESEC in Ahmedabad,GTa,outgoing,oGTa,2,1,0,0,0,0,0
2023-10-01,2023,10,Oct,4,AIESEC in Ahmedabad,GTe,outgoing,oGTe,2,0,0,0,0,0,0
2023-10-01,2023,10,Oct,4,AIESEC in Ahmedabad,GV,outgoing,oGV,27,10,6,5,4,4,3
2023-10-01,2023,10,Oct,4,AIESEC in Bangalore,GTa,incoming,iGTa,4,2,2,0,0,0,0
2023-10-01,2023,10,Oct,4,AIESEC in Bangalore,GTe,incoming,iGTe,1,0,0,0,0,0,0
2023-10-01,2023,10,Oct,4,AIESEC in Bangalore,GV,incoming,iGV,18,7,2,2,0,0,0
2023-10-01,2023,10,Oct,4,AIESEC in Bangalore,GTa,outgoing,oGTa,10,4,3,3,3,3,3
2023-10-01,2023,10,Oct,4,AIESEC in Bangalore,GTe,outgoing,oGTe,3,0,0,0,0,0,0
2023-10-01,2023,10,Oct,4,AIESEC in Bangalore,GV,outgoing,oGV,30,12,6,3,3,3,3
2023-10-01,2023,10,Oct,4,AIESEC in Bhubaneswar,GTa,incoming,iGTa,0,0,0,0,0,0,0
2023-10-01,2023,10,Oct,4,AIESEC in Bhubaneswar,GTe,incoming,iGTe,1,0,0,0,0,0,0
2023-10-01,2023,10,Oct,4,AIESEC in Bhubaneswar,GV,incoming,iGV,6,1,1,1,0,0,0
2023-10-01,2023,10,Oct,4,AIESEC in Bhubaneswar,GTa,outgoing,oGTa,7,2,1,1,1,1,1
2023-10-01,2023,10,Oct,4,AIESEC in Bhubaneswar,GTe,outgoing,oGTe,4,2,1,1,1,1,1
2023-10-01,2023,10,Oct,4,AIESEC in Bhubaneswar,GV,outgoing,oGV,14,6,5,3,2,2,1
2023-10-01,2023,10,Oct,4,AIESEC in Chandigarh,GTa,incoming,iGTa,0,0,0,0,0,0,0
2023-10-01,2023,10,Oct,4,AIESEC in Chandigarh,GTe,incoming,iGTe,1,0,0,0,0,0,0
2023-10-01,2023,10,Oct,4,AIESEC in Chandigarh,GV,incoming,iGV,5,0,0,0,0,0,0
2023-10-01,2023,10,Oct,4,AIESEC in Chandigarh,GTa,outgoing,oGTa,6,1,1,0,0,0,0
2023-10-01,2023,10,Oct,4,AIESEC in Chandigarh,GTe,outgoing,oGTe,2,1,1,1,1,1,1
2023-10-01,2023,10,Oct,4,AIESEC in Chandigarh,GV,outgoing,oGV,12,8,5,4,3,3,3
2023-10-01,2023,10,Oct,4,AIESEC in Chennai,GTa,incoming,iGTa,1,0,0,0,0,0,0
2023-10-01,2023,10,Oct,4,AIESEC in Chennai,GTe,incoming,iGTe,0,0,0,0,0,0,0
2023-10-01,2023,10,Oct,4,AIESEC in Chennai,GV,incoming,iGV,8,4,1,0,0,0,0
2023-10-01,2023,10,Oct,4,AIESEC in Chennai,GTa,outgoing,oGTa,15,7,3,3,2,1,1
2023-10-01,2023,10,Oct,4,AIESEC in Chennai,GTe,outgoing,oGTe,4,3,1,1,1,1,1
2023-10-01,2023,10,Oct,4,AIESEC in Chennai,GV,outgoing,oGV,40,22,20,18,9,9,7
2023-10-01,2023,10,Oct,4,AIESEC in Coimbatore,GTa,incoming,iGTa,1,0,0,0,0,0,0
2023-10-01,2023,10,Oct,4,AIESEC in Coimbatore,GTe,incoming,iGTe,2,1,0,0,0,0,0
2023-10-01,2023,10,Oct,4,AIESEC in Coimbatore,GV,incoming,iGV,7,3,3,3,3,3,3
2023-10-01,2023,10,Oct,4,AIESEC in Coimbatore,GTa,outgoing,oGTa,8,6,6,5,3,3,3
2023-10-01,2023,10,Oct,4,AIESEC in Coimbatore,GTe,outgoing,oGTe,2,1,1,1,0,0,0
2023-10-01,2023,10,Oct,4,AIESEC in Coimbatore,GV,outgoing,oGV,14,4,3,3,3,3,3
2023-10-01,2023,10,Oct,4,AIESEC in Delhi IIT,GTa,incoming,iGTa,9,4,2,2,1,1,1
2023-10-01,2023,10,Oct,4,AIESEC in Delhi IIT,GTe,incoming,iGTe,8,4,4,3,2,2,2
2023-10-01,2023,10,Oct,4,AIESEC in Delhi IIT,GV,incoming,iGV,26,9,5,4,3,3,2
2023-10-01,2023,10,Oct,4,AIESEC in Delhi IIT,GTa,outgoing,oGTa,46,22,16,15,10,10,8
2023-10-01,2023,10,Oct,4,AIESEC in Delhi IIT,GTe,outgoing,oGTe,15,9,4,3,3,3,3
2023-10-01,2023,10,Oct,4,AIESEC in Delhi IIT,GV,outgoing,oGV,129,50,35,30,18,17,17
2023-10-01,2023,10,Oct,4,AIESEC in Delhi University,GTa,incoming,iGTa,7,4,2,1,0,0,0
2023-10-01,2023,10,Oct,4,AIESEC in Delhi University,GTe,incoming,iGTe,3,1,0,0,0,0,0
2023-10-01,2023,10,Oct,4,AIESEC in Delhi University,GV,incoming,iGV,20,13,7,7,4,4,3
2023-10-01,2023,10,Oct,4,AIESEC in Delhi University,GTa,outgoing,oGTa,14,6,5,4,3,3,2
2023-10-01,2023,10,Oct,4,AIESEC in Delhi University,GTe,outgoing,oGTe,9,4,3,3,2,1,1
2023-10-01,2023,10,Oct,4,AIESEC in Delhi University,GV,outgoing,oGV,71,34,19,14,7,7,7
2023-10-01,2023,10,Oct,4,AIESEC in Hyderabad,GTa,incoming,iGTa,4,1,1,1,1,1,1
2023-10-01,2023,10,Oct,4,AIESEC in Hyderabad,GTe,incoming,iGTe,1,0,0,0,0,0,0
2023-10-01,2023,10,Oct,4,AIESEC in Hyderabad,GV,incoming,iGV,11,4,2,2,1,1,1
2023-10-01,2023,10,Oct,4,AIESEC in Hyderabad,GTa,outgoing,oGTa,15,5,3,3,3,3,3
2023-10-01,2023,10,Oct,4,AIESEC in Hyderabad,GTe,outgoing,oGTe,3,3,3,3,2,2,2
2023-10-01,2023,10,Oct,4,AIESEC in Hyderabad,GV,outgoing,oGV,25,11,6,5,2,2,2
2023-10-01,2023,10,Oct,4,AIESEC in Indore,GTa,incoming,iGTa,2,2,1,1,1,1,1
2023-10-01,2023,10,Oct,4,AIESEC in Indore,GTe,incoming,iGTe,0,0,0,0,0,0,0
2023-10-01,2023,10,Oct,4,AIESEC in Indore,GV,incoming,iGV,3,3,2,2,1,1,1
2023-10-01,2023,10,Oct,4,AIESEC in Indore,GTa,outgoing,oGTa,8,7,5,5,5,4,3
2023-10-01,2023,10,Oct,4,AIESEC in Indore,GTe,outgoing,oGTe,4,1,1,1,1,1,1
2023-10-01,2023,10,Oct,4,AIESEC in Indore,GV,outgoing,oGV,25,11,7,6,4,4,2
2023-10-01,2023,10,Oct,4,AIESEC in Jaipur,GTa,incoming,iGTa,1,0,0,0,0,0,0
2023-10-01,2023,10,Oct,4,AIESEC in Jaipur,GTe,incoming,iGTe,1,1,1,1,1,0,0
2023-10-01,2023,10,Oct,4,AIESEC in Jaipur,GV,incoming,iGV,7,3,3,1,1,1,0
2023-10-01,2023,10,Oct,4,AIESEC in Jaipur,GTa,outgoing,oGTa,12,7,3,3,2,2,2
2023-10-01,2023,10,Oct,4,AIESEC in Jaipur,GTe,outgoing,oGTe,0,0,0,0,0,0,0
2023-10-01,2023,10,Oct,4,AIESEC in Jaipur,GV,outgoing,oGV,18,5,5,3,2,1,1
2023-10-01,2023,10,Oct,4,AIESEC in Kochi,GTa,incoming,iGTa,3,0,0,0,0,0,0
2023-10-01,2023,10,Oct,4,AIESEC in Kochi,GTe,incoming,iGTe,0,0,0,0,0,0,0
2023-10-01,2023,10,Oct,4,AIESEC in Kochi,GV,incoming,iGV,10,5,3,3,1,0,0
2023-10-01,2023,10,Oct,4,AIESEC in Kochi,GTa,outgoing,oGTa,9,4,4,4,4,4,4
2023-10-01,2023,10,Oct,4,AIESEC in Kochi,GTe,outgoing,oGTe,4,2,1,1,1,1,1
2023-10-01,2023,10,Oct,4,AIESEC in Kochi,GV,outgoing,oGV,18,8,8,6,3,2,2
2023-10-01,2023,10,Oct,4,AIESEC in Kolkata,GTa,incoming,iGTa,3,1,1,1,1,1,1
2023-10-01,2023,10,Oct,4,AIESEC in Kolkata,GTe,incoming,iGTe,0,0,0,0,0,0,0
2023-10-01,2023,10,Oct,4,AIESEC in Kolkata,GV,incoming,iGV,13,7,6,5,3,3,3
2023-10-01,2023,10,Oct,4,AIESEC in Kolkata,GTa,outgoing,oGTa,6,2,1,1,1,1,0
2023-10-01,2023,10,Oct,4,AIESEC in Kolkata,GTe,outgoing,oGTe,0,0,0,0,0,0,0
2023-10-01,2023,10,Oct,4,AIESEC in Kolkata,GV,outgoing,oGV,25,8,7,4,2,2,2
2023-10-01,2023,10,Oct,4,AIESEC in Lucknow,GTa,incoming,iGTa,0,0,0,0,0,0,0
2023-10-01,2023,10,Oct,4,AIESEC in Lucknow,GTe,incoming,iGTe,2,0,0,0,0,0,0
2023-10-01,2023,10,Oct,4,AIESEC in Lucknow,GV,incoming,iGV,8,2,2,2,2,1,1
2023-10-01,2023,10,Oct,4,AIESEC in Lucknow,GTa,outgoing,oGTa,3,3,3,3,2,2,2
2023-10-01,2023,10,Oct,4,AIESEC in Lucknow,GTe,outgoing,oGTe,1,0,0,0,0,0,0
2023-10-01,2023,10,Oct,4,AIESEC in Lucknow,GV,outgoing,oGV,32,12,9,8,6,6,6
2023-10-01,2023,10,Oct,4,AIESEC in Manipal,GTa,incoming,iGTa,2,2,0,0,0,0,0
2023-10-01,2023,10,Oct,4,AIESEC in Manipal,GTe,incoming,iGTe,1,1,1,1,0,0,0
2023-10-01,2023,10,Oct,4,AIESEC in Manipal,GV,incoming,iGV,2,1,1,1,1,1,0
2023-10-01,2023,10,Oct,4,AIESEC in Manipal,GTa,outgoing,oGTa,7,4,3,3,3,3,3
2023-10-01,2023,10,Oct,4,AIESEC in Manipal,GTe,outgoing,oGTe,3,2,2,2,1,1,0
2023-10-01,2023,10,Oct,4,AIESEC in Manipal,GV,outgoing,oGV,9,3,1,1,1,1,1
2023-10-01,2023,10,Oct,4,AIESEC in Mumbai,GTa,incoming,iGTa,3,1,1,1,1,1,1
2023-10-01,2023,10,Oct,4,AIESEC in Mumbai,GTe,incoming,iGTe,1,0,0,0,0,0,0
2023-10-01,2023,10,Oct,4,AIESEC in Mumbai,GV,incoming,iGV,18,5,0,0,0,0,0
2023-10-01,2023,10,Oct,4,AIESEC in Mumbai,GTa,outgoing,oGTa,25,14,14,11,9,8,8
2023-10-01,2023,10,Oct,4,AIESEC in Mumbai,GTe,outgoing,oGTe,9,2,0,0,0,0,0
2023-10-01,2023,10,Oct,4,AIESEC in Mumbai,GV,outgoing,oGV,49,24,17,13,7,7,7
2023-10-01,2023,10,Oct,4,AIESEC in Nagpur,GTa,incoming,iGTa,2,0,0,0,0,0,0
2023-10-01,2023,10,Oct,4,AIESEC in Nagpur,GTe,incoming,iGTe,0,0,0,0,0,0,0
2023-10-01,2023,10,Oct,4,AIESEC in Nagpur,GV,incoming,iGV,5,2,2,1,0,0,0
2023-10-01,2023,10,Oct,4,AIESEC in Nagpur,GTa,outgoing,oGTa,7,4,3,2,1,1,1
2023-10-01,2023,10,Oct,4,AIESEC in Nagpur,GTe,outgoing,oGTe,3,0,0,0,0,0,0
2023-10-01,2023,10,Oct,4,AIESEC in Nagpur,GV,outgoing,oGV,25,10,7,6,4,4,4
2023-10-01,2023,10,Oct,4,AIESEC in Pune,GTa,incoming,iGTa,4,2,1,1,1,1,1
2023-10-01,2023,10,Oct,4,AIESEC in Pune,GTe,incoming,iGTe,2,0,0,0,0,0,0
2023-10-01,2023,10,Oct,4,AIESEC in Pune,GV,incoming,iGV,12,1,0,0,0,0,0
2023-10-01,2023,10,Oct,4,AIESEC in Pune,GTa,outgoing,oGTa,19,11,9,6,5,5,4
2023-10-01,2023,10,Oct,4,AIESEC in Pune,GTe,outgoing,oGTe,3,2,2,1,0,0,0
2023-10-01,2023,10,Oct,4,AIESEC in Pune,GV,outgoing,oGV,36,13,8,7,6,6,5
2023-10-01,2023,10,Oct,4,AIESEC in Surat,GTa,incoming,iGTa,3,3,2,2,2,1,1
2023-10-01,2023,10,Oct,4,AIESEC in Surat,GTe,incoming,iGTe,3,2,1,1,0,0,0
2023-10-01,2023,10,Oct,4,AIESEC in Surat,GV,incoming,iGV,5,5,1,0,0,0,0
2023-10-01,2023,10,Oct,4,AIESEC in Surat,GTa,outgoing,oGTa,5,4,4,4,3,3,3
2023-10-01,2023,10,Oct,4,AIESEC in Surat,GTe,outgoing,oGTe,1,0,0,0,0,0,0
2023-10-01,2023,10,Oct,4,AIESEC in Surat,GV,outgoing,oGV,11,7,5,5,2,1,1
2023-10-01,2023,10,Oct,4,AIESEC in Vellore,GTa,incoming,iGTa,0,0,0,0,0,0,0
2023-10-01,2023,10,Oct,4,AIESEC in Vellore,GTe,incoming,iGTe,2,2,2,0,0,0,0
2023-10-01,2023,10,Oct,4,AIESEC in Vellore,GV,incoming,iGV,1,1,1,0,0,0,0
2023-10-01,2023,10,Oct,4,AIESEC in Vellore,GTa,outgoing,oGTa,1,0,0,0,0,0,0
2023-10-01,2023,10,Oct,4,AIESEC in Vellore,GTe,outgoing,oGTe,0,0,0,0,0,0,0
2023-10-01,2023,10,Oct,4,AIESEC in Vellore,GV,outgoing,oGV,10,1,1,1,0,0,0
2023-11-01,2023,11,Nov,4,AIESEC in Ahmedabad,GTa,incoming,iGTa,5,3,1,1,1,1,0
2023-11-01,2023,11,Nov,4,AIESEC in Ahmedabad,GTe,incoming,iGTe,1,1,1,1,0,0,0
2023-11-01,2023,11,Nov,4,AIESEC in Ahmedabad,GV,incoming,iGV,8,1,1,0,0,0,0
2023-11-01,2023,11,Nov,4,AIESEC in Ahmedabad,GTa,outgoing,oGTa,7,4,1,0,0,0,0
2023-11-01,2023,11,Nov,4,AIESEC in Ahmedabad,GTe,outgoing,oGTe,4,2,2,2,1,1,1
2023-11-01,2023,11,Nov,4,AIESEC in Ahmedabad,GV,outgoing,oGV,20,13,7,5,1,1,1
2023-11-01,2023,11,Nov,4,AIESEC in Bangalore,GTa,incoming,iGTa,4,0,0,0,0,0,0
2023-11-01,2023,11,Nov,4,AIESEC in Bangalore,GTe,incoming,iGTe,1,1,1,1,1,1,1
2023-11-01,2023,11,Nov,4,AIESEC in Bangalore,GV,incoming,iGV,6,1,0,0,0,0,0
2023-11-01,2023,11,Nov,4,AIESEC in Bangalore,GTa,outgoing,oGTa,11,7,6,6,4,4,4
2023-11-01,2023,11,Nov,4,AIESEC in Bangalore,GTe,outgoing,oGTe,4,2,2,1,1,1,1
2023-11-01,2023,11,Nov,4,AIESEC in Bangalore,GV,outgoing,oGV,42,19,16,14,8,8,6
2023-11-01,2023,11,Nov,4,AIESEC in Bhubaneswar,GTa,incoming,iGTa,3,2,1,0,0,0,0
2023-11-01,2023,11,Nov,4,AIESEC in Bhubaneswar,GTe,incoming,iGTe,3,1,0,0,0,0,0
2023-11-01,2023,11,Nov,4,AIESEC in Bhubaneswar,GV,incoming,iGV,4,1,0,0,0,0,0
2023-11-01,2023,11,Nov,4,AIESEC in Bhubaneswar,GTa,outgoing,oGTa,7,4,3,2,1,1,1
2023-11-01,2023,11,Nov,4,AIESEC in Bhubaneswar,GTe,outgoing,oGTe,2,0,0,0,0,0,0
2023-11-01,2023,11,Nov,4,AIESEC in Bhubaneswar,GV,outgoing,oGV,14,9,8,4,3,3,3
2023-11-01,2023,11,Nov,4,AIESEC in Chandigarh,GTa,incoming,iGTa,2,1,1,1,1,1,1
2023-11-01,2023,11,Nov,4,AIESEC in Chandigarh,GTe,incoming,iGTe,0,0,0,0,0,0,0
2023-11-01,2023,11,Nov,4,AIESEC in Chandigarh,GV,incoming,iGV,8,2,1,0,0,0,0
2023-11-01,2023,11,Nov,4,AIESEC in Chandigarh,GTa,outgoing,oGTa,9,3,2,2,2,2,2
2023-11-01,2023,11,Nov,4,AIESEC in Chandigarh,GTe,outgoing,oGTe,4,2,0,0,0,0,0
2023-11-01,2023,11,Nov,4,AIESEC in Chandigarh,GV,outgoing,oGV,31,14,12,10,8,6,6
2023-11-01,2023,11,Nov,4,AIESEC in Chennai,GTa,incoming,iGTa,3,1,0,0,0,0,0
2023-11-01,2023,11,Nov,4,AIESEC in Chennai,GTe,incoming,iGTe,1,0,0,0,0,0,0
2023-11-01,2023,11,Nov,4,AIESEC in Chennai,GV,incoming,iGV,7,4,4,3,2,1,0
2023-11-01,2023,11,Nov,4,AIESEC in Chennai,GTa,outgoing,oGTa,21,9,8,8,6,6,6
2023-11-01,2023,11,Nov,4,AIESEC in Chennai,GTe,outgoing,oGTe,1,0,0,0,0,0,0
2023-11-01,2023,11,Nov,4,AIESEC in Chennai,GV,outgoing,oGV,35,13,6,4,3,2,2
2023-11-01,2023,11,Nov,4,AIESEC in Coimbatore,GTa,incoming,iGTa,5,3,2,1,1,1,1
2023-11-01,2023,11,Nov,4,AIESEC in Coimbatore,GTe,incoming,iGTe,1,1,1,1,0,0,0
2023-11-01,2023,11,Nov,4,AIESEC in Coimbatore,GV,incoming,iGV,4,2,1,1,1,0,0
2023-11-01,2023,11,Nov,4,AIESEC in Coimbatore,GTa,outgoing,oGTa,4,3,2,2,2,2,2
2023-11-01,2023,11,Nov,4,AIESEC in Coimbatore,GTe,outgoing,oGTe,2,1,1,1,1,1,1
2023-11-01,2023,11,Nov,4,AIESEC in Coimbatore,GV,outgoing,oGV,6,2,1,1,1,1,1
2023-11-01,2023,11,Nov,4,AIESEC in Delhi IIT,GTa,incoming,iGTa,17,10,8,8,6,6,6
2023-11-01,2023,11,Nov,4,AIESEC in Delhi IIT,GTe,incoming,iGTe,5,1,1,1,1,1,1
2023-11-01,2023,11,Nov,4,AIESEC in Delhi IIT,GV,incoming,iGV,35,16,10,5,4,3,3
2023-11-01,2023,11,Nov,4,AIESEC in Delhi IIT,GTa,outgoing,oGTa,47,19,13,13,8,8,8
2023-11-01,2023,11,Nov,4,AIESEC in Delhi IIT,GTe,outgoing,oGTe,18,8,5,5,3,3,3
2023-11-01,2023,11,Nov,4,AIESEC in Delhi IIT,GV,outgoing,oGV,91,36,23,19,12,12,12
2023-11-01,2023,11,Nov,4,AIESEC in Delhi University,GTa,incoming,iGTa,6,2,1,1,1,1,1
2023-11-01,2023,11,Nov,4,AIESEC in Delhi University,GTe,incoming,iGTe,3,2,0,0,0,0,0
2023-11-01,2023,11,Nov,4,AIESEC in Delhi University,GV,incoming,iGV,13,5,4,4,3,3,3
2023-11-01,2023,11,Nov,4,AIESEC in Delhi University,GTa,outgoing,oGTa,16,5,4,4,4,4,4
2023-11-01,2023,11,Nov,4,AIESEC in Delhi University,GTe,outgoing,oGTe,5,0,0,0,0,0,0
2023-11-01,2023,11,Nov,4,AIESEC in Delhi University,GV,outgoing,oGV,87,36,22,19,14,13,9
2023-11-01,2023,11,Nov,4,AIESEC in Hyderabad,GTa,incoming,iGTa,7,5,3,2,2,2,2
2023-11-01,2023,11,Nov,4,AIESEC in Hyderabad,GTe,incoming,iGTe,1,1,0,0,0,0,0
2023-11-01,2023,11,Nov,4,AIESEC in Hyderabad,GV,incoming,iGV,11,2,2,1,1,1,1
2023-11-01,2023,11,Nov,4,AIESEC in Hyderabad,GTa,outgoing,oGTa,15,5,3,3,2,2,2
2023-11-01,2023,11,Nov,4,AIESEC in Hyderabad,GTe,outgoing,oGTe,3,1,1,1,1,1,1
2023-11-01,2023,11,Nov,4,AIESEC in Hyderabad,GV,outgoing,oGV,37,15,7,6,4,3,3
2023-11-01,2023,11,Nov,4,AIESEC in Indore,GTa,incoming,iGTa,3,2,1,1,1,1,1
2023-11-01,2023,11,Nov,4,AIESEC in Indore,GTe,incoming,iGTe,1,1,1,0,0,0,0
2023-11-01,2023,11,Nov,4,AIESEC in Indore,GV,incoming,iGV,3,0,0,0,0,0,0
2023-11-01,2023,11,Nov,4,AIESEC in Indore,GTa,outgoing,oGTa,3,2,2,2,2,2,2
2023-11-01,2023,11,Nov,4,AIESEC in Indore,GTe,outgoing,oGTe,4,2,2,1,1,1,1
2023-11-01,2023,11,Nov,4,AIESEC in Indore,GV,outgoing,oGV,17,11,7,7,6,6,6
2023-11-01,2023,11,Nov,4,AIESEC in Jaipur,GTa,incoming,iGTa,0,0,0,0,0,0,0
2023-11-01,2023,11,Nov,4,AIESEC in Jaipur,GTe,incoming,iGTe,0,0,0,0,0,0,0
2023-11-01,2023,11,Nov,4,AIESEC in Jaipur,GV,incoming,iGV,6,5,3,3,1,1,1
2023-11-01,2023,11,Nov,4,AIESEC in Jaipur,GTa,outgoing,oGTa,12,4,3,3,2,2,2
2023-11-01,2023,11,Nov,4,AIESEC in Jaipur,GTe,outgoing,oGTe,3,0,0,0,0,0,0
2023-11-01,2023,11,Nov,4,AIESEC in Jaipur,GV,outgoing,oGV,29,11,7,4,3,3,2
2023-11-01,2023,11,Nov,4,AIESEC in Kochi,GTa,incoming,iGTa,3,1,1,1,1,1,1
2023-11-01,2023,11,Nov,4,AIESEC in Kochi,GTe,incoming,iGTe,1,0,0,0,0,0,0
2023-11-01,2023,11,Nov,4,AIESEC in Kochi,GV,incoming,iGV,7,2,1,1,1,1,1
2023-11-01,2023,11,Nov,4,AIESEC in Kochi,GTa,outgoing,oGTa,4,4,4,4,4,4,4
2023-11-01,2023,11,Nov,4,AIESEC in Kochi,GTe,outgoing,oGTe,4,2,2,1,0,0,0
2023-11-01,2023,11,Nov,4,AIESEC in Kochi,GV,outgoing,oGV,16,9,3,3,2,2,2
2023-11-01,2023,11,Nov,4,AIESEC in Kolkata,GTa,incoming,iGTa,1,0,0,0,0,0,0
2023-11-01,2023,11,Nov,4,AIESEC in Kolkata,GTe,incoming,iGTe,1,0,0,0,0,0,0
2023-11-01,2023,11,Nov,4,AIESEC in Kolkata,GV,incoming,iGV,15,6,3,3,3,2,2
2023-11-01,2023,11,Nov,4,AIESEC in Kolkata,GTa,outgoing,oGTa,10,7,3,3,1,1,1
2023-11-01,2023,11,Nov,4,AIESEC in Kolkata,GTe,outgoing,oGTe,4,1,1,1,0,0,0
2023-11-01,2023,11,Nov,4,AIESEC in Kolkata,GV,outgoing,oGV,36,19,11,8,5,3,2
2023-11-01,2023,11,Nov,4,AIESEC in Lucknow,GTa,incoming,iGTa,3,1,0,0,0,0,0
2023-11-01,2023,11,Nov,4,AIESEC in Lucknow,GTe,incoming,iGTe,0,0,0,0,0,0,0
2023-11-01,2023,11,Nov,4,AIESEC in Lucknow,GV,incoming,iGV,8,3,3,1,1,1,1
2023-11-01,2023,11,Nov,4,AIESEC in Lucknow,GTa,outgoing,oGTa,9,5,3,2,2,2,2
2023-11-01,2023,11,Nov,4,AIESEC in Lucknow,GTe,outgoing,oGTe,2,1,1,1,1,1,1
2023-11-01,2023,11,Nov,4,AIESEC in Lucknow,GV,outgoing,oGV,23,4,3,2,1,1,1
2023-11-01,2023,11,Nov,4,AIESEC in Manipal,GTa,incoming,iGTa,2,2,2,1,1,1,1
2023-11-01,2023,11,Nov,4,AIESEC in Manipal,GTe,incoming,iGTe,2,1,1,1,1,1,1
2023-11-01,2023,11,Nov,4,AIESEC in Manipal,GV,incoming,iGV,4,2,2,2,2,2,2
2023-11-01,2023,11,Nov,4,AIESEC in Manipal,GTa,outgoing,oGTa,10,6,5,5,5,4,3
2023-11-01,2023,11,Nov,4,AIESEC in Manipal,GTe,outgoing,oGTe,4,2,2,2,2,2,2
2023-11-01,2023,11,Nov,4,AIESEC in Manipal,GV,outgoing,oGV,9,4,4,4,4,4,3
2023-11-01,2023,11,Nov,4,AIESEC in Mumbai,GTa,incoming,iGTa,3,1,1,1,0,0,0
2023-11-01,2023,11,Nov,4,AIESEC in Mumbai,GTe,incoming,iGTe,3,1,1,1,0,0,0
2023-11-01,2023,11,Nov,4,AIESEC in Mumbai,GV,incoming,iGV,21,14,11,10,9,8,4
2023-11-01,2023,11,Nov,4,AIESEC in Mumbai,GTa,outgoing,oGTa,19,6,5,5,2,2,2
2023-11-01,2023,11,Nov,4,AIESEC in Mumbai,GTe,outgoing,oGTe,7,3,3,2,2,2,2
2023-11-01,2023,11,Nov,4,AIESEC in Mumbai,GV,outgoing,oGV,68,29,20,16,12,12,11
2023-11-01,2023,11,Nov,4,AIESEC in Nagpur,GTa,incoming,iGTa,3,1,1,1,1,1,1
2023-11-01,2023,11,Nov,4,AIESEC in Nagpur,GTe,incoming,iGTe,1,0,0,0,0,0,0
2023-11-01,2023,11,Nov,4,AIESEC in Nagpur,GV,incoming,iGV,9,4,2,1,1,1,1
2023-11-01,2023,11,Nov,4,AIESEC in Nagpur,GTa,outgoing,oGTa,11,7,4,4,3,3,3
2023-11-01,2023,11,Nov,4,AIESEC in Nagpur,GTe,outgoing,oGTe,6,2,0,0,0,0,0
2023-11-01,2023,11,Nov,4,AIESEC in Nagpur,GV,outgoing,oGV,17,7,3,2,1,1,1
2023-11-01,2023,11,Nov,4,AIESEC in Pune,GTa,incoming,iGTa,8,0,0,0,0,0,0
2023-11-01,2023,11,Nov,4,AIESEC in Pune,GTe,incoming,iGTe,1,0,0,0,0,0,0
2023-11-01,2023,11,Nov,4,AIESEC in Pune,GV,incoming,iGV,19,10,6,3,3,1,1
2023-11-01,2023,11,Nov,4,AIESEC in Pune,GTa,outgoing,oGTa,14,4,3,3,2,2,2
2023-11-01,2023,11,Nov,4,AIESEC in Pune,GTe,outgoing,oGTe,7,3,2,2,1,1,1
2023-11-01,2023,11,Nov,4,AIESEC in Pune,GV,outgoing,oGV,59,32,19,19,11,11,10
2023-11-01,2023,11,Nov,4,AIESEC in Surat,GTa,incoming,iGTa,1,0,0,0,0,0,0
2023-11-01,2023,11,Nov,4,AIESEC in Surat,GTe,incoming,iGTe,0,0,0,0,0,0,0
2023-11-01,2023,11,Nov,4,AIESEC in Surat,GV,incoming,iGV,2,1,0,0,0,0,0
2023-11-01,2023,11,Nov,4,AIESEC in Surat,GTa,outgoing,oGTa,7,0,0,0,0,0,0
2023-11-01,2023,11,Nov,4,AIESEC in Surat,GTe,outgoing,oGTe,3,2,2,2,2,1,1
2023-11-01,2023,11,Nov,4,AIESEC in Surat,GV,outgoing,oGV,19,7,4,4,3,3,3
2023-11-01,2023,11,Nov,4,AIESEC in Vellore,GTa,incoming,iGTa,1,1,1,1,1,1,1
2023-11-01,2023,11,Nov,4,AIESEC in Vellore,GTe,incoming,iGTe,0,0,0,0,0,0,0
2023-11-01,2023,11,Nov,4,AIESEC in Vellore,GV,incoming,iGV,10,2,2,1,0,0,0
2023-11-01,2023,11,Nov,4,AIESEC in Vellore,GTa,outgoing,oGTa,6,2,0,0,0,0,0
2023-11-01,2023,11,Nov,4,AIESEC in Vellore,GTe,outgoing,oGTe,2,0,0,0,0,0,0
2023-11-01,2023,11,Nov,4,AIESEC in Vellore,GV,outgoing,oGV,13,7,4,2,2,2,2
2023-12-01,2023,12,Dec,4,AIESEC in Ahmedabad,GTa,incoming,iGTa,4,0,0,0,0,0,0
2023-12-01,2023,12,Dec,4,AIESEC in Ahmedabad,GTe,incoming,iGTe,1,1,0,0,0,0,0
2023-12-01,2023,12,Dec,4,AIESEC in Ahmedabad,GV,incoming,iGV,7,2,1,1,1,1,0
2023-12-01,2023,12,Dec,4,AIESEC in Ahmedabad,GTa,outgoing,oGTa,8,2,2,2,2,2,2
2023-12-01,2023,12,Dec,4,AIESEC in Ahmedabad,GTe,outgoing,oGTe,2,1,1,1,1,1,1
2023-12-01,2023,12,Dec,4,AIESEC in Ahmedabad,GV,outgoing,oGV,26,16,14,11,8,8,8
2023-12-01,2023,12,Dec,4,AIESEC in Bangalore,GTa,incoming,iGTa,2,0,0,0,0,0,0
2023-12-01,2023,12,Dec,4,AIESEC in Bangalore,GTe,incoming,iGTe,0,0,0,0,0,0,0
2023-12-01,2023,12,Dec,4,AIESEC in Bangalore,GV,incoming,iGV,23,5,3,2,2,2,2
2023-12-01,2023,12,Dec,4,AIESEC in Bangalore,GTa,outgoing,oGTa,18,9,7,7,5,5,5
2023-12-01,2023,12,Dec,4,AIESEC in Bangalore,GTe,outgoing,oGTe,9,3,2,2,2,2,2
2023-12-01,2023,12,Dec,4,AIESEC in Bangalore,GV,outgoing,oGV,65,27,14,13,11,11,10
2023-12-01,2023,12,Dec,4,AIESEC in Bhubaneswar,GTa,incoming,iGTa,1,0,0,0,0,0,0
2023-12-01,2023,12,Dec,4,AIESEC in Bhubaneswar,GTe,incoming,iGTe,0,0,0,0,0,0,0
2023-12-01,2023,12,Dec,4,AIESEC in Bhubaneswar,GV,incoming,iGV,4,0,0,0,0,0,0
2023-12-01,2023,12,Dec,4,AIESEC in Bhubaneswar,GTa,outgoing,oGTa,15,6,6,6,6,5,5
2023-12-01,2023,12,Dec,4,AIESEC in Bhubaneswar,GTe,outgoing,oGTe,3,1,1,1,0,0,0
2023-12-01,2023,12,Dec,4,AIESEC in Bhubaneswar,GV,outgoing,oGV,32,11,10,7,5,5,4
2023-12-01,2023,12,Dec,4,AIESEC in Chandigarh,GTa,incoming,iGTa,2,2,2,2,1,1,1
2023-12-01,2023,12,Dec,4,AIESEC in Chandigarh,GTe,incoming,iGTe,0,0,0,0,0,0,0
2023-12-01,2023,12,Dec,4,AIESEC in Chandigarh,GV,incoming,iGV,7,5,3,2,2,2,2
2023-12-01,2023,12,Dec,4,AIESEC in Chandigarh,GTa,outgoing,oGTa,15,5,4,2,2,2,2
2023-12-01,2023,12,Dec,4,AIESEC in Chandigarh,GTe,outgoing,oGTe,2,1,0,0,0,0,0
2023-12-01,2023,12,Dec,4,AIESEC in Chandigarh,GV,outgoing,oGV,23,15,9,7,6,5,3
2023-12-01,2023,12,Dec,4,AIESEC in Chennai,GTa,incoming,iGTa,5,2,2,2,1,1,1
2023-12-01,2023,12,Dec,4,AIESEC in Chennai,GTe,incoming,iGTe,2,0,0,0,0,0,0
2023-12-01,2023,12,Dec,4,AIESEC in Chennai,GV,incoming,iGV,14,6,5,3,3,3,2
2023-12-01,2023,12,Dec,4,AIESEC in Chennai,GTa,outgoing,oGTa,13,4,3,3,3,3,3
2023-12-01,2023,12,Dec,4,AIESEC in Chennai,GTe,outgoing,oGTe,5,2,1,1,1,1,0
2023-12-01,2023,12,Dec,4,AIESEC in Chennai,GV,outgoing,oGV,68,26,15,12,8,8,6
2023-12-01,2023,12,Dec,4,AIESEC in Coimbatore,GTa,incoming,iGTa,3,0,0,0,0,0,0
2023-12-01,2023,12,Dec,4,AIESEC in Coimbatore,GTe,incoming,iGTe,0,0,0,0,0,0,0
2023-12-01,2023,12,Dec,4,AIESEC in Coimbatore,GV,incoming,iGV,9,5,4,4,3,3,3
2023-12-01,2023,12,Dec,4,AIESEC in Coimbatore,GTa,outgoing,oGTa,4,2,1,1,1,1,1
2023-12-01,2023,12,Dec,4,AIESEC in Coimbatore,GTe,outgoing,oGTe,1,1,0,0,0,0,0
2023-12-01,2023,12,Dec,4,AIESEC in Coimbatore,GV,outgoing,oGV,18,8,4,4,3,2,2
2023-12-01,2023,12,Dec,4,AIESEC in Delhi IIT,GTa,incoming,iGTa,14,7,6,5,4,4,4
2023-12-01,2023,12,Dec,4,AIESEC in Delhi IIT,GTe,incoming,iGTe,8,4,4,3,2,2,2
2023-12-01,2023,12,Dec,4,AIESEC in Delhi IIT,GV,incoming,iGV,55,25,17,14,7,7,7
2023-12-01,2023,12,Dec,4,AIESEC in Delhi IIT,GTa,outgoing,oGTa,56,31,24,23,19,17,16
2023-12-01,2023,12,Dec,4,AIESEC in Delhi IIT,GTe,outgoing,oGTe,13,4,2,2,2,2,2
2023-12-01,2023,12,Dec,4,AIESEC in Delhi IIT,GV,outgoing,oGV,156,77,56,43,30,29,24
2023-12-01,2023,12,Dec,4,AIESEC in Delhi University,GTa,incoming,iGTa,10,3,2,1,1,1,1
2023-12-01,2023,12,Dec,4,AIESEC in Delhi University,GTe,incoming,iGTe,4,1,1,1,0,0,0
2023-12-01,2023,12,Dec,4,AIESEC in Delhi University,GV,incoming,iGV,26,10,5,4,3,3,3
2023-12-01,2023,12,Dec,4,AIESEC in Delhi University,GTa,outgoing,oGTa,38,19,15,14,13,13,13
2023-12-01,2023,12,Dec,4,AIESEC in Delhi University,GTe,outgoing,oGTe,7,3,2,2,1,1,1
2023-12-01,2023,12,Dec,4,AIESEC in Delhi University,GV,outgoing,oGV,87,27,13,10,6,6,5
2023-12-01,2023,12,Dec,4,AIESEC in Hyderabad,GTa,incoming,iGTa,6,1,1,0,0,0,0
2023-12-01,2023,12,Dec,4,AIESEC in Hyderabad,GTe,incoming,iGTe,0,0,0,0,0,0,0
2023-12-01,2023,12,Dec,4,AIESEC in Hyderabad,GV,incoming,iGV,17,8,5,4,4,3,3
2023-12-01,2023,12,Dec,4,AIESEC in Hyderabad,GTa,outgoing,oGTa,19,9,5,4,1,1,1
2023-12-01,2023,12,Dec,4,AIESEC in Hyderabad,GTe,outgoing,oGTe,3,1,0,0,0,0,0
2023-12-01,2023,12,Dec,4,AIESEC in Hyderabad,GV,outgoing,oGV,49,24,16,11,7,7,7
2023-12-01,2023,12,Dec,4,AIESEC in Indore,GTa,incoming,iGTa,3,0,0,0,0,0,0
2023-12-01,2023,12,Dec,4,AIESEC in Indore,GTe,incoming,iGTe,2,2,2,2,2,2,2
2023-12-01,2023,12,Dec,4,AIESEC in Indore,GV,incoming,iGV,5,2,1,0,0,0,0
2023-12-01,2023,12,Dec,4,AIESEC in Indore,GTa,outgoing,oGTa,17,8,7,7,5,4,4
2023-12-01,2023,12,Dec,4,AIESEC in Indore,GTe,outgoing,oGTe,0,0,0,0,0,0,0
2023-12-01,2023,12,Dec,4,AIESEC in Indore,GV,outgoing,oGV,19,8,3,3,3,2,2
2023-12-01,2023,12,Dec,4,AIESEC in Jaipur,GTa,incoming,iGTa,1,0,0,0,0,0,0
2023-12-01,2023,12,Dec,4,AIESEC in Jaipur,GTe,incoming,iGTe,1,0,0,0,0,0,0
2023-12-01,2023,12,Dec,4,AIESEC in Jaipur,GV,incoming,iGV,8,2,2,1,0,0,0
2023-12-01,2023,12,Dec,4,AIESEC in Jaipur,GTa,outgoing,oGTa,7,5,4,3,2,2,2
2023-12-01,2023,12,Dec,4,AIESEC in Jaipur,GTe,outgoing,oGTe,2,0,0,0,0,0,0
2023-12-01,2023,12,Dec,4,AIESEC in Jaipur,GV,outgoing,oGV,23,9,7,4,4,4,4
2023-12-01,2023,12,Dec,4,AIESEC in Kochi,GTa,incoming,iGTa,1,0,0,0,0,0,0
2023-12-01,2023,12,Dec,4,AIESEC in Kochi,GTe,incoming,iGTe,2,1,0,0,0,0,0
2023-12-01,2023,12,Dec,4,AIESEC in Kochi,GV,incoming,iGV,12,4,2,2,2,2,2
2023-12-01,2023,12,Dec,4,AIESEC in Kochi,GTa,outgoing,oGTa,8,5,3,3,2,2,2
2023-12-01,2023,12,Dec,4,AIESEC in Kochi,GTe,outgoing,oGTe,2,1,1,1,1,1,1
2023-12-01,2023,12,Dec,4,AIESEC in Kochi,GV,outgoing,oGV,19,11,7,6,5,4,4
2023-12-01,2023,12,Dec,4,AIESEC in Kolkata,GTa,incoming,iGTa,0,0,0,0,0,0,0
2023-12-01,2023,12,Dec,4,AIESEC in Kolkata,GTe,incoming,iGTe,0,0,0,0,0,0,0
2023-12-01,2023,12,Dec,4,AIESEC in Kolkata,GV,incoming,iGV,5,0,0,0,0,0,0
2023-12-01,2023,12,Dec,4,AIESEC in Kolkata,GTa,outgoing,oGTa,11,7,5,4,4,3,3
2023-12-01,2023,12,Dec,4,AIESEC in Kolkata,GTe,outgoing,oGTe,5,2,1,1,1,1,1
2023-12-01,2023,12,Dec,4,AIESEC in Kolkata,GV,outgoing,oGV,46,18,15,11,11,11,10
2023-12-01,2023,12,Dec,4,AIESEC in Lucknow,GTa,incoming,iGTa,3,2,2,2,2,2,2
2023-12-01,2023,12,Dec,4,AIESEC in Lucknow,GTe,incoming,iGTe,0,0,0,0,0,0,0
2023-12-01,2023,12,Dec,4,AIESEC in Lucknow,GV,incoming,iGV,7,4,2,1,1,1,0
2023-12-01,2023,12,Dec,4,AIESEC in Lucknow,GTa,outgoing,oGTa,13,5,5,4,2,2,2
2023-12-01,2023,12,Dec,4,AIESEC in Lucknow,GTe,outgoing,oGTe,8,2,2,2,2,2,2
2023-12-01,2023,12,Dec,4,AIESEC in Lucknow,GV,outgoing,oGV,38,16,10,7,4,2,2
2023-12-01,2023,12,Dec,4,AIESEC in Manipal,GTa,incoming,iGTa,4,2,1,1,1,1,1
2023-12-01,2023,12,Dec,4,AIESEC in Manipal,GTe,incoming,iGTe,2,1,1,1,1,1,1
2023-12-01,2023,12,Dec,4,AIESEC in Manipal,GV,incoming,iGV,9,3,3,2,2,2,2
2023-12-01,2023,12,Dec,4,AIESEC in Manipal,GTa,outgoing,oGTa,5,3,3,3,1,1,1
2023-12-01,2023,12,Dec,4,AIESEC in Manipal,GTe,outgoing,oGTe,5,1,1,0,0,0,0
2023-12-01,2023,12,Dec,4,AIESEC in Manipal,GV,outgoing,oGV,27,16,11,11,10,10,9
2023-12-01,2023,12,Dec,4,AIESEC in Mumbai,GTa,incoming,iGTa,13,7,6,5,5,5,5
2023-12-01,2023,12,Dec,4,AIESEC in Mumbai,GTe,incoming,iGTe,3,2,0,0,0,0,0
2023-12-01,2023,12,Dec,4,AIESEC in Mumbai,GV,incoming,iGV,27,11,5,2,2,2,2
2023-12-01,2023,12,Dec,4,AIESEC in Mumbai,GTa,outgoing,oGTa,26,13,7,7,6,5,4
2023-12-01,2023,12,Dec,4,AIESEC in Mumbai,GTe,outgoing,oGTe,7,3,1,1,1,1,1
2023-12-01,2023,12,Dec,4,AIESEC in Mumbai,GV,outgoing,oGV,84,36,26,19,12,12,11
2023-12-01,2023,12,Dec,4,AIESEC in Nagpur,GTa,incoming,iGTa,5,3,3,3,1,1,0
2023-12-01,2023,12,Dec,4,AIESEC in Nagpur,GTe,incoming,iGTe,1,0,0,0,0,0,0
2023-12-01,2023,12,Dec,4,AIESEC in Nagpur,GV,incoming,iGV,9,1,0,0,0,0,0
2023-12-01,2023,12,Dec,4,AIESEC in Nagpur,GTa,outgoing,oGTa,13,5,4,4,3,2,2
2023-12-01,2023,12,Dec,4,AIESEC in Nagpur,GTe,outgoing,oGTe,4,1,1,1,0,0,0
2023-12-01,2023,12,Dec,4,AIESEC in Nagpur,GV,outgoing,oGV,30,10,6,5,5,4,2
2023-12-01,2023,12,Dec,4,AIESEC in Pune,GTa,incoming,iGTa,3,0,0,0,0,0,0
2023-12-01,2023,12,Dec,4,AIESEC in Pune,GTe,incoming,iGTe,3,2,1,1,1,0,0
2023-12-01,2023,12,Dec,4,AIESEC in Pune,GV,incoming,iGV,19,5,4,4,3,3,2
2023-12-01,2023,12,Dec,4,AIESEC in Pune,GTa,outgoing,oGTa,13,7,5,5,3,3,3
2023-12-01,2023,12,Dec,4,AIESEC in Pune,GTe,outgoing,oGTe,7,4,2,2,2,2,2
2023-12-01,2023,12,Dec,4,AIESEC in Pune,GV,outgoing,oGV,64,28,17,13,10,9,8
2023-12-01,2023,12,Dec,4,AIESEC in Surat,GTa,incoming,iGTa,5,1,1,1,1,1,1
2023-12-01,2023,12,Dec,4,AIESEC in Surat,GTe,incoming,iGTe,1,0,0,0,0,0,0
2023-12-01,2023,12,Dec,4,AIESEC in Surat,GV,incoming,iGV,5,0,0,0,0,0,0
2023-12-01,2023,12,Dec,4,AIESEC in Surat,GTa,outgoing,oGTa,6,2,2,2,2,2,2
2023-12-01,2023,12,Dec,4,AIESEC in Surat,GTe,outgoing,oGTe,0,0,0,0,0,0,0
2023-12-01,2023,12,Dec,4,AIESEC in Surat,GV,outgoing,oGV,26,15,8,6,4,4,3
2023-12-01,2023,12,Dec,4,AIESEC in Vellore,GTa,incoming,iGTa,0,0,0,0,0,0,0
2023-12-01,2023,12,Dec,4,AIESEC in Vellore,GTe,incoming,iGTe,0,0,0,0,0,0,0
2023-12-01,2023,12,Dec,4,AIESEC in Vellore,GV,incoming,iGV,4,3,2,2,2,1,0
2023-12-01,2023,12,Dec,4,AIESEC in Vellore,GTa,outgoing,oGTa,7,2,1,1,1,1,1
2023-12-01,2023,12,Dec,4,AIESEC in Vellore,GTe,outgoing,oGTe,2,1,1,1,1,1,1
2023-12-01,2023,12,Dec,4,AIESEC in Vellore,GV,outgoing,oGV,21,4,3,1,0,0,0
2024-01-01,2024,1,Jan,1,AIESEC in Ahmedabad,GTa,incoming,iGTa,4,3,2,2,1,1,1
2024-01-01,2024,1,Jan,1,AIESEC in Ahmedabad,GTe,incoming,iGTe,0,0,0,0,0,0,0
2024-01-01,2024,1,Jan,1,AIESEC in Ahmedabad,GV,incoming,iGV,8,4,4,4,3,2,2
2024-01-01,2024,1,Jan,1,AIESEC in Ahmedabad,GTa,outgoing,oGTa,10,2,2,2,1,1,1
2024-01-01,2024,1,Jan,1,AIESEC in Ahmedabad,GTe,outgoing,oGTe,2,1,0,0,0,0,0
2024-01-01,2024,1,Jan,1,AIESEC in Ahmedabad,GV,outgoing,oGV,25,14,9,6,5,5,5
2024-01-01,2024,1,Jan,1,AIESEC in Bangalore,GTa,incoming,iGTa,2,1,0,0,0,0,0
2024-01-01,2024,1,Jan,1,AIESEC in Bangalore,GTe,incoming,iGTe,0,0,0,0,0,0,0
2024-01-01,2024,1,Jan,1,AIESEC in Bangalore,GV,incoming,iGV,12,4,3,1,1,1,1
2024-01-01,2024,1,Jan,1,AIESEC in Bangalore,GTa,outgoing,oGTa,12,7,6,6,6,6,6
2024-01-01,2024,1,Jan,1,AIESEC in Bangalore,GTe,outgoing,oGTe,3,3,2,2,2,2,2
2024-01-01,2024,1,Jan,1,AIESEC in Bangalore,GV,outgoing,oGV,43,18,13,12,9,9,9
2024-01-01,2024,1,Jan,1,AIESEC in Bhubaneswar,GTa,incoming,iGTa,5,2,2,2,1,1,1
2024-01-01,2024,1,Jan,1,AIESEC in Bhubaneswar,GTe,incoming,iGTe,1,1,0,0,0,0,0
2024-01-01,2024,1,Jan,1,AIESEC in Bhubaneswar,GV,incoming,iGV,7,3,1,1,1,0,0
2024-01-01,2024,1,Jan,1,AIESEC in Bhubaneswar,GTa,outgoing,oGTa,8,3,3,3,3,2,2
2024-01-01,2024,1,Jan,1,AIESEC in Bhubaneswar,GTe,outgoing,oGTe,1,0,0,0,0,0,0
2024-01-01,2024,1,Jan,1,AIESEC in Bhubaneswar,GV,outgoing,oGV,21,9,5,4,1,1,1
2024-01-01,2024,1,Jan,1,AIESEC in Chandigarh,GTa,incoming,iGTa,2,1,1,1,1,1,1
2024-01-01,2024,1,Jan,1,AIESEC in Chandigarh,GTe,incoming,iGTe,2,1,1,0,0,0,0
2024-01-01,2024,1,Jan,1,AIESEC in Chandigarh,GV,incoming,iGV,8,2,2,2,0,0,0
2024-01-01,2024,1,Jan,1,AIESEC in Chandigarh,GTa,outgoing,oGTa,16,9,7,7,5,5,5
2024-01-01,2024,1,Jan,1,AIESEC in Chandigarh,GTe,outgoing,oGTe,3,1,1,1,1,1,1
2024-01-01,2024,1,Jan,1,AIESEC in Chandigarh,GV,outgoing,oGV,30,17,14,11,7,7,7
2024-01-01,2024,1,Jan,1,AIESEC in Chennai,GTa,incoming,iGTa,5,3,3,2,1,1,1
2024-01-01,2024,1,Jan,1,AIESEC in Chennai,GTe,incoming,iGTe,3,2,2,2,2,2,2
2024-01-01,2024,1,Jan,1,AIESEC in Chennai,GV,incoming,iGV,15,7,6,5,4,4,3
2024-01-01,2024,1,Jan,1,AIESEC in Chennai,GTa,outgoing,oGTa,16,6,3,3,3,3,1
2024-01-01,2024,1,Jan,1,AIESEC in Chennai,GTe,outgoing,oGTe,3,2,2,1,1,1,1
2024-01-01,2024,1,Jan,1,AIESEC in Chennai,GV,outgoing,oGV,34,19,10,9,3,3,3
2024-01-01,2024,1,Jan,1,AIESEC in Coimbatore,GTa,incoming,iGTa,0,0,0,0,0,0,0
2024-01-01,2024,1,Jan,1,AIESEC in Coimbatore,GTe,incoming,iGTe,1,0,0,0,0,0,0
2024-01-01,2024,1,Jan,1,AIESEC in Coimbatore,GV,incoming,iGV,5,1,1,1,0,0,0
2024-01-01,2024,1,Jan,1,AIESEC in Coimbatore,GTa,outgoing,oGTa,6,4,2,1,1,1,1
2024-01-01,2024,1,Jan,1,AIESEC in Coimbatore,GTe,outgoing,oGTe,0,0,0,0,0,0,0
2024-01-01,2024,1,Jan,1,AIESEC in Coimbatore,GV,outgoing,oGV,18,8,5,2,2,2,2
2024-01-01,2024,1,Jan,1,AIESEC in Delhi IIT,GTa,incoming,iGTa,11,6,4,4,2,2,2
2024-01-01,2024,1,Jan,1,AIESEC in Delhi IIT,GTe,incoming,iGTe,6,2,0,0,0,0,0
2024-01-01,2024,1,Jan,1,AIESEC in Delhi IIT,GV,incoming,iGV,62,27,19,15,13,13,12
2024-01-01,2024,1,Jan,1,AIESEC in Delhi IIT,GTa,outgoing,oGTa,48,24,23,22,18,18,18
2024-01-01,2024,1,Jan,1,AIESEC in Delhi IIT,GTe,outgoing,oGTe,17,6,6,5,4,4,4
2024-01-01,2024,1,Jan,1,AIESEC in Delhi IIT,GV,outgoing,oGV,139,64,52,42,34,32,31
2024-01-01,2024,1,Jan,1,AIESEC in Delhi University,GTa,incoming,iGTa,7,3,1,0,0,0,0
2024-01-01,2024,1,Jan,1,AIESEC in Delhi University,GTe,incoming,iGTe,2,2,1,1,1,1,0
2024-01-01,2024,1,Jan,1,AIESEC in Delhi University,GV,incoming,iGV,30,13,7,5,4,4,3
2024-01-01,2024,1,Jan,1,AIESEC in Delhi University,GTa,outgoing,oGTa,22,11,8,8,8,8,8
2024-01-01,2024,1,Jan,1,AIESEC in Delhi University,GTe,outgoing,oGTe,8,4,3,3,2,2,2
2024-01-01,2024,1,Jan,1,AIESEC in Delhi University,GV,outgoing,oGV,73,35,19,17,10,10,9
2024-01-01,2024,1,Jan,1,AIESEC in Hyderabad,GTa,incoming,iGTa,1,1,1,1,1,1,1
2024-01-01,2024,1,Jan,1,AIESEC in Hyderabad,GTe,incoming,iGTe,1,0,0,0,0,0,0
2024-01-01,2024,1,Jan,1,AIESEC in Hyderabad,GV,incoming,iGV,23,9,7,4,4,4,3
2024-01-01,2024,1,Jan,1,AIESEC in Hyderabad,GTa,outgoing,oGTa,14,6,4,2,2,2,2
2024-01-01,2024,1,Jan,1,AIESEC in Hyderabad,GTe,outgoing,oGTe,4,4,2,2,2,2,2
2024-01-01,2024,1,Jan,1,AIESEC in Hyderabad,GV,outgoing,oGV,44,21,16,15,11,11,11
2024-01-01,2024,1,Jan,1,AIESEC in Indore,GTa,incoming,iGTa,2,0,0,0,0,0,0
2024-01-01,2024,1,Jan,1,AIESEC in Indore,GTe,incoming,iGTe,1,0,0,0,0,0,0
2024-01-01,2024,1,Jan,1,AIESEC in Indore,GV,incoming,iGV,6,1,1,0,0,0,0
2024-01-01,2024,1,Jan,1,AIESEC in Indore,GTa,outgoing,oGTa,9,5,4,4,3,3,2
2024-01-01,2024,1,Jan,1,AIESEC in Indore,GTe,outgoing,oGTe,2,1,1,1,0,0,0
2024-01-01,2024,1,Jan,1,AIESEC in Indore,GV,outgoing,oGV,24,14,11,11,9,9,9
2024-01-01,2024,1,Jan,1,AIESEC in Jaipur,GTa,incoming,iGTa,3,2,1,1,1,1,1
2024-01-01,2024,1,Jan,1,AIESEC in Jaipur,GTe,incoming,iGTe,0,0,0,0,0,0,0
2024-01-01,2024,1,Jan,1,AIESEC in Jaipur,GV,incoming,iGV,12,5,4,4,1,1,1
2024-01-01,2024,1,Jan,1,AIESEC in Jaipur,GTa,outgoing,oGTa,6,1,1,1,1,1,1
2024-01-01,2024,1,Jan,1,AIESEC in Jaipur,GTe,outgoing,oGTe,3,3,3,2,2,2,1
2024-01-01,2024,1,Jan,1,AIESEC in Jaipur,GV,outgoing,oGV,39,13,11,10,5,5,5
2024-01-01,2024,1,Jan,1,AIESEC in Kochi,GTa,incoming,iGTa,1,0,0,0,0,0,0
2024-01-01,2024,1,Jan,1,AIESEC in Kochi,GTe,incoming,iGTe,1,1,1,1,1,1,1
2024-01-01,2024,1,Jan,1,AIESEC in Kochi,GV,incoming,iGV,7,5,5,3,3,2,2
2024-01-01,2024,1,Jan,1,AIESEC in Kochi,GTa,outgoing,oGTa,9,3,2,1,1,1,1
2024-01-01,2024,1,Jan,1,AIESEC in Kochi,GTe,outgoing,oGTe,4,1,0,0,0,0,0
2024-01-01,2024,1,Jan,1,AIESEC in Kochi,GV,outgoing,oGV,30,13,9,7,5,5,5
2024-01-01,2024,1,Jan,1,AIESEC in Kolkata,GTa,incoming,iGTa,4,3,2,2,1,1,1
2024-01-01,2024,1,Jan,1,AIESEC in Kolkata,GTe,incoming,iGTe,2,1,1,1,0,0,0
2024-01-01,2024,1,Jan,1,AIESEC in Kolkata,GV,incoming,iGV,11,4,3,3,3,2,2
2024-01-01,2024,1,Jan,1,AIESEC in Kolkata,GTa,outgoing,oGTa,16,10,5,4,4,4,3
2024-01-01,2024,1,Jan,1,AIESEC in Kolkata,GTe,outgoing,oGTe,4,2,1,1,1,1,1
2024-01-01,2024,1,Jan,1,AIESEC in Kolkata,GV,outgoing,oGV,21,12,7,5,4,4,4
2024-01-01,2024,1,Jan,1,AIESEC in Lucknow,GTa,incoming,iGTa,3,3,3,2,2,2,2
2024-01-01,2024,1,Jan,1,AIESEC in Lucknow,GTe,incoming,iGTe,1,1,0,0,0,0,0
2024-01-01,2024,1,Jan,1,AIESEC in Lucknow,GV,incoming,iGV,7,3,0,0,0,0,0
2024-01-01,2024,1,Jan,1,AIESEC in Lucknow,GTa,outgoing,oGTa,11,4,3,2,2,2,1
2024-01-01,2024,1,Jan,1,AIESEC in Lucknow,GTe,outgoing,oGTe,2,1,1,1,1,1,1
2024-01-01,2024,1,Jan,1,AIESEC in Lucknow,GV,outgoing,oGV,32,11,8,8,6,6,6
2024-01-01,2024,1,Jan,1,AIESEC in Manipal,GTa,incoming,iGTa,6,3,3,0,0,0,0
2024-01-01,2024,1,Jan,1,AIESEC in Manipal,GTe,incoming,iGTe,1,1,1,1,1,1,1
2024-01-01,2024,1,Jan,1,AIESEC in Manipal,GV,incoming,iGV,5,3,2,2,2,2,1
2024-01-01,2024,1,Jan,1,AIESEC in Manipal,GTa,outgoing,oGTa,4,1,0,0,0,0,0
2024-01-01,2024,1,Jan,1,AIESEC in Manipal,GTe,outgoing,oGTe,1,0,0,0,0,0,0
2024-01-01,2024,1,Jan,1,AIESEC in Manipal,GV,outgoing,oGV,15,7,6,4,1,1,1
2024-01-01,2024,1,Jan,1,AIESEC in Mumbai,GTa,incoming,iGTa,11,3,2,1,0,0,0
2024-01-01,2024,1,Jan,1,AIESEC in Mumbai,GTe,incoming,iGTe,1,1,0,0,0,0,0
2024-01-01,2024,1,Jan,1,AIESEC in Mumbai,GV,incoming,iGV,22,11,8,7,3,3,1
2024-01-01,2024,1,Jan,1,AIESEC in Mumbai,GTa,outgoing,oGTa,22,10,9,9,6,6,6
2024-01-01,2024,1,Jan,1,AIESEC in Mumbai,GTe,outgoing,oGTe,8,3,2,2,2,2,1
2024-01-01,2024,1,Jan,1,AIESEC in Mumbai,GV,outgoing,oGV,64,23,19,18,10,10,10
2024-01-01,2024,1,Jan,1,AIESEC in Nagpur,GTa,incoming,iGTa,2,1,1,1,1,1,1
2024-01-01,2024,1,Jan,1,AIESEC in Nagpur,GTe,incoming,iGTe,1,0,0,0,0,0,0
2024-01-01,2024,1,Jan,1,AIESEC in Nagpur,GV,incoming,iGV,9,2,0,0,0,0,0
2024-01-01,2024,1,Jan,1,AIESEC in Nagpur,GTa,outgoing,oGTa,10,6,3,3,3,2,2
2024-01-01,2024,1,Jan,1,AIESEC in Nagpur,GTe,outgoing,oGTe,3,0,0,0,0,0,0
2024-01-01,2024,1,Jan,1,AIESEC in Nagpur,GV,outgoing,oGV,19,9,7,5,4,2,1
2024-01-01,2024,1,Jan,1,AIESEC in Pune,GTa,incoming,iGTa,5,2,1,0,0,0,0
2024-01-01,2024,1,Jan,1,AIESEC in Pune,GTe,incoming,iGTe,3,2,1,1,0,0,0
2024-01-01,2024,1,Jan,1,AIESEC in Pune,GV,incoming,iGV,20,8,4,4,2,0,0
2024-01-01,2024,1,Jan,1,AIESEC in Pune,GTa,outgoing,oGTa,22,10,9,8,8,7,7
2024-01-01,2024,1,Jan,1,AIESEC in Pune,GTe,outgoing,oGTe,6,2,2,1,1,1,1
2024-01-01,2024,1,Jan,1,AIESEC in Pune,GV,outgoing,oGV,47,19,16,11,8,8,7
2024-01-01,2024,1,Jan,1,AIESEC in Surat,GTa,incoming,iGTa,5,1,1,1,1,1,1
2024-01-01,2024,1,Jan,1,AIESEC in Surat,GTe,incoming,iGTe,0,0,0,0,0,0,0
2024-01-01,2024,1,Jan,1,AIESEC in Surat,GV,incoming,iGV,8,4,1,0,0,0,0
2024-01-01,2024,1,Jan,1,AIESEC in Surat,GTa,outgoing,oGTa,3,2,2,2,2,2,2
2024-01-01,2024,1,Jan,1,AIESEC in Surat,GTe,outgoing,oGTe,2,1,0,0,0,0,0
2024-01-01,2024,1,Jan,1,AIESEC in Surat,GV,outgoing,oGV,16,4,3,1,1,1,1
2024-01-01,2024,1,Jan,1,AIESEC in Vellore,GTa,incoming,iGTa,1,0,0,0,0,0,0
2024-01-01,2024,1,Jan,1,AIESEC in Vellore,GTe,incoming,iGTe,1,1,0,0,0,0,0
2024-01-01,2024,1,Jan,1,AIESEC in Vellore,GV,incoming,iGV,4,1,1,1,0,0,0
2024-01-01,2024,1,Jan,1,AIESEC in Vellore,GTa,outgoing,oGTa,2,2,1,1,1,1,1
2024-01-01,2024,1,Jan,1,AIESEC in Vellore,GTe,outgoing,oGTe,2,1,1,1,1,1,1
2024-01-01,2024,1,Jan,1,AIESEC in Vellore,GV,outgoing,oGV,9,4,2,1,1,1,1
2024-02-01,2024,2,Feb,1,AIESEC in Ahmedabad,GTa,incoming,iGTa,4,1,1,1,1,1,1
2024-02-01,2024,2,Feb,1,AIESEC in Ahmedabad,GTe,incoming,iGTe,1,0,0,0,0,0,0
2024-02-01,2024,2,Feb,1,AIESEC in Ahmedabad,GV,incoming,iGV,4,0,0,0,0,0,0
2024-02-01,2024,2,Feb,1,AIESEC in Ahmedabad,GTa,outgoing,oGTa,5,3,3,2,1,1,1
2024-02-01,2024,2,Feb,1,AIESEC in Ahmedabad,GTe,outgoing,oGTe,5,1,1,1,0,0,0
2024-02-01,2024,2,Feb,1,AIESEC in Ahmedabad,GV,outgoing,oGV,10,5,3,3,2,2,2
2024-02-01,2024,2,Feb,1,AIESEC in Bangalore,GTa,incoming,iGTa,1,1,0,0,0,0,0
2024-02-01,2024,2,Feb,1,AIESEC in Bangalore,GTe,incoming,iGTe,1,1,0,0,0,0,0
2024-02-01,2024,2,Feb,1,AIESEC in Bangalore,GV,incoming,iGV,10,2,1,0,0,0,0
2024-02-01,2024,2,Feb,1,AIESEC in Bangalore,GTa,outgoing,oGTa,14,9,5,5,5,5,5
2024-02-01,2024,2,Feb,1,AIESEC in Bangalore,GTe,outgoing,oGTe,6,1,1,1,1,1,1
2024-02-01,2024,2,Feb,1,AIESEC in Bangalore,GV,outgoing,oGV,22,13,10,9,7,7,7
2024-02-01,2024,2,Feb,1,AIESEC in Bhubaneswar,GTa,incoming,iGTa,1,1,1,1,1,1,1
2024-02-01,2024,2,Feb,1,AIESEC in Bhubaneswar,GTe,incoming,iGTe,3,1,1,1,0,0,0
2024-02-01,2024,2,Feb,1,AIESEC in Bhubaneswar,GV,incoming,iGV,3,1,0,0,0,0,0
2024-02-01,2024,2,Feb,1,AIESEC in Bhubaneswar,GTa,outgoing,oGTa,6,4,2,1,1,1,1
2024-02-01,2024,2,Feb,1,AIESEC in Bhubaneswar,GTe,outgoing,oGTe,1,1,1,1,1,1,1
2024-02-01,2024,2,Feb,1,AIESEC in Bhubaneswar,GV,outgoing,oGV,20,8,5,5,5,5,5
2024-02-01,2024,2,Feb,1,AIESEC in Chandigarh,GTa,incoming,iGTa,2,0,0,0,0,0,0
2024-02-01,2024,2,Feb,1,AIESEC in Chandigarh,GTe,incoming,iGTe,0,0,0,0,0,0,0
2024-02-01,2024,2,Feb,1,AIESEC in Chandigarh,GV,incoming,iGV,7,4,3,3,3,2,2
2024-02-01,2024,2,Feb,1,AIESEC in Chandigarh,GTa,outgoing,oGTa,6,3,1,1,1,1,1
2024-02-01,2024,2,Feb,1,AIESEC in Chandigarh,GTe,outgoing,oGTe,0,0,0,0,0,0,0
2024-02-01,2024,2,Feb,1,AIESEC in Chandigarh,GV,outgoing,oGV,23,12,10,8,6,6,5
2024-02-01,2024,2,Feb,1,AIESEC in Chennai,GTa,incoming,iGTa,6,3,2,2,2,2,2
2024-02-01,2024,2,Feb,1,AIESEC in Chennai,GTe,incoming,iGTe,1,1,1,1,1,1,0
2024-02-01,2024,2,Feb,1,AIESEC in Chennai,GV,incoming,iGV,9,6,4,4,3,3,2
2024-02-01,2024,2,Feb,1,AIESEC in Chennai,GTa,outgoing,oGTa,8,4,3,2,1,1,1
2024-02-01,2024,2,Feb,1,AIESEC in Chennai,GTe,outgoing,oGTe,4,2,2,2,2,2,2
2024-02-01,2024,2,Feb,1,AIESEC in Chennai,GV,outgoing,oGV,36,20,15,14,14,13,12
2024-02-01,2024,2,Feb,1,AIESEC in Coimbatore,GTa,incoming,iGTa,2,2,2,1,1,1,1
2024-02-01,2024,2,Feb,1,AIESEC in Coimbatore,GTe,incoming,iGTe,1,1,1,1,0,0,0
2024-02-01,2024,2,Feb,1,AIESEC in Coimbatore,GV,incoming,iGV,3,0,0,0,0,0,0
2024-02-01,2024,2,Feb,1,AIESEC in Coimbatore,GTa,outgoing,oGTa,1,1,1,1,1,1,1
2024-02-01,2024,2,Feb,1,AIESEC in Coimbatore,GTe,outgoing,oGTe,1,0,0,0,0,0,0
2024-02-01,2024,2,Feb,1,AIESEC in Coimbatore,GV,outgoing,oGV,17,7,4,3,3,3,3
2024-02-01,2024,2,Feb,1,AIESEC in Delhi IIT,GTa,incoming,iGTa,12,3,2,2,2,2,2
2024-02-01,2024,2,Feb,1,AIESEC in Delhi IIT,GTe,incoming,iGTe,0,0,0,0,0,0,0
2024-02-01,2024,2,Feb,1,AIESEC in Delhi IIT,GV,incoming,iGV,40,16,15,10,8,7,6
2024-02-01,2024,2,Feb,1,AIESEC in Delhi IIT,GTa,outgoing,oGTa,35,24,19,18,14,13,13
2024-02-01,2024,2,Feb,1,AIESEC in Delhi IIT,GTe,outgoing,oGTe,9,6,4,3,2,2,2
2024-02-01,2024,2,Feb,1,AIESEC in Delhi IIT,GV,outgoing,oGV,83,36,23,15,11,11,10
2024-02-01,2024,2,Feb,1,AIESEC in Delhi University,GTa,incoming,iGTa,15,6,5,4,3,3,3
2024-02-01,2024,2,Feb,1,AIESEC in Delhi University,GTe,incoming,iGTe,5,2,1,1,0,0,0
2024-02-01,2024,2,Feb,1,AIESEC in Delhi University,GV,incoming,iGV,24,9,2,2,1,0,0
2024-02-01,2024,2,Feb,1,AIESEC in Delhi University,GTa,outgoing,oGTa,18,11,11,11,9,9,9
2024-02-01,2024,2,Feb,1,AIESEC in Delhi University,GTe,outgoing,oGTe,8,4,2,2,2,2,2
2024-02-01,2024,2,Feb,1,AIESEC in Delhi University,GV,outgoing,oGV,55,24,16,12,9,9,9
2024-02-01,2024,2,Feb,1,AIESEC in Hyderabad,GTa,incoming,iGTa,1,0,0,0,0,0,0
2024-02-01,2024,2,Feb,1,AIESEC in Hyderabad,GTe,incoming,iGTe,2,2,2,1,1,1,1
2024-02-01,2024,2,Feb,1,AIESEC in Hyderabad,GV,incoming,iGV,7,5,4,3,0,0,0
2024-02-01,2024,2,Feb,1,AIESEC in Hyderabad,GTa,outgoing,oGTa,9,4,4,4,2,2,2
2024-02-01,2024,2,Feb,1,AIESEC in Hyderabad,GTe,outgoing,oGTe,2,0,0,0,0,0,0
2024-02-01,2024,2,Feb,1,AIESEC in Hyderabad,GV,outgoing,oGV,28,8,4,2,1,1,0
2024-02-01,2024,2,Feb,1,AIESEC in Indore,GTa,incoming,iGTa,2,0,0,0,0,0,0
2024-02-01,2024,2,Feb,1,AIESEC in Indore,GTe,incoming,iGTe,2,1,1,1,1,1,1
2024-02-01,2024,2,Feb,1,AIESEC in Indore,GV,incoming,iGV,3,1,1,1,1,1,1
2024-02-01,2024,2,Feb,1,AIESEC in Indore,GTa,outgoing,oGTa,6,3,2,2,2,2,2
2024-02-01,2024,2,Feb,1,AIESEC in Indore,GTe,outgoing,oGTe,0,0,0,0,0,0,0
2024-02-01,2024,2,Feb,1,AIESEC in Indore,GV,outgoing,oGV,19,6,5,4,4,4,3
2024-02-01,2024,2,Feb,1,AIESEC in Jaipur,GTa,incoming,iGTa,2,1,1,0,0,0,0
2024-02-01,2024,2,Feb,1,AIESEC in Jaipur,GTe,incoming,iGTe,1,0,0,0,0,0,0
2024-02-01,2024,2,Feb,1,AIESEC in Jaipur,GV,incoming,iGV,8,4,4,2,0,0,0
2024-02-01,2024,2,Feb,1,AIESEC in Jaipur,GTa,outgoing,oGTa,5,2,2,2,2,2,2
2024-02-01,2024,2,Feb,1,AIESEC in Jaipur,GTe,outgoing,oGTe,1,0,0,0,0,0,0
2024-02-01,2024,2,Feb,1,AIESEC in Jaipur,GV,outgoing,oGV,22,6,3,1,1,1,1
2024-02-01,2024,2,Feb,1,AIESEC in Kochi,GTa,incoming,iGTa,3,3,2,2,2,2,2
2024-02-01,2024,2,Feb,1,AIESEC in Kochi,GTe,incoming,iGTe,0,0,0,0,0,0,0
2024-02-01,2024,2,Feb,1,AIESEC in Kochi,GV,incoming,iGV,3,2,1,1,1,1,0
2024-02-01,2024,2,Feb,1,AIESEC in Kochi,GTa,outgoing,oGTa,5,2,1,1,1,1,1
2024-02-01,2024,2,Feb,1,AIESEC in Kochi,GTe,outgoing,oGTe,3,0,0,0,0,0,0
2024-02-01,2024,2,Feb,1,AIESEC in Kochi,GV,outgoing,oGV,12,4,1,0,0,0,0
2024-02-01,2024,2,Feb,1,AIESEC in Kolkata,GTa,incoming,iGTa,2,2,2,2,1,1,1
2024-02-01,2024,2,Feb,1,AIESEC in Kolkata,GTe,incoming,iGTe,1,1,0,0,0,0,0
2024-02-01,2024,2,Feb,1,AIESEC in Kolkata,GV,incoming,iGV,7,3,2,1,1,0,0
2024-02-01,2024,2,Feb,1,AIESEC in Kolkata,GTa,outgoing,oGTa,15,7,7,6,6,5,5
2024-02-01,2024,2,Feb,1,AIESEC in Kolkata,GTe,outgoing,oGTe,5,4,4,3,3,3,3
2024-02-01,2024,2,Feb,1,AIESEC in Kolkata,GV,outgoing,oGV,27,11,8,8,7,7,7
2024-02-01,2024,2,Feb,1,AIESEC in Lucknow,GTa,incoming,iGTa,1,0,0,0,0,0,0
2024-02-01,2024,2,Feb,1,AIESEC in Lucknow,GTe,incoming,iGTe,1,0,0,0,0,0,0
2024-02-01,2024,2,Feb,1,AIESEC in Lucknow,GV,incoming,iGV,5,3,3,2,2,1,1
2024-02-01,2024,2,Feb,1,AIESEC in Lucknow,GTa,outgoing,oGTa,5,2,2,2,1,1,1
2024-02-01,2024,2,Feb,1,AIESEC in Lucknow,GTe,outgoing,oGTe,0,0,0,0,0,0,0
2024-02-01,2024,2,Feb,1,AIESEC in Lucknow,GV,outgoing,oGV,23,9,6,4,4,4,4
2024-02-01,2024,2,Feb,1,AIESEC in Manipal,GTa,incoming,iGTa,1,1,0,0,0,0,0
2024-02-01,2024,2,Feb,1,AIESEC in Manipal,GTe,incoming,iGTe,1,1,1,0,0,0,0
2024-02-01,2024,2,Feb,1,AIESEC in Manipal,GV,incoming,iGV,8,4,2,1,1,1,1
2024-02-01,2024,2,Feb,1,AIESEC in Manipal,GTa,outgoing,oGTa,4,3,2,2,1,1,1
2024-02-01,2024,2,Feb,1,AIESEC in Manipal,GTe,outgoing,oGTe,4,4,3,3,3,3,3
2024-02-01,2024,2,Feb,1,AIESEC in Manipal,GV,outgoing,oGV,13,3,2,2,2,2,2
2024-02-01,2024,2,Feb,1,AIESEC in Mumbai,GTa,incoming,iGTa,7,2,1,0,0,0,0
2024-02-01,2024,2,Feb,1,AIESEC in Mumbai,GTe,incoming,iGTe,0,0,0,0,0,0,0
2024-02-01,2024,2,Feb,1,AIESEC in Mumbai,GV,incoming,iGV,18,7,5,4,3,2,2
2024-02-01,2024,2,Feb,1,AIESEC in Mumbai,GTa,outgoing,oGTa,17,10,6,6,6,6,6
2024-02-01,2024,2,Feb,1,AIESEC in Mumbai,GTe,outgoing,oGTe,4,2,1,0,0,0,0
2024-02-01,2024,2,Feb,1,AIESEC in Mumbai,GV,outgoing,oGV,50,23,14,12,6,6,6
2024-02-01,2024,2,Feb,1,AIESEC in Nagpur,GTa,incoming,iGTa,1,1,0,0,0,0,0
2024-02-01,2024,2,Feb,1,AIESEC in Nagpur,GTe,incoming,iGTe,1,0,0,0,0,0,0
2024-02-01,2024,2,Feb,1,AIESEC in Nagpur,GV,incoming,iGV,3,1,1,1,1,1,1
2024-02-01,2024,2,Feb,1,AIESEC in Nagpur,GTa,outgoing,oGTa,9,5,4,3,3,2,2
2024-02-01,2024,2,Feb,1,AIESEC in Nagpur,GTe,outgoing,oGTe,1,1,1,1,1,1,1
2024-02-01,2024,2,Feb,1,AIESEC in Nagpur,GV,outgoing,oGV,14,4,4,3,2,2,2
2024-02-01,2024,2,Feb,1,AIESEC in Pune,GTa,incoming,iGTa,4,2,1,1,0,0,0
2024-02-01,2024,2,Feb,1,AIESEC in Pune,GTe,incoming,iGTe,0,0,0,0,0,0,0
2024-02-01,2024,2,Feb,1,AIESEC in Pune,GV,incoming,iGV,10,3,3,2,2,2,2
2024-02-01,2024,2,Feb,1,AIESEC in Pune,GTa,outgoing,oGTa,25,11,7,6,4,4,4
2024-02-01,2024,2,Feb,1,AIESEC in Pune,GTe,outgoing,oGTe,3,2,1,1,1,1,1
2024-02-01,2024,2,Feb,1,AIESEC in Pune,GV,outgoing,oGV,41,23,18,16,11,11,11
2024-02-01,2024,2,Feb,1,AIESEC in Surat,GTa,incoming,iGTa,1,1,0,0,0,0,0
2024-02-01,2024,2,Feb,1,AIESEC in Surat,GTe,incoming,iGTe,0,0,0,0,0,0,0
2024-02-01,2024,2,Feb,1,AIESEC in Surat,GV,incoming,iGV,4,2,2,1,1,1,1
2024-02-01,2024,2,Feb,1,AIESEC in Surat,GTa,outgoing,oGTa,5,4,3,3,2,2,2
2024-02-01,2024,2,Feb,1,AIESEC in Surat,GTe,outgoing,oGTe,0,0,0,0,0,0,0
2024-02-01,2024,2,Feb,1,AIESEC in Surat,GV,outgoing,oGV,20,9,4,3,2,1,1
2024-02-01,2024,2,Feb,1,AIESEC in Vellore,GTa,incoming,iGTa,0,0,0,0,0,0,0
2024-02-01,2024,2,Feb,1,AIESEC in Vellore,GTe,incoming,iGTe,1,1,1,1,1,1,1
2024-02-01,2024,2,Feb,1,AIESEC in Vellore,GV,incoming,iGV,4,2,2,1,1,1,1
2024-02-01,2024,2,Feb,1,AIESEC in Vellore,GTa,outgoing,oGTa,0,0,0,0,0,0,0
2024-02-01,2024,2,Feb,1,AIESEC in Vellore,GTe,outgoing,oGTe,2,1,1,1,1,1,1
2024-02-01,2024,2,Feb,1,AIESEC in Vellore,GV,outgoing,oGV,10,7,6,4,3,3,2
2024-03-01,2024,3,Mar,1,AIESEC in Ahmedabad,GTa,incoming,iGTa,3,1,1,0,0,0,0
2024-03-01,2024,3,Mar,1,AIESEC in Ahmedabad,GTe,incoming,iGTe,1,0,0,0,0,0,0
2024-03-01,2024,3,Mar,1,AIESEC in Ahmedabad,GV,incoming,iGV,4,1,1,1,1,1,1
2024-03-01,2024,3,Mar,1,AIESEC in Ahmedabad,GTa,outgoing,oGTa,12,7,5,4,4,4,4
2024-03-01,2024,3,Mar,1,AIESEC in Ahmedabad,GTe,outgoing,oGTe,3,1,0,0,0,0,0
2024-03-01,2024,3,Mar,1,AIESEC in Ahmedabad,GV,outgoing,oGV,16,9,6,5,4,4,4
2024-03-01,2024,3,Mar,1,AIESEC in Bangalore,GTa,incoming,iGTa,4,2,2,1,1,1,1
2024-03-01,2024,3,Mar,1,AIESEC in Bangalore,GTe,incoming,iGTe,4,1,0,0,0,0,0
2024-03-01,2024,3,Mar,1,AIESEC in Bangalore,GV,incoming,iGV,8,5,4,2,1,1,1
2024-03-01,2024,3,Mar,1,AIESEC in Bangalore,GTa,outgoing,oGTa,11,7,5,2,2,2,2
2024-03-01,2024,3,Mar,1,AIESEC in Bangalore,GTe,outgoing,oGTe,1,1,0,0,0,0,0
2024-03-01,2024,3,Mar,1,AIESEC in Bangalore,GV,outgoing,oGV,24,14,10,9,4,4,4
2024-03-01,2024,3,Mar,1,AIESEC in Bhubaneswar,GTa,incoming,iGTa,1,0,0,0,0,0,0
2024-03-01,2024,3,Mar,1,AIESEC in Bhubaneswar,GTe,incoming,iGTe,0,0,0,0,0,0,0
2024-03-01,2024,3,Mar,1,AIESEC in Bhubaneswar,GV,incoming,iGV,2,0,0,0,0,0,0
2024-03-01,2024,3,Mar,1,AIESEC in Bhubaneswar,GTa,outgoing,oGTa,4,3,2,2,2,2,2
2024-03-01,2024,3,Mar,1,AIESEC in Bhubaneswar,GTe,outgoing,oGTe,1,0,0,0,0,0,0
2024-03-01,2024,3,Mar,1,AIESEC in Bhubaneswar,GV,outgoing,oGV,16,8,6,6,5,5,5
2024-03-01,2024,3,Mar,1,AIESEC in Chandigarh,GTa,incoming,iGTa,0,0,0,0,0,0,0
2024-03-01,2024,3,Mar,1,AIESEC in Chandigarh,GTe,incoming,iGTe,0,0,0,0,0,0,0
2024-03-01,2024,3,Mar,1,AIESEC in Chandigarh,GV,incoming,iGV,7,3,2,2,2,2,2
2024-03-01,2024,3,Mar,1,AIESEC in Chandigarh,GTa,outgoing,oGTa,4,1,1,1,0,0,0
2024-03-01,2024,3,Mar,1,AIESEC in Chandigarh,GTe,outgoing,oGTe,0,0,0,0,0,0,0
2024-03-01,2024,3,Mar,1,AIESEC in Chandigarh,GV,outgoing,oGV,13,4,3,1,0,0,0
2024-03-01,2024,3,Mar,1,AIESEC in Chennai,GTa,incoming,iGTa,4,0,0,0,0,0,0
2024-03-01,2024,3,Mar,1,AIESEC in Chennai,GTe,incoming,iGTe,3,0,0,0,0,0,0
2024-03-01,2024,3,Mar,1,AIESEC in Chennai,GV,incoming,iGV,10,5,3,3,3,3,2
2024-03-01,2024,3,Mar,1,AIESEC in Chennai,GTa,outgoing,oGTa,11,2,2,2,0,0,0
2024-03-01,2024,3,Mar,1,AIESEC in Chennai,GTe,outgoing,oGTe,7,4,3,3,2,2,2
2024-03-01,2024,3,Mar,1,AIESEC in Chennai,GV,outgoing,oGV,40,18,12,10,8,8,8
2024-03-01,2024,3,Mar,1,AIESEC in Coimbatore,GTa,incoming,iGTa,2,2,1,1,1,1,1
2024-03-01,2024,3,Mar,1,AIESEC in Coimbatore,GTe,incoming,iGTe,1,0,0,0,0,0,0
2024-03-01,2024,3,Mar,1,AIESEC in Coimbatore,GV,incoming,iGV,6,2,2,2,0,0,0
2024-03-01,2024,3,Mar,1,AIESEC in Coimbatore,GTa,outgoing,oGTa,9,5,5,5,2,2,1
2024-03-01,2024,3,Mar,1,AIESEC in Coimbatore,GTe,outgoing,oGTe,2,1,1,1,1,1,1
2024-03-01,2024,3,Mar,1,AIESEC in Coimbatore,GV,outgoing,oGV,11,6,5,4,3,3,2
2024-03-01,2024,3,Mar,1,AIESEC in Delhi IIT,GTa,incoming,iGTa,13,4,1,1,0,0,0
2024-03-01,2024,3,Mar,1,AIESEC in Delhi IIT,GTe,incoming,iGTe,4,1,0,0,0,0,0
2024-03-01,2024,3,Mar,1,AIESEC in Delhi IIT,GV,incoming,iGV,35,16,11,8,4,4,4
2024-03-01,2024,3,Mar,1,AIESEC in Delhi IIT,GTa,outgoing,oGTa,30,14,12,12,10,10,10
2024-03-01,2024,3,Mar,1,AIESEC in Delhi IIT,GTe,outgoing,oGTe,10,4,3,3,3,3,3
2024-03-01,2024,3,Mar,1,AIESEC in Delhi IIT,GV,outgoing,oGV,128,57,40,36,25,24,24
2024-03-01,2024,3,Mar,1,AIESEC in Delhi University,GTa,incoming,iGTa,4,1,1,1,1,1,1
2024-03-01,2024,3,Mar,1,AIESEC in Delhi University,GTe,incoming,iGTe,3,2,1,0,0,0,0
2024-03-01,2024,3,Mar,1,AIESEC in Delhi University,GV,incoming,iGV,21,7,5,4,3,2,2
2024-03-01,2024,3,Mar,1,AIESEC in Delhi University,GTa,outgoing,oGTa,13,8,7,7,6,6,6
2024-03-01,2024,3,Mar,1,AIESEC in Delhi University,GTe,outgoing,oGTe,5,2,1,0,0,0,0
2024-03-01,2024,3,Mar,1,AIESEC in Delhi University,GV,outgoing,oGV,54,24,10,9,7,7,7
2024-03-01,2024,3,Mar,1,AIESEC in Hyderabad,GTa,incoming,iGTa,3,1,1,1,1,1,1
2024-03-01,2024,3,Mar,1,AIESEC in Hyderabad,GTe,incoming,iGTe,0,0,0,0,0,0,0
2024-03-01,2024,3,Mar,1,AIESEC in Hyderabad,GV,incoming,iGV,7,1,1,1,0,0,0
2024-03-01,2024,3,Mar,1,AIESEC in Hyderabad,GTa,outgoing,oGTa,7,3,3,3,3,3,3
2024-03-01,2024,3,Mar,1,AIESEC in Hyderabad,GTe,outgoing,oGTe,4,3,1,1,1,1,1
2024-03-01,2024,3,Mar,1,AIESEC in Hyderabad,GV,outgoing,oGV,27,15,6,4,3,3,3
2024-03-01,2024,3,Mar,1,AIESEC in Indore,GTa,incoming,iGTa,1,1,1,1,1,1,1
2024-03-01,2024,3,Mar,1,AIESEC in Indore,GTe,incoming,iGTe,3,0,0,0,0,0,0
2024-03-01,2024,3,Mar,1,AIESEC in Indore,GV,incoming,iGV,11,5,2,2,2,2,1
2024-03-01,2024,3,Mar,1,AIESEC in Indore,GTa,outgoing,oGTa,9,5,5,4,4,4,4
2024-03-01,2024,3,Mar,1,AIESEC in Indore,GTe,outgoing,oGTe,3,2,1,1,0,0,0
2024-03-01,2024,3,Mar,1,AIESEC in Indore,GV,outgoing,oGV,23,11,4,3,1,1,1
2024-03-01,2024,3,Mar,1,AIESEC in Jaipur,GTa,incoming,iGTa,4,2,2,2,1,1,0
2024-03-01,2024,3,Mar,1,AIESEC in Jaipur,GTe,incoming,iGTe,2,2,2,2,0,0,0
2024-03-01,2024,3,Mar,1,AIESEC in Jaipur,GV,incoming,iGV,4,3,2,2,1,1,1
2024-03-01,2024,3,Mar,1,AIESEC in Jaipur,GTa,outgoing,oGTa,4,2,2,2,2,2,2
2024-03-01,2024,3,Mar,1,AIESEC in Jaipur,GTe,outgoing,oGTe,3,2,2,2,0,0,0
2024-03-01,2024,3,Mar,1,AIESEC in Jaipur,GV,outgoing,oGV,21,12,10,9,8,7,7
2024-03-01,2024,3,Mar,1,AIESEC in Kochi,GTa,incoming,iGTa,3,1,0,0,0,0,0
2024-03-01,2024,3,Mar,1,AIESEC in Kochi,GTe,incoming,iGTe,1,0,0,0,0,0,0
2024-03-01,2024,3,Mar,1,AIESEC in Kochi,GV,incoming,iGV,7,5,5,3,3,3,2
2024-03-01,2024,3,Mar,1,AIESEC in Kochi,GTa,outgoing,oGTa,5,3,3,2,2,2,2
2024-03-01,2024,3,Mar,1,AIESEC in Kochi,GTe,outgoing,oGTe,2,2,1,1,1,1,1
2024-03-01,2024,3,Mar,1,AIESEC in Kochi,GV,outgoing,oGV,15,4,2,1,0,0,0
2024-03-01,2024,3,Mar,1,AIESEC in Kolkata,GTa,incoming,iGTa,5,3,3,3,3,3,3
2024-03-01,2024,3,Mar,1,AIESEC in Kolkata,GTe,incoming,iGTe,1,0,0,0,0,0,0
2024-03-01,2024,3,Mar,1,AIESEC in Kolkata,GV,incoming,iGV,18,9,7,5,4,4,4
2024-03-01,2024,3,Mar,1,AIESEC in Kolkata,GTa,outgoing,oGTa,6,4,4,3,3,3,3
2024-03-01,2024,3,Mar,1,AIESEC in Kolkata,GTe,outgoing,oGTe,5,1,1,1,1,1,1
2024-03-01,2024,3,Mar,1,AIESEC in Kolkata,GV,outgoing,oGV,21,9,5,4,3,3,3
2024-03-01,2024,3,Mar,1,AIESEC in Lucknow,GTa,incoming,iGTa,1,1,0,0,0,0,0
2024-03-01,2024,3,Mar,1,AIESEC in Lucknow,GTe,incoming,iGTe,0,0,0,0,0,0,0
2024-03-01,2024,3,Mar,1,AIESEC in Lucknow,GV,incoming,iGV,8,1,0,0,0,0,0
2024-03-01,2024,3,Mar,1,AIESEC in Lucknow,GTa,outgoing,oGTa,7,1,1,0,0,0,0
2024-03-01,2024,3,Mar,1,AIESEC in Lucknow,GTe,outgoing,oGTe,3,1,0,0,0,0,0
2024-03-01,2024,3,Mar,1,AIESEC in Lucknow,GV,outgoing,oGV,18,7,2,2,2,2,2
2024-03-01,2024,3,Mar,1,AIESEC in Manipal,GTa,incoming,iGTa,0,0,0,0,0,0,0
2024-03-01,2024,3,Mar,1,AIESEC in Manipal,GTe,incoming,iGTe,0,0,0,0,0,0,0
2024-03-01,2024,3,Mar,1,AIESEC in Manipal,GV,incoming,iGV,6,1,0,0,0,0,0
2024-03-01,2024,3,Mar,1,AIESEC in Manipal,GTa,outgoing,oGTa,2,0,0,0,0,0,0
2024-03-01,2024,3,Mar,1,AIESEC in Manipal,GTe,outgoing,oGTe,0,0,0,0,0,0,0
2024-03-01,2024,3,Mar,1,AIESEC in Manipal,GV,outgoing,oGV,17,7,3,3,3,3,3
2024-03-01,2024,3,Mar,1,AIESEC in Mumbai,GTa,incoming,iGTa,3,1,0,0,0,0,0
2024-03-01,2024,3,Mar,1,AIESEC in Mumbai,GTe,incoming,iGTe,1,0,0,0,0,0,0
2024-03-01,2024,3,Mar,1,AIESEC in Mumbai,GV,incoming,iGV,15,4,2,2,1,1,0
2024-03-01,2024,3,Mar,1,AIESEC in Mumbai,GTa,outgoing,oGTa,15,3,3,3,2,2,2
2024-03-01,2024,3,Mar,1,AIESEC in Mumbai,GTe,outgoing,oGTe,4,2,2,1,1,1,1
2024-03-01,2024,3,Mar,1,AIESEC in Mumbai,GV,outgoing,oGV,56,24,18,18,12,10,9
2024-03-01,2024,3,Mar,1,AIESEC in Nagpur,GTa,incoming,iGTa,4,0,0,0,0,0,0
2024-03-01,2024,3,Mar,1,AIESEC in Nagpur,GTe,incoming,iGTe,3,1,0,0,0,0,0
2024-03-01,2024,3,Mar,1,AIESEC in Nagpur,GV,incoming,iGV,7,1,1,1,0,0,0
2024-03-01,2024,3,Mar,1,AIESEC in Nagpur,GTa,outgoing,oGTa,7,2,2,1,1,1,1
2024-03-01,2024,3,Mar,1,AIESEC in Nagpur,GTe,outgoing,oGTe,0,0,0,0,0,0,0
2024-03-01,2024,3,Mar,1,AIESEC in Nagpur,GV,outgoing,oGV,22,9,9,8,6,6,5
2024-03-01,2024,3,Mar,1,AIESEC in Pune,GTa,incoming,iGTa,5,4,2,2,1,1,1
2024-03-01,2024,3,Mar,1,AIESEC in Pune,GTe,incoming,iGTe,1,1,1,1,0,0,0
2024-03-01,2024,3,Mar,1,AIESEC in Pune,GV,incoming,iGV,15,10,7,6,6,5,5
2024-03-01,2024,3,Mar,1,AIESEC in Pune,GTa,outgoing,oGTa,16,7,5,4,4,3,3
2024-03-01,2024,3,Mar,1,AIESEC in Pune,GTe,outgoing,oGTe,3,0,0,0,0,0,0
2024-03-01,2024,3,Mar,1,AIESEC in Pune,GV,outgoing,oGV,40,21,17,9,7,7,7
2024-03-01,2024,3,Mar,1,AIESEC in Surat,GTa,incoming,iGTa,2,2,2,1,1,0,0
2024-03-01,2024,3,Mar,1,AIESEC in Surat,GTe,incoming,iGTe,1,0,0,0,0,0,0
2024-03-01,2024,3,Mar,1,AIESEC in Surat,GV,incoming,iGV,2,0,0,0,0,0,0
2024-03-01,2024,3,Mar,1,AIESEC in Surat,GTa,outgoing,oGTa,4,2,1,1,1,1,1
2024-03-01,2024,3,Mar,1,AIESEC in Surat,GTe,outgoing,oGTe,3,1,1,1,1,1,1
2024-03-01,2024,3,Mar,1,AIESEC in Surat,GV,outgoing,oGV,12,7,3,2,1,1,1
2024-03-01,2024,3,Mar,1,AIESEC in Vellore,GTa,incoming,iGTa,1,0,0,0,0,0,0
2024-03-01,2024,3,Mar,1,AIESEC in Vellore,GTe,incoming,iGTe,1,1,0,0,0,0,0
2024-03-01,2024,3,Mar,1,AIESEC in Vellore,GV,incoming,iGV,5,0,0,0,0,0,0
2024-03-01,2024,3,Mar,1,AIESEC in Vellore,GTa,outgoing,oGTa,7,6,4,4,4,4,3
2024-03-01,2024,3,Mar,1,AIESEC in Vellore,GTe,outgoing,oGTe,0,0,0,0,0,0,0
2024-03-01,2024,3,Mar,1,AIESEC in Vellore,GV,outgoing,oGV,14,5,4,4,3,3,3
2024-04-01,2024,4,Apr,2,AIESEC in Ahmedabad,GTa,incoming,iGTa,2,0,0,0,0,0,0
2024-04-01,2024,4,Apr,2,AIESEC in Ahmedabad,GTe,incoming,iGTe,0,0,0,0,0,0,0
2024-04-01,2024,4,Apr,2,AIESEC in Ahmedabad,GV,incoming,iGV,10,8,7,6,4,4,4
2024-04-01,2024,4,Apr,2,AIESEC in Ahmedabad,GTa,outgoing,oGTa,4,3,3,3,3,3,3
2024-04-01,2024,4,Apr,2,AIESEC in Ahmedabad,GTe,outgoing,oGTe,1,1,1,1,1,1,1
2024-04-01,2024,4,Apr,2,AIESEC in Ahmedabad,GV,outgoing,oGV,21,11,10,10,7,7,7
2024-04-01,2024,4,Apr,2,AIESEC in Bangalore,GTa,incoming,iGTa,2,2,2,2,2,2,2
2024-04-01,2024,4,Apr,2,AIESEC in Bangalore,GTe,incoming,iGTe,1,1,0,0,0,0,0
2024-04-01,2024,4,Apr,2,AIESEC in Bangalore,GV,incoming,iGV,14,3,2,1,1,0,0
2024-04-01,2024,4,Apr,2,AIESEC in Bangalore,GTa,outgoing,oGTa,12,6,6,5,4,4,4
2024-04-01,2024,4,Apr,2,AIESEC in Bangalore,GTe,outgoing,oGTe,4,2,1,1,0,0,0
2024-04-01,2024,4,Apr,2,AIESEC in Bangalore,GV,outgoing,oGV,24,8,6,6,4,3,3
2024-04-01,2024,4,Apr,2,AIESEC in Bhubaneswar,GTa,incoming,iGTa,0,0,0,0,0,0,0
2024-04-01,2024,4,Apr,2,AIESEC in Bhubaneswar,GTe,incoming,iGTe,2,0,0,0,0,0,0
2024-04-01,2024,4,Apr,2,AIESEC in Bhubaneswar,GV,incoming,iGV,7,2,1,0,0,0,0
2024-04-01,2024,4,Apr,2,AIESEC in Bhubaneswar,GTa,outgoing,oGTa,5,2,2,2,1,1,1
2024-04-01,2024,4,Apr,2,AIESEC in Bhubaneswar,GTe,outgoing,oGTe,0,0,0,0,0,0,0
2024-04-01,2024,4,Apr,2,AIESEC in Bhubaneswar,GV,outgoing,oGV,18,7,2,2,2,2,1
2024-04-01,2024,4,Apr,2,AIESEC in Chandigarh,GTa,incoming,iGTa,0,0,0,0,0,0,0
2024-04-01,2024,4,Apr,2,AIESEC in Chandigarh,GTe,incoming,iGTe,1,0,0,0,0,0,0
2024-04-01,2024,4,Apr,2,AIESEC in Chandigarh,GV,incoming,iGV,5,4,1,1,0,0,0
2024-04-01,2024,4,Apr,2,AIESEC in Chandigarh,GTa,outgoing,oGTa,5,3,3,2,2,2,2
2024-04-01,2024,4,Apr,2,AIESEC in Chandigarh,GTe,outgoing,oGTe,3,0,0,0,0,0,0
2024-04-01,2024,4,Apr,2,AIESEC in Chandigarh,GV,outgoing,oGV,22,11,5,5,4,3,3
2024-04-01,2024,4,Apr,2,AIESEC in Chennai,GTa,incoming,iGTa,2,1,1,1,1,1,1
2024-04-01,2024,4,Apr,2,AIESEC in Chennai,GTe,incoming,iGTe,1,0,0,0,0,0,0
2024-04-01,2024,4,Apr,2,AIESEC in Chennai,GV,incoming,iGV,14,5,3,2,0,0,0
2024-04-01,2024,4,Apr,2,AIESEC in Chennai,GTa,outgoing,oGTa,13,8,6,6,3,3,3
2024-04-01,2024,4,Apr,2,AIESEC in Chennai,GTe,outgoing,oGTe,5,3,2,1,1,1,1
2024-04-01,2024,4,Apr,2,AIESEC in Chennai,GV,outgoing,oGV,35,13,10,7,5,4,4
2024-04-01,2024,4,Apr,2,AIESEC in Coimbatore,GTa,incoming,iGTa,4,2,1,1,1,1,1
2024-04-01,2024,4,Apr,2,AIESEC in Coimbatore,GTe,incoming,iGTe,0,0,0,0,0,0,0
2024-04-01,2024,4,Apr,2,AIESEC in Coimbatore,GV,incoming,iGV,6,4,2,1,1,0,0
2024-04-01,2024,4,Apr,2,AIESEC in Coimbatore,GTa,outgoing,oGTa,9,6,3,3,3,3,3
2024-04-01,2024,4,Apr,2,AIESEC in Coimbatore,GTe,outgoing,oGTe,2,1,0,0,0,0,0
2024-04-01,2024,4,Apr,2,AIESEC in Coimbatore,GV,outgoing,oGV,23,9,5,4,2,2,2
2024-04-01,2024,4,Apr,2,AIESEC in Delhi IIT,GTa,incoming,iGTa,16,8,4,4,3,3,3
2024-04-01,2024,4,Apr,2,AIESEC in Delhi IIT,GTe,incoming,iGTe,4,1,1,1,1,1,0
2024-04-01,2024,4,Apr,2,AIESEC in Delhi IIT,GV,incoming,iGV,32,13,7,6,6,4,4
2024-04-01,2024,4,Apr,2,AIESEC in Delhi IIT,GTa,outgoing,oGTa,44,24,15,14,11,11,11
2024-04-01,2024,4,Apr,2,AIESEC in Delhi IIT,GTe,outgoing,oGTe,11,5,3,2,2,2,2
2024-04-01,2024,4,Apr,2,AIESEC in Delhi IIT,GV,outgoing,oGV,97,43,20,15,12,12,10
2024-04-01,2024,4,Apr,2,AIESEC in Delhi University,GTa,incoming,iGTa,6,4,2,2,1,1,1
2024-04-01,2024,4,Apr,2,AIESEC in Delhi University,GTe,incoming,iGTe,2,1,0,0,0,0,0
2024-04-01,2024,4,Apr,2,AIESEC in Delhi University,GV,incoming,iGV,18,8,4,3,2,2,2
2024-04-01,2024,4,Apr,2,AIESEC in Delhi University,GTa,outgoing,oGTa,20,9,8,8,7,7,7
2024-04-01,2024,4,Apr,2,AIESEC in Delhi University,GTe,outgoing,oGTe,8,6,4,3,3,3,3
2024-04-01,2024,4,Apr,2,AIESEC in Delhi University,GV,outgoing,oGV,64,26,17,13,10,10,10
2024-04-01,2024,4,Apr,2,AIESEC in Hyderabad,GTa,incoming,iGTa,1,0,0,0,0,0,0
2024-04-01,2024,4,Apr,2,AIESEC in Hyderabad,GTe,incoming,iGTe,0,0,0,0,0,0,0
2024-04-01,2024,4,Apr,2,AIESEC in Hyderabad,GV,incoming,iGV,7,0,0,0,0,0,0
2024-04-01,2024,4,Apr,2,AIESEC in Hyderabad,GTa,outgoing,oGTa,11,8,5,4,4,4,4
2024-04-01,2024,4,Apr,2,AIESEC in Hyderabad,GTe,outgoing,oGTe,3,2,1,0,0,0,0
2024-04-01,2024,4,Apr,2,AIESEC in Hyderabad,GV,outgoing,oGV,37,21,10,8,6,5,5
2024-04-01,2024,4,Apr,2,AIESEC in Indore,GTa,incoming,iGTa,4,1,1,0,0,0,0
2024-04-01,2024,4,Apr,2,AIESEC in Indore,GTe,incoming,iGTe,0,0,0,0,0,0,0
2024-04-01,2024,4,Apr,2,AIESEC in Indore,GV,incoming,iGV,5,0,0,0,0,0,0
2024-04-01,2024,4,Apr,2,AIESEC in Indore,GTa,outgoing,oGTa,7,3,2,2,2,2,2
2024-04-01,2024,4,Apr,2,AIESEC in Indore,GTe,outgoing,oGTe,2,2,2,2,2,2,2
2024-04-01,2024,4,Apr,2,AIESEC in Indore,GV,outgoing,oGV,21,7,6,3,2,2,2
2024-04-01,2024,4,Apr,2,AIESEC in Jaipur,GTa,incoming,iGTa,2,0,0,0,0,0,0
2024-04-01,2024,4,Apr,2,AIESEC in Jaipur,GTe,incoming,iGTe,0,0,0,0,0,0,0
2024-04-01,2024,4,Apr,2,AIESEC in Jaipur,GV,incoming,iGV,5,2,2,2,2,2,2
2024-04-01,2024,4,Apr,2,AIESEC in Jaipur,GTa,outgoing,oGTa,6,2,2,1,1,1,1
2024-04-01,2024,4,Apr,2,AIESEC in Jaipur,GTe,outgoing,oGTe,3,2,2,2,1,1,1
2024-04-01,2024,4,Apr,2,AIESEC in Jaipur,GV,outgoing,oGV,25,10,7,3,1,1,1
2024-04-01,2024,4,Apr,2,AIESEC in Kochi,GTa,incoming,iGTa,1,0,0,0,0,0,0
2024-04-01,2024,4,Apr,2,AIESEC in Kochi,GTe,incoming,iGTe,2,1,1,1,1,1,1
2024-04-01,2024,4,Apr,2,AIESEC in Kochi,GV,incoming,iGV,3,1,1,0,0,0,0
2024-04-01,2024,4,Apr,2,AIESEC in Kochi,GTa,outgoing,oGTa,7,3,2,2,2,2,2
2024-04-01,2024,4,Apr,2,AIESEC in Kochi,GTe,outgoing,oGTe,3,1,0,0,0,0,0
2024-04-01,2024,4,Apr,2,AIESEC in Kochi,GV,outgoing,oGV,17,12,5,4,3,3,2
2024-04-01,2024,4,Apr,2,AIESEC in Kolkata,GTa,incoming,iGTa,2,1,1,1,1,0,0
2024-04-01,2024,4,Apr,2,AIESEC in Kolkata,GTe,incoming,iGTe,0,0,0,0,0,0,0
2024-04-01,2024,4,Apr,2,AIESEC in Kolkata,GV,incoming,iGV,16,6,5,4,2,2,2
2024-04-01,2024,4,Apr,2,AIESEC in Kolkata,GTa,outgoing,oGTa,10,2,0,0,0,0,0
2024-04-01,2024,4,Apr,2,AIESEC in Kolkata,GTe,outgoing,oGTe,2,0,0,0,0,0,0
2024-04-01,2024,4,Apr,2,AIESEC in Kolkata,GV,outgoing,oGV,30,11,9,9,9,9,7
2024-04-01,2024,4,Apr,2,AIESEC in Lucknow,GTa,incoming,iGTa,1,1,0,0,0,0,0
2024-04-01,2024,4,Apr,2,AIESEC in Lucknow,GTe,incoming,iGTe,1,1,0,0,0,0,0
2024-04-01,2024,4,Apr,2,AIESEC in Lucknow,GV,incoming,iGV,6,3,2,2,2,2,1
2024-04-01,2024,4,Apr,2,AIESEC in Lucknow,GTa,outgoing,oGTa,9,4,2,2,1,1,1
2024-04-01,2024,4,Apr,2,AIESEC in Lucknow,GTe,outgoing,oGTe,2,0,0,0,0,0,0
2024-04-01,2024,4,Apr,2,AIESEC in Lucknow,GV,outgoing,oGV,24,12,9,9,8,8,8
2024-04-01,2024,4,Apr,2,AIESEC in Manipal,GTa,incoming,iGTa,1,1,1,1,1,1,1
2024-04-01,2024,4,Apr,2,AIESEC in Manipal,GTe,incoming,iGTe,1,0,0,0,0,0,0
2024-04-01,2024,4,Apr,2,AIESEC in Manipal,GV,incoming,iGV,11,8,4,2,1,1,1
2024-04-01,2024,4,Apr,2,AIESEC in Manipal,GTa,outgoing,oGTa,7,3,2,2,2,2,2
2024-04-01,2024,4,Apr,2,AIESEC in Manipal,GTe,outgoing,oGTe,3,2,2,1,1,1,0
2024-04-01,2024,4,Apr,2,AIESEC in Manipal,GV,outgoing,oGV,24,12,11,9,7,5,3
2024-04-01,2024,4,Apr,2,AIESEC in Mumbai,GTa,incoming,iGTa,4,2,2,2,2,1,1
2024-04-01,2024,4,Apr,2,AIESEC in Mumbai,GTe,incoming,iGTe,1,0,0,0,0,0,0
2024-04-01,2024,4,Apr,2,AIESEC in Mumbai,GV,incoming,iGV,17,9,8,6,4,4,3
2024-04-01,2024,4,Apr,2,AIESEC in Mumbai,GTa,outgoing,oGTa,28,16,12,10,10,9,9
2024-04-01,2024,4,Apr,2,AIESEC in Mumbai,GTe,outgoing,oGTe,5,4,2,1,1,1,1
2024-04-01,2024,4,Apr,2,AIESEC in Mumbai,GV,outgoing,oGV,50,16,13,13,11,10,10
2024-04-01,2024,4,Apr,2,AIESEC in Nagpur,GTa,incoming,iGTa,1,1,1,1,0,0,0
2024-04-01,2024,4,Apr,2,AIESEC in Nagpur,GTe,incoming,iGTe,0,0,0,0,0,0,0
2024-04-01,2024,4,Apr,2,AIESEC in Nagpur,GV,incoming,iGV,14,6,4,2,2,2,2
2024-04-01,2024,4,Apr,2,AIESEC in Nagpur,GTa,outgoing,oGTa,5,1,1,1,0,0,0
2024-04-01,2024,4,Apr,2,AIESEC in Nagpur,GTe,outgoing,oGTe,3,1,1,1,1,1,1
2024-04-01,2024,4,Apr,2,AIESEC in Nagpur,GV,outgoing,oGV,23,14,12,7,7,7,5
2024-04-01,2024,4,Apr,2,AIESEC in Pune,GTa,incoming,iGTa,4,1,1,1,1,1,1
2024-04-01,2024,4,Apr,2,AIESEC in Pune,GTe,incoming,iGTe,1,1,1,0,0,0,0
2024-04-01,2024,4,Apr,2,AIESEC in Pune,GV,incoming,iGV,14,4,1,0,0,0,0
2024-04-01,2024,4,Apr,2,AIESEC in Pune,GTa,outgoing,oGTa,14,11,8,8,6,6,6
2024-04-01,2024,4,Apr,2,AIESEC in Pune,GTe,outgoing,oGTe,9,2,1,1,1,1,1
2024-04-01,2024,4,Apr,2,AIESEC in Pune,GV,outgoing,oGV,60,22,19,15,13,13,13
2024-04-01,2024,4,Apr,2,AIESEC in Surat,GTa,incoming,iGTa,2,2,2,2,1,1,1
2024-04-01,2024,4,Apr,2,AIESEC in Surat,GTe,incoming,iGTe,0,0,0,0,0,0,0
2024-04-01,2024,4,Apr,2,AIESEC in Surat,GV,incoming,iGV,5,2,0,0,0,0,0
2024-04-01,2024,4,Apr,2,AIESEC in Surat,GTa,outgoing,oGTa,4,1,1,1,1,1,1
2024-04-01,2024,4,Apr,2,AIESEC in Surat,GTe,outgoing,oGTe,2,1,1,1,0,0,0
2024-04-01,2024,4,Apr,2,AIESEC in Surat,GV,outgoing,oGV,16,7,4,3,2,1,1
2024-04-01,2024,4,Apr,2,AIESEC in Vellore,GTa,incoming,iGTa,1,0,0,0,0,0,0
2024-04-01,2024,4,Apr,2,AIESEC in Vellore,GTe,incoming,iGTe,1,0,0,0,0,0,0
2024-04-01,2024,4,Apr,2,AIESEC in Vellore,GV,incoming,iGV,7,2,1,1,1,1,1
2024-04-01,2024,4,Apr,2,AIESEC in Vellore,GTa,outgoing,oGTa,6,3,2,1,1,1,1
2024-04-01,2024,4,Apr,2,AIESEC in Vellore,GTe,outgoing,oGTe,1,1,1,1,1,1,1
2024-04-01,2024,4,Apr,2,AIESEC in Vellore,GV,outgoing,oGV,23,9,7,5,4,4,3
2024-05-01,2024,5,May,2,AIESEC in Ahmedabad,GTa,incoming,iGTa,3,3,2,1,1,1,1
2024-05-01,2024,5,May,2,AIESEC in Ahmedabad,GTe,incoming,iGTe,1,0,0,0,0,0,0
2024-05-01,2024,5,May,2,AIESEC in Ahmedabad,GV,incoming,iGV,7,2,2,2,1,1,1
2024-05-01,2024,5,May,2,AIESEC in Ahmedabad,GTa,outgoing,oGTa,6,2,1,1,1,1,1
2024-05-01,2024,5,May,2,AIESEC in Ahmedabad,GTe,outgoing,oGTe,4,1,1,1,1,1,1
2024-05-01,2024,5,May,2,AIESEC in Ahmedabad,GV,outgoing,oGV,36,19,13,12,11,10,9
2024-05-01,2024,5,May,2,AIESEC in Bangalore,GTa,incoming,iGTa,4,3,2,1,0,0,0
2024-05-01,2024,5,May,2,AIESEC in Bangalore,GTe,incoming,iGTe,1,0,0,0,0,0,0
2024-05-01,2024,5,May,2,AIESEC in Bangalore,GV,incoming,iGV,21,10,8,6,4,4,4
2024-05-01,2024,5,May,2,AIESEC in Bangalore,GTa,outgoing,oGTa,21,8,7,7,5,4,4
2024-05-01,2024,5,May,2,AIESEC in Bangalore,GTe,outgoing,oGTe,5,2,2,2,2,2,2
2024-05-01,2024,5,May,2,AIESEC in Bangalore,GV,outgoing,oGV,28,18,13,9,5,5,5
2024-05-01,2024,5,May,2,AIESEC in Bhubaneswar,GTa,incoming,iGTa,1,0,0,0,0,0,0
2024-05-01,2024,5,May,2,AIESEC in Bhubaneswar,GTe,incoming,iGTe,0,0,0,0,0,0,0
2024-05-01,2024,5,May,2,AIESEC in Bhubaneswar,GV,incoming,iGV,6,2,1,1,1,1,1
2024-05-01,2024,5,May,2,AIESEC in Bhubaneswar,GTa,outgoing,oGTa,7,4,3,3,1,1,1
2024-05-01,2024,5,May,2,AIESEC in Bhubaneswar,GTe,outgoing,oGTe,3,1,1,0,0,0,0
2024-05-01,2024,5,May,2,AIESEC in Bhubaneswar,GV,outgoing,oGV,28,15,10,8,8,8,8
2024-05-01,2024,5,May,2,AIESEC in Chandigarh,GTa,incoming,iGTa,4,0,0,0,0,0,0
2024-05-01,2024,5,May,2,AIESEC in Chandigarh,GTe,incoming,iGTe,1,0,0,0,0,0,0
2024-05-01,2024,5,May,2,AIESEC in Chandigarh,GV,incoming,iGV,12,4,2,1,1,1,1
2024-05-01,2024,5,May,2,AIESEC in Chandigarh,GTa,outgoing,oGTa,12,7,6,5,2,2,2
2024-05-01,2024,5,May,2,AIESEC in Chandigarh,GTe,outgoing,oGTe,2,1,1,0,0,0,0
2024-05-01,2024,5,May,2,AIESEC in Chandigarh,GV,outgoing,oGV,27,14,10,7,7,5,5
2024-05-01,2024,5,May,2,AIESEC in Chennai,GTa,incoming,iGTa,5,2,2,2,2,2,2
2024-05-01,2024,5,May,2,AIESEC in Chennai,GTe,incoming,iGTe,2,1,0,0,0,0,0
2024-05-01,2024,5,May,2,AIESEC in Chennai,GV,incoming,iGV,12,7,2,2,0,0,0
2024-05-01,2024,5,May,2,AIESEC in Chennai,GTa,outgoing,oGTa,23,7,5,5,3,2,2
2024-05-01,2024,5,May,2,AIESEC in Chennai,GTe,outgoing,oGTe,12,5,4,3,1,1,1
2024-05-01,2024,5,May,2,AIESEC in Chennai,GV,outgoing,oGV,33,18,14,13,11,11,7
2024-05-01,2024,5,May,2,AIESEC in Coimbatore,GTa,incoming,iGTa,1,1,1,1,0,0,0
2024-05-01,2024,5,May,2,AIESEC in Coimbatore,GTe,incoming,iGTe,1,1,0,0,0,0,0
2024-05-01,2024,5,May,2,AIESEC in Coimbatore,GV,incoming,iGV,2,2,1,1,1,1,1
2024-05-01,2024,5,May,2,AIESEC in Coimbatore,GTa,outgoing,oGTa,13,12,12,12,10,10,9
2024-05-01,2024,5,May,2,AIESEC in Coimbatore,GTe,outgoing,oGTe,3,1,1,1,0,0,0
2024-05-01,2024,5,May,2,AIESEC in Coimbatore,GV,outgoing,oGV,25,10,7,4,4,3,3
2024-05-01,2024,5,May,2,AIESEC in Delhi IIT,GTa,incoming,iGTa,18,7,7,6,6,6,6
2024-05-01,2024,5,May,2,AIESEC in Delhi IIT,GTe,incoming,iGTe,12,4,4,4,2,2,2
2024-05-01,2024,5,May,2,AIESEC in Delhi IIT,GV,incoming,iGV,38,15,8,6,3,3,2
2024-05-01,2024,5,May,2,AIESEC in Delhi IIT,GTa,outgoing,oGTa,43,16,14,11,9,9,9
2024-05-01,2024,5,May,2,AIESEC in Delhi IIT,GTe,outgoing,oGTe,20,8,7,6,5,5,5
2024-05-01,2024,5,May,2,AIESEC in Delhi IIT,GV,outgoing,oGV,184,89,66,52,48,45,41
2024-05-01,2024,5,May,2,AIESEC in Delhi University,GTa,incoming,iGTa,12,4,3,3,3,3,3
2024-05-01,2024,5,May,2,AIESEC in Delhi University,GTe,incoming,iGTe,1,0,0,0,0,0,0
2024-05-01,2024,5,May,2,AIESEC in Delhi University,GV,incoming,iGV,28,11,9,9,8,7,6
2024-05-01,2024,5,May,2,AIESEC in Delhi University,GTa,outgoing,oGTa,31,13,10,10,7,7,7
2024-05-01,2024,5,May,2,AIESEC in Delhi University,GTe,outgoing,oGTe,11,3,2,2,2,2,2
2024-05-01,2024,5,May,2,AIESEC in Delhi University,GV,outgoing,oGV,93,33,22,16,10,9,8
2024-05-01,2024,5,May,2,AIESEC in Hyderabad,GTa,incoming,iGTa,5,2,2,2,2,1,1
2024-05-01,2024,5,May,2,AIESEC in Hyderabad,GTe,incoming,iGTe,2,0,0,0,0,0,0
2024-05-01,2024,5,May,2,AIESEC in Hyderabad,GV,incoming,iGV,19,10,10,8,5,5,5
2024-05-01,2024,5,May,2,AIESEC in Hyderabad,GTa,outgoing,oGTa,17,7,4,4,3,3,3
2024-05-01,2024,5,May,2,AIESEC in Hyderabad,GTe,outgoing,oGTe,3,3,2,2,2,2,2
2024-05-01,2024,5,May,2,AIESEC in Hyderabad,GV,outgoing,oGV,52,30,25,20,13,13,12
2024-05-01,2024,5,May,2,AIESEC in Indore,GTa,incoming,iGTa,5,4,4,4,4,4,2
2024-05-01,2024,5,May,2,AIESEC in Indore,GTe,incoming,iGTe,2,0,0,0,0,0,0
2024-05-01,2024,5,May,2,AIESEC in Indore,GV,incoming,iGV,7,3,2,2,2,1,1
2024-05-01,2024,5,May,2,AIESEC in Indore,GTa,outgoing,oGTa,6,3,3,3,2,2,2
2024-05-01,2024,5,May,2,AIESEC in Indore,GTe,outgoing,oGTe,1,1,1,1,1,1,1
2024-05-01,2024,5,May,2,AIESEC in Indore,GV,outgoing,oGV,38,15,12,10,6,6,5
2024-05-01,2024,5,May,2,AIESEC in Jaipur,GTa,incoming,iGTa,2,2,2,2,1,1,1
2024-05-01,2024,5,May,2,AIESEC in Jaipur,GTe,incoming,iGTe,3,0,0,0,0,0,0
2024-05-01,2024,5,May,2,AIESEC in Jaipur,GV,incoming,iGV,11,4,3,3,2,2,1
2024-05-01,2024,5,May,2,AIESEC in Jaipur,GTa,outgoing,oGTa,12,6,3,3,2,2,2
2024-05-01,2024,5,May,2,AIESEC in Jaipur,GTe,outgoing,oGTe,8,4,4,4,3,3,3
2024-05-01,2024,5,May,2,AIESEC in Jaipur,GV,outgoing,oGV,31,15,11,8,6,5,5
2024-05-01,2024,5,May,2,AIESEC in Kochi,GTa,incoming,iGTa,5,2,1,1,1,1,1
2024-05-01,2024,5,May,2,AIESEC in Kochi,GTe,incoming,iGTe,3,3,1,1,1,1,1
2024-05-01,2024,5,May,2,AIESEC in Kochi,GV,incoming,iGV,4,3,2,1,1,1,1
2024-05-01,2024,5,May,2,AIESEC in Kochi,GTa,outgoing,oGTa,18,8,5,4,3,3,3
2024-05-01,2024,5,May,2,AIESEC in Kochi,GTe,outgoing,oGTe,1,0,0,0,0,0,0
2024-05-01,2024,5,May,2,AIESEC in Kochi,GV,outgoing,oGV,21,10,8,8,6,5,3
2024-05-01,2024,5,May,2,AIESEC in Kolkata,GTa,incoming,iGTa,3,1,1,0,0,0,0
2024-05-01,2024,5,May,2,AIESEC in Kolkata,GTe,incoming,iGTe,1,0,0,0,0,0,0
2024-05-01,2024,5,May,2,AIESEC in Kolkata,GV,incoming,iGV,9,6,3,3,3,3,3
2024-05-01,2024,5,May,2,AIESEC in Kolkata,GTa,outgoing,oGTa,11,5,3,3,2,2,2
2024-05-01,2024,5,May,2,AIESEC in Kolkata,GTe,outgoing,oGTe,5,3,3,3,3,2,2
2024-05-01,2024,5,May,2,AIESEC in Kolkata,GV,outgoing,oGV,40,13,10,7,4,4,4
2024-05-01,2024,5,May,2,AIESEC in Lucknow,GTa,incoming,iGTa,3,2,2,2,2,2,2
2024-05-01,2024,5,May,2,AIESEC in Lucknow,GTe,incoming,iGTe,2,2,1,0,0,0,0
2024-05-01,2024,5,May,2,AIESEC in Lucknow,GV,incoming,iGV,9,4,2,1,0,0,0
2024-05-01,2024,5,May,2,AIESEC in Lucknow,GTa,outgoing,oGTa,6,2,1,1,1,1,1
2024-05-01,2024,5,May,2,AIESEC in Lucknow,GTe,outgoing,oGTe,4,1,1,1,1,1,1
2024-05-01,2024,5,May,2,AIESEC in Lucknow,GV,outgoing,oGV,31,14,11,10,10,9,9
2024-05-01,2024,5,May,2,AIESEC in Manipal,GTa,incoming,iGTa,2,0,0,0,0,0,0
2024-05-01,2024,5,May,2,AIESEC in Manipal,GTe,incoming,iGTe,1,0,0,0,0,0,0
2024-05-01,2024,5,May,2,AIESEC in Manipal,GV,incoming,iGV,2,1,1,0,0,0,0
2024-05-01,2024,5,May,2,AIESEC in Manipal,GTa,outgoing,oGTa,3,0,0,0,0,0,0
2024-05-01,2024,5,May,2,AIESEC in Manipal,GTe,outgoing,oGTe,3,0,0,0,0,0,0
2024-05-01,2024,5,May,2,AIESEC in Manipal,GV,outgoing,oGV,23,11,7,4,3,2,2
2024-05-01,2024,5,May,2,AIESEC in Mumbai,GTa,incoming,iGTa,8,3,3,1,1,1,1
2024-05-01,2024,5,May,2,AIESEC in Mumbai,GTe,incoming,iGTe,2,1,0,0,0,0,0
2024-05-01,2024,5,May,2,AIESEC in Mumbai,GV,incoming,iGV,30,15,10,9,7,6,4
2024-05-01,2024,5,May,2,AIESEC in Mumbai,GTa,outgoing,oGTa,22,12,9,8,7,7,7
2024-05-01,2024,5,May,2,AIESEC in Mumbai,GTe,outgoing,oGTe,7,1,1,1,0,0,0
2024-05-01,2024,5,May,2,AIESEC in Mumbai,GV,outgoing,oGV,88,34,23,17,10,10,10
2024-05-01,2024,5,May,2,AIESEC in Nagpur,GTa,incoming,iGTa,5,4,2,1,1,1,1
2024-05-01,2024,5,May,2,AIESEC in Nagpur,GTe,incoming,iGTe,0,0,0,0,0,0,0
2024-05-01,2024,5,May,2,AIESEC in Nagpur,GV,incoming,iGV,14,6,3,3,1,0,0
2024-05-01,2024,5,May,2,AIESEC in Nagpur,GTa,outgoing,oGTa,15,8,7,7,7,7,7
2024-05-01,2024,5,May,2,AIESEC in Nagpur,GTe,outgoing,oGTe,3,2,1,1,1,1,1
2024-05-01,2024,5,May,2,AIESEC in Nagpur,GV,outgoing,oGV,23,9,6,4,3,3,3
2024-05-01,2024,5,May,2,AIESEC in Pune,GTa,incoming,iGTa,3,0,0,0,0,0,0
2024-05-01,2024,5,May,2,AIESEC in Pune,GTe,incoming,iGTe,1,1,1,1,1,1,1
2024-05-01,2024,5,May,2,AIESEC in Pune,GV,incoming,iGV,15,8,6,5,1,1,1
2024-05-01,2024,5,May,2,AIESEC in Pune,GTa,outgoing,oGTa,16,7,7,7,6,6,6
2024-05-01,2024,5,May,2,AIESEC in Pune,GTe,outgoing,oGTe,7,3,2,2,2,2,2
2024-05-01,2024,5,May,2,AIESEC in Pune,GV,outgoing,oGV,59,25,18,15,13,11,9
2024-05-01,2024,5,May,2,AIESEC in Surat,GTa,incoming,iGTa,0,0,0,0,0,0,0
2024-05-01,2024,5,May,2,AIESEC in Surat,GTe,incoming,iGTe,1,0,0,0,0,0,0
2024-05-01,2024,5,May,2,AIESEC in Surat,GV,incoming,iGV,2,0,0,0,0,0,0
2024-05-01,2024,5,May,2,AIESEC in Surat,GTa,outgoing,oGTa,3,1,0,0,0,0,0
2024-05-01,2024,5,May,2,AIESEC in Surat,GTe,outgoing,oGTe,4,2,2,2,2,2,2
2024-05-01,2024,5,May,2,AIESEC in Surat,GV,outgoing,oGV,31,21,16,14,10,8,8
2024-05-01,2024,5,May,2,AIESEC in Vellore,GTa,incoming,iGTa,3,2,2,2,2,2,2
2024-05-01,2024,5,May,2,AIESEC in Vellore,GTe,incoming,iGTe,0,0,0,0,0,0,0
2024-05-01,2024,5,May,2,AIESEC in Vellore,GV,incoming,iGV,3,2,2,2,1,1,1
2024-05-01,2024,5,May,2,AIESEC in Vellore,GTa,outgoing,oGTa,7,5,3,2,2,2,2
2024-05-01,2024,5,May,2,AIESEC in Vellore,GTe,outgoing,oGTe,2,1,0,0,0,0,0
2024-05-01,2024,5,May,2,AIESEC in Vellore,GV,outgoing,oGV,14,8,4,4,4,3,3
2024-06-01,2024,6,Jun,2,AIESEC in Ahmedabad,GTa,incoming,iGTa,7,3,3,3,3,3,3
2024-06-01,2024,6,Jun,2,AIESEC in Ahmedabad,GTe,incoming,iGTe,1,0,0,0,0,0,0
2024-06-01,2024,6,Jun,2,AIESEC in Ahmedabad,GV,incoming,iGV,10,1,1,1,0,0,0
2024-06-01,2024,6,Jun,2,AIESEC in Ahmedabad,GTa,outgoing,oGTa,6,3,2,2,2,2,2
2024-06-01,2024,6,Jun,2,AIESEC in Ahmedabad,GTe,outgoing,oGTe,3,1,1,1,1,1,1
2024-06-01,2024,6,Jun,2,AIESEC in Ahmedabad,GV,outgoing,oGV,22,10,6,2,2,2,2
2024-06-01,2024,6,Jun,2,AIESEC in Bangalore,GTa,incoming,iGTa,8,3,2,1,1,1,0
2024-06-01,2024,6,Jun,2,AIESEC in Bangalore,GTe,incoming,iGTe,1,0,0,0,0,0,0
2024-06-01,2024,6,Jun,2,AIESEC in Bangalore,GV,incoming,iGV,15,8,6,4,3,2,2
2024-06-01,2024,6,Jun,2,AIESEC in Bangalore,GTa,outgoing,oGTa,23,8,5,3,2,2,2
2024-06-01,2024,6,Jun,2,AIESEC in Bangalore,GTe,outgoing,oGTe,2,1,1,1,1,1,1
2024-06-01,2024,6,Jun,2,AIESEC in Bangalore,GV,outgoing,oGV,44,22,15,12,12,12,11
2024-06-01,2024,6,Jun,2,AIESEC in Bhubaneswar,GTa,incoming,iGTa,3,1,1,1,1,1,0
2024-06-01,2024,6,Jun,2,AIESEC in Bhubaneswar,GTe,incoming,iGTe,0,0,0,0,0,0,0
2024-06-01,2024,6,Jun,2,AIESEC in Bhubaneswar,GV,incoming,iGV,10,6,5,4,3,3,2
2024-06-01,2024,6,Jun,2,AIESEC in Bhubaneswar,GTa,outgoing,oGTa,6,3,3,2,2,2,2
2024-06-01,2024,6,Jun,2,AIESEC in Bhubaneswar,GTe,outgoing,oGTe,4,0,0,0,0,0,0
2024-06-01,2024,6,Jun,2,AIESEC in Bhubaneswar,GV,outgoing,oGV,14,5,3,3,3,3,3
2024-06-01,2024,6,Jun,2,AIESEC in Chandigarh,GTa,incoming,iGTa,3,2,0,0,0,0,0
2024-06-01,2024,6,Jun,2,AIESEC in Chandigarh,GTe,incoming,iGTe,1,1,1,1,1,1,1
2024-06-01,2024,6,Jun,2,AIESEC in Chandigarh,GV,incoming,iGV,12,6,2,2,2,2,1
2024-06-01,2024,6,Jun,2,AIESEC in Chandigarh,GTa,outgoing,oGTa,3,2,2,2,2,2,2
2024-06-01,2024,6,Jun,2,AIESEC in Chandigarh,GTe,outgoing,oGTe,4,2,1,1,1,1,1
2024-06-01,2024,6,Jun,2,AIESEC in Chandigarh,GV,outgoing,oGV,42,21,13,6,5,5,5
2024-06-01,2024,6,Jun,2,AIESEC in Chennai,GTa,incoming,iGTa,8,6,5,4,3,3,3
2024-06-01,2024,6,Jun,2,AIESEC in Chennai,GTe,incoming,iGTe,2,1,0,0,0,0,0
2024-06-01,2024,6,Jun,2,AIESEC in Chennai,GV,incoming,iGV,24,13,9,6,3,3,2
2024-06-01,2024,6,Jun,2,AIESEC in Chennai,GTa,outgoing,oGTa,17,13,8,8,8,8,7
2024-06-01,2024,6,Jun,2,AIESEC in Chennai,GTe,outgoing,oGTe,3,1,1,1,1,1,1
2024-06-01,2024,6,Jun,2,AIESEC in Chennai,GV,outgoing,oGV,40,11,6,4,3,3,3
2024-06-01,2024,6,Jun,2,AIESEC in Coimbatore,GTa,incoming,iGTa,2,1,0,0,0,0,0
2024-06-01,2024,6,Jun,2,AIESEC in Coimbatore,GTe,incoming,iGTe,2,1,0,0,0,0,0
2024-06-01,2024,6,Jun,2,AIESEC in Coimbatore,GV,incoming,iGV,5,4,3,3,3,3,2
2024-06-01,2024,6,Jun,2,AIESEC in Coimbatore,GTa,outgoing,oGTa,4,1,1,1,1,1,1
2024-06-01,2024,6,Jun,2,AIESEC in Coimbatore,GTe,outgoing,oGTe,1,0,0,0,0,0,0
2024-06-01,2024,6,Jun,2,AIESEC in Coimbatore,GV,outgoing,oGV,29,13,8,6,5,5,5
2024-06-01,2024,6,Jun,2,AIESEC in Delhi IIT,GTa,incoming,iGTa,20,7,4,4,4,4,4
2024-06-01,2024,6,Jun,2,AIESEC in Delhi IIT,GTe,incoming,iGTe,6,0,0,0,0,0,0
2024-06-01,2024,6,Jun,2,AIESEC in Delhi IIT,GV,incoming,iGV,79,27,21,15,13,12,12
2024-06-01,2024,6,Jun,2,AIESEC in Delhi IIT,GTa,outgoing,oGTa,51,24,16,14,13,12,11
2024-06-01,2024,6,Jun,2,AIESEC in Delhi IIT,GTe,outgoing,oGTe,17,8,5,4,2,2,2
2024-06-01,2024,6,Jun,2,AIESEC in Delhi IIT,GV,outgoing,oGV,176,75,47,40,28,28,27
2024-06-01,2024,6,Jun,2,AIESEC in Delhi University,GTa,incoming,iGTa,13,3,3,3,3,3,3
2024-06-01,2024,6,Jun,2,AIESEC in Delhi University,GTe,incoming,iGTe,3,1,1,0,0,0,0
2024-06-01,2024,6,Jun,2,AIESEC in Delhi University,GV,incoming,iGV,33,13,8,6,6,5,4
2024-06-01,2024,6,Jun,2,AIESEC in Delhi University,GTa,outgoing,oGTa,26,14,11,8,8,7,7
2024-06-01,2024,6,Jun,2,AIESEC in Delhi University,GTe,outgoing,oGTe,6,4,1,0,0,0,0
2024-06-01,2024,6,Jun,2,AIESEC in Delhi University,GV,outgoing,oGV,76,30,19,16,14,14,13
2024-06-01,2024,6,Jun,2,AIESEC in Hyderabad,GTa,incoming,iGTa,8,2,1,1,1,1,1
2024-06-01,2024,6,Jun,2,AIESEC in Hyderabad,GTe,incoming,iGTe,1,0,0,0,0,0,0
2024-06-01,2024,6,Jun,2,AIESEC in Hyderabad,GV,incoming,iGV,18,6,5,2,2,2,2
2024-06-01,2024,6,Jun,2,AIESEC in Hyderabad,GTa,outgoing,oGTa,15,7,6,6,5,5,4
2024-06-01,2024,6,Jun,2,AIESEC in Hyderabad,GTe,outgoing,oGTe,4,2,0,0,0,0,0
2024-06-01,2024,6,Jun,2,AIESEC in Hyderabad,GV,outgoing,oGV,44,23,16,14,13,7,7
2024-06-01,2024,6,Jun,2,AIESEC in Indore,GTa,incoming,iGTa,3,2,1,1,1,1,1
2024-06-01,2024,6,Jun,2,AIESEC in Indore,GTe,incoming,iGTe,2,2,2,2,2,2,2
2024-06-01,2024,6,Jun,2,AIESEC in Indore,GV,incoming,iGV,9,4,3,3,2,2,2
2024-06-01,2024,6,Jun,2,AIESEC in Indore,GTa,outgoing,oGTa,9,6,5,3,2,1,1
2024-06-01,2024,6,Jun,2,AIESEC in Indore,GTe,outgoing,oGTe,2,1,1,0,0,0,0
2024-06-01,2024,6,Jun,2,AIESEC in Indore,GV,outgoing,oGV,25,9,7,5,3,3,3
2024-06-01,2024,6,Jun,2,AIESEC in Jaipur,GTa,incoming,iGTa,2,1,1,0,0,0,0
2024-06-01,2024,6,Jun,2,AIESEC in Jaipur,GTe,incoming,iGTe,2,1,1,1,1,1,1
2024-06-01,2024,6,Jun,2,AIESEC in Jaipur,GV,incoming,iGV,9,3,1,1,1,0,0
2024-06-01,2024,6,Jun,2,AIESEC in Jaipur,GTa,outgoing,oGTa,11,3,3,3,3,3,3
2024-06-01,2024,6,Jun,2,AIESEC in Jaipur,GTe,outgoing,oGTe,3,2,0,0,0,0,0
2024-06-01,2024,6,Jun,2,AIESEC in Jaipur,GV,outgoing,oGV,19,9,7,6,3,3,3
2024-06-01,2024,6,Jun,2,AIESEC in Kochi,GTa,incoming,iGTa,7,4,4,3,3,2,2
2024-06-01,2024,6,Jun,2,AIESEC in Kochi,GTe,incoming,iGTe,5,2,2,1,1,1,0
2024-06-01,2024,6,Jun,2,AIESEC in Kochi,GV,incoming,iGV,10,6,6,6,6,4,4
2024-06-01,2024,6,Jun,2,AIESEC in Kochi,GTa,outgoing,oGTa,5,2,2,1,1,0,0
2024-06-01,2024,6,Jun,2,AIESEC in Kochi,GTe,outgoing,oGTe,1,0,0,0,0,0,0
2024-06-01,2024,6,Jun,2,AIESEC in Kochi,GV,outgoing,oGV,25,8,4,4,4,4,4
2024-06-01,2024,6,Jun,2,AIESEC in Kolkata,GTa,incoming,iGTa,8,2,1,0,0,0,0
2024-06-01,2024,6,Jun,2,AIESEC in Kolkata,GTe,incoming,iGTe,2,1,0,0,0,0,0
2024-06-01,2024,6,Jun,2,AIESEC in Kolkata,GV,incoming,iGV,13,7,6,5,4,4,4
2024-06-01,2024,6,Jun,2,AIESEC in Kolkata,GTa,outgoing,oGTa,19,11,8,7,7,7,7
2024-06-01,2024,6,Jun,2,AIESEC in Kolkata,GTe,outgoing,oGTe,6,2,2,2,2,2,2
2024-06-01,2024,6,Jun,2,AIESEC in Kolkata,GV,outgoing,oGV,29,11,11,7,6,5,4
2024-06-01,2024,6,Jun,2,AIESEC in Lucknow,GTa,incoming,iGTa,0,0,0,0,0,0,0
2024-06-01,2024,6,Jun,2,AIESEC in Lucknow,GTe,incoming,iGTe,2,0,0,0,0,0,0
2024-06-01,2024,6,Jun,2,AIESEC in Lucknow,GV,incoming,iGV,7,5,2,0,0,0,0
2024-06-01,2024,6,Jun,2,AIESEC in Lucknow,GTa,outgoing,oGTa,14,3,3,3,2,2,2
2024-06-01,2024,6,Jun,2,AIESEC in Lucknow,GTe,outgoing,oGTe,1,0,0,0,0,0,0
2024-06-01,2024,6,Jun,2,AIESEC in Lucknow,GV,outgoing,oGV,24,11,5,2,2,2,1
2024-06-01,2024,6,Jun,2,AIESEC in Manipal,GTa,incoming,iGTa,4,3,2,2,1,1,0
2024-06-01,2024,6,Jun,2,AIESEC in Manipal,GTe,incoming,iGTe,0,0,0,0,0,0,0
2024-06-01,2024,6,Jun,2,AIESEC in Manipal,GV,incoming,iGV,8,5,4,2,2,2,2
2024-06-01,2024,6,Jun,2,AIESEC in Manipal,GTa,outgoing,oGTa,5,1,1,1,1,1,1
2024-06-01,2024,6,Jun,2,AIESEC in Manipal,GTe,outgoing,oGTe,1,1,0,0,0,0,0
2024-06-01,2024,6,Jun,2,AIESEC in Manipal,GV,outgoing,oGV,23,8,6,5,5,5,5
2024-06-01,2024,6,Jun,2,AIESEC in Mumbai,GTa,incoming,iGTa,8,3,3,3,2,2,2
2024-06-01,2024,6,Jun,2,AIESEC in Mumbai,GTe,incoming,iGTe,2,0,0,0,0,0,0
2024-06-01,2024,6,Jun,2,AIESEC in Mumbai,GV,incoming,iGV,41,21,13,10,8,8,6
2024-06-01,2024,6,Jun,2,AIESEC in Mumbai,GTa,outgoing,oGTa,10,10,9,8,7,6,5
2024-06-01,2024,6,Jun,2,AIESEC in Mumbai,GTe,outgoing,oGTe,3,1,1,1,1,1,1
2024-06-01,2024,6,Jun,2,AIESEC in Mumbai,GV,outgoing,oGV,82,33,22,17,14,13,12
2024-06-01,2024,6,Jun,2,AIESEC in Nagpur,GTa,incoming,iGTa,1,1,1,1,0,0,0
2024-06-01,2024,6,Jun,2,AIESEC in Nagpur,GTe,incoming,iGTe,0,0,0,0,0,0,0
2024-06-01,2024,6,Jun,2,AIESEC in Nagpur,GV,incoming,iGV,11,6,3,2,1,1,1
2024-06-01,2024,6,Jun,2,AIESEC in Nagpur,GTa,outgoing,oGTa,10,7,4,4,4,4,4
2024-06-01,2024,6,Jun,2,AIESEC in Nagpur,GTe,outgoing,oGTe,2,2,0,0,0,0,0
2024-06-01,2024,6,Jun,2,AIESEC in Nagpur,GV,outgoing,oGV,17,7,6,4,4,4,4
2024-06-01,2024,6,Jun,2,AIESEC in Pune,GTa,incoming,iGTa,8,4,2,2,2,2,2
2024-06-01,2024,6,Jun,2,AIESEC in Pune,GTe,incoming,iGTe,1,0,0,0,0,0,0
2024-06-01,2024,6,Jun,2,AIESEC in Pune,GV,incoming,iGV,16,5,3,2,1,1,1
2024-06-01,2024,6,Jun,2,AIESEC in Pune,GTa,outgoing,oGTa,17,6,4,4,4,4,4
2024-06-01,2024,6,Jun,2,AIESEC in Pune,GTe,outgoing,oGTe,7,3,2,2,2,2,2
2024-06-01,2024,6,Jun,2,AIESEC in Pune,GV,outgoing,oGV,62,26,21,16,13,13,13
2024-06-01,2024,6,Jun,2,AIESEC in Surat,GTa,incoming,iGTa,2,1,1,1,1,1,1
2024-06-01,2024,6,Jun,2,AIESEC in Surat,GTe,incoming,iGTe,1,1,1,0,0,0,0
2024-06-01,2024,6,Jun,2,AIESEC in Surat,GV,incoming,iGV,8,2,2,2,1,1,1
2024-06-01,2024,6,Jun,2,AIESEC in Surat,GTa,outgoing,oGTa,4,2,2,2,2,2,2
2024-06-01,2024,6,Jun,2,AIESEC in Surat,GTe,outgoing,oGTe,3,2,2,2,2,2,2
2024-06-01,2024,6,Jun,2,AIESEC in Surat,GV,outgoing,oGV,14,7,4,4,4,4,4
2024-06-01,2024,6,Jun,2,AIESEC in Vellore,GTa,incoming,iGTa,2,1,1,1,1,1,1
2024-06-01,2024,6,Jun,2,AIESEC in Vellore,GTe,incoming,iGTe,1,0,0,0,0,0,0
2024-06-01,2024,6,Jun,2,AIESEC in Vellore,GV,incoming,iGV,3,1,1,1,0,0,0
2024-06-01,2024,6,Jun,2,AIESEC in Vellore,GTa,outgoing,oGTa,10,4,3,3,2,2,2
2024-06-01,2024,6,Jun,2,AIESEC in Vellore,GTe,outgoing,oGTe,2,0,0,0,0,0,0
2024-06-01,2024,6,Jun,2,AIESEC in Vellore,GV,outgoing,oGV,16,7,6,4,2,2,2
2024-07-01,2024,7,Jul,3,AIESEC in Ahmedabad,GTa,incoming,iGTa,6,3,2,0,0,0,0
2024-07-01,2024,7,Jul,3,AIESEC in Ahmedabad,GTe,incoming,iGTe,2,1,0,0,0,0,0
2024-07-01,2024,7,Jul,3,AIESEC in Ahmedabad,GV,incoming,iGV,5,2,1,1,0,0,0
2024-07-01,2024,7,Jul,3,AIESEC in Ahmedabad,GTa,outgoing,oGTa,5,2,1,1,1,1,1
2024-07-01,2024,7,Jul,3,AIESEC in Ahmedabad,GTe,outgoing,oGTe,2,1,1,1,1,1,1
2024-07-01,2024,7,Jul,3,AIESEC in Ahmedabad,GV,outgoing,oGV,26,8,8,5,3,3,3
2024-07-01,2024,7,Jul,3,AIESEC in Bangalore,GTa,incoming,iGTa,5,2,1,1,1,1,1
2024-07-01,2024,7,Jul,3,AIESEC in Bangalore,GTe,incoming,iGTe,5,2,2,1,1,1,1
2024-07-01,2024,7,Jul,3,AIESEC in Bangalore,GV,incoming,iGV,18,10,6,5,3,3,3
2024-07-01,2024,7,Jul,3,AIESEC in Bangalore,GTa,outgoing,oGTa,13,5,5,4,2,2,2
2024-07-01,2024,7,Jul,3,AIESEC in Bangalore,GTe,outgoing,oGTe,4,1,1,1,1,1,1
2024-07-01,2024,7,Jul,3,AIESEC in Bangalore,GV,outgoing,oGV,31,18,10,9,8,8,7
2024-07-01,2024,7,Jul,3,AIESEC in Bhubaneswar,GTa,incoming,iGTa,1,0,0,0,0,0,0
2024-07-01,2024,7,Jul,3,AIESEC in Bhubaneswar,GTe,incoming,iGTe,0,0,0,0,0,0,0
2024-07-01,2024,7,Jul,3,AIESEC in Bhubaneswar,GV,incoming,iGV,6,2,0,0,0,0,0
2024-07-01,2024,7,Jul,3,AIESEC in Bhubaneswar,GTa,outgoing,oGTa,6,0,0,0,0,0,0
2024-07-01,2024,7,Jul,3,AIESEC in Bhubaneswar,GTe,outgoing,oGTe,2,0,0,0,0,0,0
2024-07-01,2024,7,Jul,3,AIESEC in Bhubaneswar,GV,outgoing,oGV,18,6,4,4,4,4,3
2024-07-01,2024,7,Jul,3,AIESEC in Chandigarh,GTa,incoming,iGTa,3,1,1,1,1,1,1
2024-07-01,2024,7,Jul,3,AIESEC in Chandigarh,GTe,incoming,iGTe,1,1,0,0,0,0,0
2024-07-01,2024,7,Jul,3,AIESEC in Chandigarh,GV,incoming,iGV,8,1,1,1,1,1,1
2024-07-01,2024,7,Jul,3,AIESEC in Chandigarh,GTa,outgoing,oGTa,4,2,2,2,1,1,1
2024-07-01,2024,7,Jul,3,AIESEC in Chandigarh,GTe,outgoing,oGTe,0,0,0,0,0,0,0
2024-07-01,2024,7,Jul,3,AIESEC in Chandigarh,GV,outgoing,oGV,32,15,7,7,6,5,4
2024-07-01,2024,7,Jul,3,AIESEC in Chennai,GTa,incoming,iGTa,6,4,1,1,0,0,0
2024-07-01,2024,7,Jul,3,AIESEC in Chennai,GTe,incoming,iGTe,4,4,1,0,0,0,0
2024-07-01,2024,7,Jul,3,AIESEC in Chennai,GV,incoming,iGV,14,4,3,3,3,3,3
2024-07-01,2024,7,Jul,3,AIESEC in Chennai,GTa,outgoing,oGTa,10,2,1,1,0,0,0
2024-07-01,2024,7,Jul,3,AIESEC in Chennai,GTe,outgoing,oGTe,1,0,0,0,0,0,0
2024-07-01,2024,7,Jul,3,AIESEC in Chennai,GV,outgoing,oGV,44,22,15,12,9,9,8
2024-07-01,2024,7,Jul,3,AIESEC in Coimbatore,GTa,incoming,iGTa,5,1,0,0,0,0,0
2024-07-01,2024,7,Jul,3,AIESEC in Coimbatore,GTe,incoming,iGTe,2,1,1,1,1,1,0
2024-07-01,2024,7,Jul,3,AIESEC in Coimbatore,GV,incoming,iGV,3,0,0,0,0,0,0
2024-07-01,2024,7,Jul,3,AIESEC in Coimbatore,GTa,outgoing,oGTa,3,2,0,0,0,0,0
2024-07-01,2024,7,Jul,3,AIESEC in Coimbatore,GTe,outgoing,oGTe,2,2,2,1,1,1,1
2024-07-01,2024,7,Jul,3,AIESEC in Coimbatore,GV,outgoing,oGV,21,8,7,5,4,4,4
2024-07-01,2024,7,Jul,3,AIESEC in Delhi IIT,GTa,incoming,iGTa,17,9,8,8,7,7,7
2024-07-01,2024,7,Jul,3,AIESEC in Delhi IIT,GTe,incoming,iGTe,7,3,1,1,1,1,1
2024-07-01,2024,7,Jul,3,AIESEC in Delhi IIT,GV,incoming,iGV,61,25,17,14,12,10,8
2024-07-01,2024,7,Jul,3,AIESEC in Delhi IIT,GTa,outgoing,oGTa,57,23,17,13,12,10,10
2024-07-01,2024,7,Jul,3,AIESEC in Delhi IIT,GTe,outgoing,oGTe,13,6,6,4,4,4,3
2024-07-01,2024,7,Jul,3,AIESEC in Delhi IIT,GV,outgoing,oGV,109,49,36,29,27,26,19
2024-07-01,2024,7,Jul,3,AIESEC in Delhi University,GTa,incoming,iGTa,14,9,8,6,2,2,2
2024-07-01,2024,7,Jul,3,AIESEC in Delhi University,GTe,incoming,iGTe,1,0,0,0,0,0,0
2024-07-01,2024,7,Jul,3,AIESEC in Delhi University,GV,incoming,iGV,16,10,8,4,3,3,3
2024-07-01,2024,7,Jul,3,AIESEC in Delhi University,GTa,outgoing,oGTa,17,7,5,4,4,4,4
2024-07-01,2024,7,Jul,3,AIESEC in Delhi University,GTe,outgoing,oGTe,8,3,1,1,1,1,1
2024-07-01,2024,7,Jul,3,AIESEC in Delhi University,GV,outgoing,oGV,76,29,19,11,10,10,10
2024-07-01,2024,7,Jul,3,AIESEC in Hyderabad,GTa,incoming,iGTa,9,4,4,1,1,1,1
2024-07-01,2024,7,Jul,3,AIESEC in Hyderabad,GTe,incoming,iGTe,1,1,1,0,0,0,0
2024-07-01,2024,7,Jul,3,AIESEC in Hyderabad,GV,incoming,iGV,9,1,1,1,1,1,1
2024-07-01,2024,7,Jul,3,AIESEC in Hyderabad,GTa,outgoing,oGTa,8,5,4,3,2,2,2
2024-07-01,2024,7,Jul,3,AIESEC in Hyderabad,GTe,outgoing,oGTe,1,1,1,1,1,1,1
2024-07-01,2024,7,Jul,3,AIESEC in Hyderabad,GV,outgoing,oGV,29,13,12,7,6,5,4
2024-07-01,2024,7,Jul,3,AIESEC in Indore,GTa,incoming,iGTa,4,3,3,3,3,3,3
2024-07-01,2024,7,Jul,3,AIESEC in Indore,GTe,incoming,iGTe,0,0,0,0,0,0,0
2024-07-01,2024,7,Jul,3,AIESEC in Indore,GV,incoming,iGV,12,5,3,1,0,0,0
2024-07-01,2024,7,Jul,3,AIESEC in Indore,GTa,outgoing,oGTa,9,3,2,1,0,0,0
2024-07-01,2024,7,Jul,3,AIESEC in Indore,GTe,outgoing,oGTe,1,0,0,0,0,0,0
2024-07-01,2024,7,Jul,3,AIESEC in Indore,GV,outgoing,oGV,35,13,7,7,7,7,7
2024-07-01,2024,7,Jul,3,AIESEC in Jaipur,GTa,incoming,iGTa,3,1,1,1,1,1,1
2024-07-01,2024,7,Jul,3,AIESEC in Jaipur,GTe,incoming,iGTe,2,1,1,1,1,1,1
2024-07-01,2024,7,Jul,3,AIESEC in Jaipur,GV,incoming,iGV,11,4,1,1,1,1,1
2024-07-01,2024,7,Jul,3,AIESEC in Jaipur,GTa,outgoing,oGTa,7,4,4,4,2,2,2
2024-07-01,2024,7,Jul,3,AIESEC in Jaipur,GTe,outgoing,oGTe,1,0,0,0,0,0,0
2024-07-01,2024,7,Jul,3,AIESEC in Jaipur,GV,outgoing,oGV,15,10,7,7,3,3,3
2024-07-01,2024,7,Jul,3,AIESEC in Kochi,GTa,incoming,iGTa,1,0,0,0,0,0,0
2024-07-01,2024,7,Jul,3,AIESEC in Kochi,GTe,incoming,iGTe,3,2,0,0,0,0,0
2024-07-01,2024,7,Jul,3,AIESEC in Kochi,GV,incoming,iGV,8,2,2,2,1,1,1
2024-07-01,2024,7,Jul,3,AIESEC in Kochi,GTa,outgoing,oGTa,4,1,1,1,0,0,0
2024-07-01,2024,7,Jul,3,AIESEC in Kochi,GTe,outgoing,oGTe,4,3,2,1,1,1,1
2024-07-01,2024,7,Jul,3,AIESEC in Kochi,GV,outgoing,oGV,20,7,4,4,1,1,0
2024-07-01,2024,7,Jul,3,AIESEC in Kolkata,GTa,incoming,iGTa,5,3,2,1,1,1,0
2024-07-01,2024,7,Jul,3,AIESEC in Kolkata,GTe,incoming,iGTe,2,0,0,0,0,0,0
2024-07-01,2024,7,Jul,3,AIESEC in Kolkata,GV,incoming,iGV,15,5,1,0,0,0,0
2024-07-01,2024,7,Jul,3,AIESEC in Kolkata,GTa,outgoing,oGTa,18,9,5,5,4,4,4
2024-07-01,2024,7,Jul,3,AIESEC in Kolkata,GTe,outgoing,oGTe,5,3,2,1,0,0,0
2024-07-01,2024,7,Jul,3,AIESEC in Kolkata,GV,outgoing,oGV,36,11,8,6,5,5,5
2024-07-01,2024,7,Jul,3,AIESEC in Lucknow,GTa,incoming,iGTa,5,2,1,0,0,0,0
2024-07-01,2024,7,Jul,3,AIESEC in Lucknow,GTe,incoming,iGTe,0,0,0,0,0,0,0
2024-07-01,2024,7,Jul,3,AIESEC in Lucknow,GV,incoming,iGV,10,1,0,0,0,0,0
2024-07-01,2024,7,Jul,3,AIESEC in Lucknow,GTa,outgoing,oGTa,5,2,1,1,1,1,1
2024-07-01,2024,7,Jul,3,AIESEC in Lucknow,GTe,outgoing,oGTe,2,1,0,0,0,0,0
2024-07-01,2024,7,Jul,3,AIESEC in Lucknow,GV,outgoing,oGV,33,14,11,8,7,6,5
2024-07-01,2024,7,Jul,3,AIESEC in Manipal,GTa,incoming,iGTa,4,1,1,1,1,1,1
2024-07-01,2024,7,Jul,3,AIESEC in Manipal,GTe,incoming,iGTe,2,0,0,0,0,0,0
2024-07-01,2024,7,Jul,3,AIESEC in Manipal,GV,incoming,iGV,5,3,0,0,0,0,0
2024-07-01,2024,7,Jul,3,AIESEC in Manipal,GTa,outgoing,oGTa,5,5,4,4,3,3,3
2024-07-01,2024,7,Jul,3,AIESEC in Manipal,GTe,outgoing,oGTe,2,0,0,0,0,0,0
2024-07-01,2024,7,Jul,3,AIESEC in Manipal,GV,outgoing,oGV,15,5,4,4,2,2,2
2024-07-01,2024,7,Jul,3,AIESEC in Mumbai,GTa,incoming,iGTa,11,2,1,1,1,1,1
2024-07-01,2024,7,Jul,3,AIESEC in Mumbai,GTe,incoming,iGTe,3,3,2,2,2,2,2
2024-07-01,2024,7,Jul,3,AIESEC in Mumbai,GV,incoming,iGV,24,9,5,5,3,2,2
2024-07-01,2024,7,Jul,3,AIESEC in Mumbai,GTa,outgoing,oGTa,31,13,8,7,7,7,7
2024-07-01,2024,7,Jul,3,AIESEC in Mumbai,GTe,outgoing,oGTe,7,4,3,3,3,3,3
2024-07-01,2024,7,Jul,3,AIESEC in Mumbai,GV,outgoing,oGV,47,23,12,10,9,9,8
2024-07-01,2024,7,Jul,3,AIESEC in Nagpur,GTa,incoming,iGTa,4,1,1,1,1,1,1
2024-07-01,2024,7,Jul,3,AIESEC in Nagpur,GTe,incoming,iGTe,0,0,0,0,0,0,0
2024-07-01,2024,7,Jul,3,AIESEC in Nagpur,GV,incoming,iGV,10,3,2,1,1,1,1
2024-07-01,2024,7,Jul,3,AIESEC in Nagpur,GTa,outgoing,oGTa,6,3,1,1,1,1,0
2024-07-01,2024,7,Jul,3,AIESEC in Nagpur,GTe,outgoing,oGTe,3,2,2,1,0,0,0
2024-07-01,2024,7,Jul,3,AIESEC in Nagpur,GV,outgoing,oGV,19,8,7,6,3,3,3
2024-07-01,2024,7,Jul,3,AIESEC in Pune,GTa,incoming,iGTa,9,4,1,1,0,0,0
2024-07-01,2024,7,Jul,3,AIESEC in Pune,GTe,incoming,iGTe,2,1,0,0,0,0,0
2024-07-01,2024,7,Jul,3,AIESEC in Pune,GV,incoming,iGV,24,6,5,4,3,3,2
2024-07-01,2024,7,Jul,3,AIESEC in Pune,GTa,outgoing,oGTa,23,11,8,7,6,5,5
2024-07-01,2024,7,Jul,3,AIESEC in Pune,GTe,outgoing,oGTe,3,2,1,1,1,1,1
2024-07-01,2024,7,Jul,3,AIESEC in Pune,GV,outgoing,oGV,45,22,13,10,8,7,6
2024-07-01,2024,7,Jul,3,AIESEC in Surat,GTa,incoming,iGTa,1,0,0,0,0,0,0
2024-07-01,2024,7,Jul,3,AIESEC in Surat,GTe,incoming,iGTe,0,0,0,0,0,0,0
2024-07-01,2024,7,Jul,3,AIESEC in Surat,GV,incoming,iGV,6,2,1,1,0,0,0
2024-07-01,2024,7,Jul,3,AIESEC in Surat,GTa,outgoing,oGTa,5,1,1,1,1,1,1
2024-07-01,2024,7,Jul,3,AIESEC in Surat,GTe,outgoing,oGTe,4,1,1,1,0,0,0
2024-07-01,2024,7,Jul,3,AIESEC in Surat,GV,outgoing,oGV,19,8,6,5,4,3,3
2024-07-01,2024,7,Jul,3,AIESEC in Vellore,GTa,incoming,iGTa,2,1,1,1,1,1,1
2024-07-01,2024,7,Jul,3,AIESEC in Vellore,GTe,incoming,iGTe,3,1,1,1,1,0,0
2024-07-01,2024,7,Jul,3,AIESEC in Vellore,GV,incoming,iGV,5,3,0,0,0,0,0
2024-07-01,2024,7,Jul,3,AIESEC in Vellore,GTa,outgoing,oGTa,8,3,3,3,3,3,3
2024-07-01,2024,7,Jul,3,AIESEC in Vellore,GTe,outgoing,oGTe,1,0,0,0,0,0,0
2024-07-01,2024,7,Jul,3,AIESEC in Vellore,GV,outgoing,oGV,11,3,2,0,0,0,0
2024-08-01,2024,8,Aug,3,AIESEC in Ahmedabad,GTa,incoming,iGTa,5,2,2,2,2,2,2
2024-08-01,2024,8,Aug,3,AIESEC in Ahmedabad,GTe,incoming,iGTe,1,1,1,1,1,1,1
2024-08-01,2024,8,Aug,3,AIESEC in Ahmedabad,GV,incoming,iGV,10,6,6,6,5,5,4
2024-08-01,2024,8,Aug,3,AIESEC in Ahmedabad,GTa,outgoing,oGTa,7,2,0,0,0,0,0
2024-08-01,2024,8,Aug,3,AIESEC in Ahmedabad,GTe,outgoing,oGTe,0,0,0,0,0,0,0
2024-08-01,2024,8,Aug,3,AIESEC in Ahmedabad,GV,outgoing,oGV,21,9,6,4,4,3,3
2024-08-01,2024,8,Aug,3,AIESEC in Bangalore,GTa,incoming,iGTa,4,2,0,0,0,0,0
2024-08-01,2024,8,Aug,3,AIESEC in Bangalore,GTe,incoming,iGTe,1,0,0,0,0,0,0
2024-08-01,2024,8,Aug,3,AIESEC in Bangalore,GV,incoming,iGV,7,2,2,2,1,1,1
2024-08-01,2024,8,Aug,3,AIESEC in Bangalore,GTa,outgoing,oGTa,10,7,6,5,5,5,5
2024-08-01,2024,8,Aug,3,AIESEC in Bangalore,GTe,outgoing,oGTe,5,2,2,1,1,1,1
2024-08-01,2024,8,Aug,3,AIESEC in Bangalore,GV,outgoing,oGV,32,9,6,5,2,1,1
2024-08-01,2024,8,Aug,3,AIESEC in Bhubaneswar,GTa,incoming,iGTa,1,1,1,0,0,0,0
2024-08-01,2024,8,Aug,3,AIESEC in Bhubaneswar,GTe,incoming,iGTe,2,1,0,0,0,0,0
2024-08-01,2024,8,Aug,3,AIESEC in Bhubaneswar,GV,incoming,iGV,7,2,1,0,0,0,0
2024-08-01,2024,8,Aug,3,AIESEC in Bhubaneswar,GTa,outgoing,oGTa,3,2,2,2,2,1,1
2024-08-01,2024,8,Aug,3,AIESEC in Bhubaneswar,GTe,outgoing,oGTe,2,2,2,2,1,1,1
2024-08-01,2024,8,Aug,3,AIESEC in Bhubaneswar,GV,outgoing,oGV,14,5,4,4,3,3,1
2024-08-01,2024,8,Aug,3,AIESEC in Chandigarh,GTa,incoming,iGTa,2,2,2,2,1,1,1
2024-08-01,2024,8,Aug,3,AIESEC in Chandigarh,GTe,incoming,iGTe,0,0,0,0,0,0,0
2024-08-01,2024,8,Aug,3,AIESEC in Chandigarh,GV,incoming,iGV,7,3,2,1,0,0,0
2024-08-01,2024,8,Aug,3,AIESEC in Chandigarh,GTa,outgoing,oGTa,12,5,3,3,3,3,3
2024-08-01,2024,8,Aug,3,AIESEC in Chandigarh,GTe,outgoing,oGTe,4,0,0,0,0,0,0
2024-08-01,2024,8,Aug,3,AIESEC in Chandigarh,GV,outgoing,oGV,21,13,7,6,6,6,6
2024-08-01,2024,8,Aug,3,AIESEC in Chennai,GTa,incoming,iGTa,1,1,1,1,0,0,0
2024-08-01,2024,8,Aug,3,AIESEC in Chennai,GTe,incoming,iGTe,0,0,0,0,0,0,0
2024-08-01,2024,8,Aug,3,AIESEC in Chennai,GV,incoming,iGV,13,8,6,4,4,4,2
2024-08-01,2024,8,Aug,3,AIESEC in Chennai,GTa,outgoing,oGTa,12,8,7,5,5,5,5
2024-08-01,2024,8,Aug,3,AIESEC in Chennai,GTe,outgoing,oGTe,5,2,2,1,1,1,1
2024-08-01,2024,8,Aug,3,AIESEC in Chennai,GV,outgoing,oGV,40,24,15,9,7,6,6
2024-08-01,2024,8,Aug,3,AIESEC in Coimbatore,GTa,incoming,iGTa,3,0,0,0,0,0,0
2024-08-01,2024,8,Aug,3,AIESEC in Coimbatore,GTe,incoming,iGTe,1,0,0,0,0,0,0
2024-08-01,2024,8,Aug,3,AIESEC in Coimbatore,GV,incoming,iGV,3,2,1,0,0,0,0
2024-08-01,2024,8,Aug,3,AIESEC in Coimbatore,GTa,outgoing,oGTa,3,2,2,2,1,1,1
2024-08-01,2024,8,Aug,3,AIESEC in Coimbatore,GTe,outgoing,oGTe,1,0,0,0,0,0,0
2024-08-01,2024,8,Aug,3,AIESEC in Coimbatore,GV,outgoing,oGV,21,6,4,3,2,2,2
2024-08-01,2024,8,Aug,3,AIESEC in Delhi IIT,GTa,incoming,iGTa,18,9,6,6,4,4,4
2024-08-01,2024,8,Aug,3,AIESEC in Delhi IIT,GTe,incoming,iGTe,8,4,2,1,1,1,0
2024-08-01,2024,8,Aug,3,AIESEC in Delhi IIT,GV,incoming,iGV,48,17,11,7,4,4,4
2024-08-01,2024,8,Aug,3,AIESEC in Delhi IIT,GTa,outgoing,oGTa,32,12,9,9,7,7,7
2024-08-01,2024,8,Aug,3,AIESEC in Delhi IIT,GTe,outgoing,oGTe,11,7,6,6,4,4,4
2024-08-01,2024,8,Aug,3,AIESEC in Delhi IIT,GV,outgoing,oGV,106,44,32,26,17,17,17
2024-08-01,2024,8,Aug,3,AIESEC in Delhi University,GTa,incoming,iGTa,5,2,2,2,0,0,0
2024-08-01,2024,8,Aug,3,AIESEC in Delhi University,GTe,incoming,iGTe,2,1,1,1,1,1,1
2024-08-01,2024,8,Aug,3,AIESEC in Delhi University,GV,incoming,iGV,30,15,13,10,7,7,6
2024-08-01,2024,8,Aug,3,AIESEC in Delhi University,GTa,outgoing,oGTa,14,5,4,4,3,3,3
2024-08-01,2024,8,Aug,3,AIESEC in Delhi University,GTe,outgoing,oGTe,13,4,4,2,2,2,2
2024-08-01,2024,8,Aug,3,AIESEC in Delhi University,GV,outgoing,oGV,68,22,14,12,6,6,6
2024-08-01,2024,8,Aug,3,AIESEC in Hyderabad,GTa,incoming,iGTa,8,3,3,3,3,2,2
2024-08-01,2024,8,Aug,3,AIESEC in Hyderabad,GTe,incoming,iGTe,2,1,0,0,0,0,0
2024-08-01,2024,8,Aug,3,AIESEC in Hyderabad,GV,incoming,iGV,11,3,3,1,1,1,1
2024-08-01,2024,8,Aug,3,AIESEC in Hyderabad,GTa,outgoing,oGTa,8,4,2,1,1,1,1
2024-08-01,2024,8,Aug,3,AIESEC in Hyderabad,GTe,outgoing,oGTe,4,3,2,2,1,1,1
2024-08-01,2024,8,Aug,3,AIESEC in Hyderabad,GV,outgoing,oGV,34,10,8,6,5,4,4
2024-08-01,2024,8,Aug,3,AIESEC in Indore,GTa,incoming,iGTa,0,0,0,0,0,0,0
2024-08-01,2024,8,Aug,3,AIESEC in Indore,GTe,incoming,iGTe,1,1,1,1,1,1,1
2024-08-01,2024,8,Aug,3,AIESEC in Indore,GV,incoming,iGV,15,7,6,4,3,3,3
2024-08-01,2024,8,Aug,3,AIESEC in Indore,GTa,outgoing,oGTa,5,3,2,2,2,2,2
2024-08-01,2024,8,Aug,3,AIESEC in Indore,GTe,outgoing,oGTe,5,3,2,2,0,0,0
2024-08-01,2024,8,Aug,3,AIESEC in Indore,GV,outgoing,oGV,25,12,8,6,3,3,2
2024-08-01,2024,8,Aug,3,AIESEC in Jaipur,GTa,incoming,iGTa,8,4,3,3,3,3,3
2024-08-01,2024,8,Aug,3,AIESEC in Jaipur,GTe,incoming,iGTe,2,0,0,0,0,0,0
2024-08-01,2024,8,Aug,3,AIESEC in Jaipur,GV,incoming,iGV,12,7,1,1,1,1,1
2024-08-01,2024,8,Aug,3,AIESEC in Jaipur,GTa,outgoing,oGTa,7,5,4,4,4,4,4
2024-08-01,2024,8,Aug,3,AIESEC in Jaipur,GTe,outgoing,oGTe,2,0,0,0,0,0,0
2024-08-01,2024,8,Aug,3,AIESEC in Jaipur,GV,outgoing,oGV,25,10,7,6,5,5,5
2024-08-01,2024,8,Aug,3,AIESEC in Kochi,GTa,incoming,iGTa,5,2,2,2,2,2,2
2024-08-01,2024,8,Aug,3,AIESEC in Kochi,GTe,incoming,iGTe,0,0,0,0,0,0,0
2024-08-01,2024,8,Aug,3,AIESEC in Kochi,GV,incoming,iGV,5,4,2,1,1,1,1
2024-08-01,2024,8,Aug,3,AIESEC in Kochi,GTa,outgoing,oGTa,6,5,5,5,4,4,3
2024-08-01,2024,8,Aug,3,AIESEC in Kochi,GTe,outgoing,oGTe,2,2,2,1,1,1,1
2024-08-01,2024,8,Aug,3,AIESEC in Kochi,GV,outgoing,oGV,11,5,2,2,1,1,1
2024-08-01,2024,8,Aug,3,AIESEC in Kolkata,GTa,incoming,iGTa,4,1,1,1,1,1,1
2024-08-01,2024,8,Aug,3,AIESEC in Kolkata,GTe,incoming,iGTe,1,0,0,0,0,0,0
2024-08-01,2024,8,Aug,3,AIESEC in Kolkata,GV,incoming,iGV,7,4,3,0,0,0,0
2024-08-01,2024,8,Aug,3,AIESEC in Kolkata,GTa,outgoing,oGTa,8,6,5,5,5,5,4
2024-08-01,2024,8,Aug,3,AIESEC in Kolkata,GTe,outgoing,oGTe,1,0,0,0,0,0,0
2024-08-01,2024,8,Aug,3,AIESEC in Kolkata,GV,outgoing,oGV,39,18,12,10,8,8,8
2024-08-01,2024,8,Aug,3,AIESEC in Lucknow,GTa,incoming,iGTa,3,1,1,1,0,0,0
2024-08-01,2024,8,Aug,3,AIESEC in Lucknow,GTe,incoming,iGTe,2,1,0,0,0,0,0
2024-08-01,2024,8,Aug,3,AIESEC in Lucknow,GV,incoming,iGV,10,3,1,0,0,0,0
2024-08-01,2024,8,Aug,3,AIESEC in Lucknow,GTa,outgoing,oGTa,6,2,1,1,1,1,1
2024-08-01,2024,8,Aug,3,AIESEC in Lucknow,GTe,outgoing,oGTe,5,1,1,0,0,0,0
2024-08-01,2024,8,Aug,3,AIESEC in Lucknow,GV,outgoing,oGV,22,13,7,5,3,3,3
2024-08-01,2024,8,Aug,3,AIESEC in Manipal,GTa,incoming,iGTa,0,0,0,0,0,0,0
2024-08-01,2024,8,Aug,3,AIESEC in Manipal,GTe,incoming,iGTe,0,0,0,0,0,0,0
2024-08-01,2024,8,Aug,3,AIESEC in Manipal,GV,incoming,iGV,2,1,1,0,0,0,0
2024-08-01,2024,8,Aug,3,AIESEC in Manipal,GTa,outgoing,oGTa,4,3,3,3,3,3,3
2024-08-01,2024,8,Aug,3,AIESEC in Manipal,GTe,outgoing,oGTe,1,1,1,1,0,0,0
2024-08-01,2024,8,Aug,3,AIESEC in Manipal,GV,outgoing,oGV,21,8,5,2,2,2,2
2024-08-01,2024,8,Aug,3,AIESEC in Mumbai,GTa,incoming,iGTa,5,2,2,2,2,2,1
2024-08-01,2024,8,Aug,3,AIESEC in Mumbai,GTe,incoming,iGTe,3,2,0,0,0,0,0
2024-08-01,2024,8,Aug,3,AIESEC in Mumbai,GV,incoming,iGV,30,19,11,8,7,7,6
2024-08-01,2024,8,Aug,3,AIESEC in Mumbai,GTa,outgoing,oGTa,17,7,5,5,4,4,4
2024-08-01,2024,8,Aug,3,AIESEC in Mumbai,GTe,outgoing,oGTe,8,5,5,5,1,1,1
2024-08-01,2024,8,Aug,3,AIESEC in Mumbai,GV,outgoing,oGV,61,30,16,15,10,10,10
2024-08-01,2024,8,Aug,3,AIESEC in Nagpur,GTa,incoming,iGTa,5,3,2,1,1,1,1
2024-08-01,2024,8,Aug,3,AIESEC in Nagpur,GTe,incoming,iGTe,3,2,0,0,0,0,0
2024-08-01,2024,8,Aug,3,AIESEC in Nagpur,GV,incoming,iGV,8,4,2,1,0,0,0
2024-08-01,2024,8,Aug,3,AIESEC in Nagpur,GTa,outgoing,oGTa,7,3,3,3,3,3,3
2024-08-01,2024,8,Aug,3,AIESEC in Nagpur,GTe,outgoing,oGTe,0,0,0,0,0,0,0
2024-08-01,2024,8,Aug,3,AIESEC in Nagpur,GV,outgoing,oGV,12,5,4,4,3,3,3
2024-08-01,2024,8,Aug,3,AIESEC in Pune,GTa,incoming,iGTa,5,4,3,2,1,1,1
2024-08-01,2024,8,Aug,3,AIESEC in Pune,GTe,incoming,iGTe,0,0,0,0,0,0,0
2024-08-01,2024,8,Aug,3,AIESEC in Pune,GV,incoming,iGV,21,8,7,6,6,6,5
2024-08-01,2024,8,Aug,3,AIESEC in Pune,GTa,outgoing,oGTa,10,4,3,2,2,2,2
2024-08-01,2024,8,Aug,3,AIESEC in Pune,GTe,outgoing,oGTe,5,1,1,1,1,1,1
2024-08-01,2024,8,Aug,3,AIESEC in Pune,GV,outgoing,oGV,35,16,12,11,8,8,7
2024-08-01,2024,8,Aug,3,AIESEC in Surat,GTa,incoming,iGTa,2,0,0,0,0,0,0
2024-08-01,2024,8,Aug,3,AIESEC in Surat,GTe,incoming,iGTe,0,0,0,0,0,0,0
2024-08-01,2024,8,Aug,3,AIESEC in Surat,GV,incoming,iGV,8,4,3,3,2,2,2
2024-08-01,2024,8,Aug,3,AIESEC in Surat,GTa,outgoing,oGTa,3,0,0,0,0,0,0
2024-08-01,2024,8,Aug,3,AIESEC in Surat,GTe,outgoing,oGTe,1,0,0,0,0,0,0
2024-08-01,2024,8,Aug,3,AIESEC in Surat,GV,outgoing,oGV,17,7,5,4,2,2,2
2024-08-01,2024,8,Aug,3,AIESEC in Vellore,GTa,incoming,iGTa,3,0,0,0,0,0,0
2024-08-01,2024,8,Aug,3,AIESEC in Vellore,GTe,incoming,iGTe,1,1,1,1,1,1,1
2024-08-01,2024,8,Aug,3,AIESEC in Vellore,GV,incoming,iGV,3,1,1,0,0,0,0
2024-08-01,2024,8,Aug,3,AIESEC in Vellore,GTa,outgoing,oGTa,7,2,2,1,1,1,1
2024-08-01,2024,8,Aug,3,AIESEC in Vellore,GTe,outgoing,oGTe,4,3,3,2,1,1,1
2024-08-01,2024,8,Aug,3,AIESEC in Vellore,GV,outgoing,oGV,17,6,6,5,4,4,4
2024-09-01,2024,9,Sep,3,AIESEC in Ahmedabad,GTa,incoming,iGTa,2,1,0,0,0,0,0
2024-09-01,2024,9,Sep,3,AIESEC in Ahmedabad,GTe,incoming,iGTe,1,1,1,0,0,0,0
2024-09-01,2024,9,Sep,3,AIESEC in Ahmedabad,GV,incoming,iGV,9,4,1,0,0,0,0
2024-09-01,2024,9,Sep,3,AIESEC in Ahmedabad,GTa,outgoing,oGTa,6,3,1,1,1,1,1
2024-09-01,2024,9,Sep,3,AIESEC in Ahmedabad,GTe,outgoing,oGTe,2,0,0,0,0,0,0
2024-09-01,2024,9,Sep,3,AIESEC in Ahmedabad,GV,outgoing,oGV,19,5,4,4,3,3,3
2024-09-01,2024,9,Sep,3,AIESEC in Bangalore,GTa,incoming,iGTa,5,1,1,1,1,1,1
2024-09-01,2024,9,Sep,3,AIESEC in Bangalore,GTe,incoming,iGTe,2,1,1,1,1,1,1
2024-09-01,2024,9,Sep,3,AIESEC in Bangalore,GV,incoming,iGV,6,3,2,2,1,1,0
2024-09-01,2024,9,Sep,3,AIESEC in Bangalore,GTa,outgoing,oGTa,15,9,6,6,4,4,4
2024-09-01,2024,9,Sep,3,AIESEC in Bangalore,GTe,outgoing,oGTe,3,1,1,1,0,0,0
2024-09-01,2024,9,Sep,3,AIESEC in Bangalore,GV,outgoing,oGV,54,22,16,11,6,5,4
2024-09-01,2024,9,Sep,3,AIESEC in Bhubaneswar,GTa,incoming,iGTa,4,1,0,0,0,0,0
2024-09-01,2024,9,Sep,3,AIESEC in Bhubaneswar,GTe,incoming,iGTe,0,0,0,0,0,0,0
2024-09-01,2024,9,Sep,3,AIESEC in Bhubaneswar,GV,incoming,iGV,6,2,2,2,2,2,2
2024-09-01,2024,9,Sep,3,AIESEC in Bhubaneswar,GTa,outgoing,oGTa,7,5,4,4,3,3,3
2024-09-01,2024,9,Sep,3,AIESEC in Bhubaneswar,GTe,outgoing,oGTe,2,0,0,0,0,0,0
2024-09-01,2024,9,Sep,3,AIESEC in Bhubaneswar,GV,outgoing,oGV,23,11,10,10,6,6,6
2024-09-01,2024,9,Sep,3,AIESEC in Chandigarh,GTa,incoming,iGTa,4,1,1,1,1,1,1
2024-09-01,2024,9,Sep,3,AIESEC in Chandigarh,GTe,incoming,iGTe,1,0,0,0,0,0,0
2024-09-01,2024,9,Sep,3,AIESEC in Chandigarh,GV,incoming,iGV,11,3,2,1,1,1,1
2024-09-01,2024,9,Sep,3,AIESEC in Chandigarh,GTa,outgoing,oGTa,11,6,4,4,4,4,4
2024-09-01,2024,9,Sep,3,AIESEC in Chandigarh,GTe,outgoing,oGTe,1,1,1,1,1,1,1
2024-09-01,2024,9,Sep,3,AIESEC in Chandigarh,GV,outgoing,oGV,25,8,2,2,2,2,2
2024-09-01,2024,9,Sep,3,AIESEC in Chennai,GTa,incoming,iGTa,8,5,4,4,2,2,2
2024-09-01,2024,9,Sep,3,AIESEC in Chennai,GTe,incoming,iGTe,1,0,0,0,0,0,0
2024-09-01,2024,9,Sep,3,AIESEC in Chennai,GV,incoming,iGV,11,6,5,4,3,3,3
2024-09-01,2024,9,Sep,3,AIESEC in Chennai,GTa,outgoing,oGTa,20,9,7,5,4,4,3
2024-09-01,2024,9,Sep,3,AIESEC in Chennai,GTe,outgoing,oGTe,1,1,1,0,0,0,0
2024-09-01,2024,9,Sep,3,AIESEC in Chennai,GV,outgoing,oGV,42,20,15,11,8,8,7
2024-09-01,2024,9,Sep,3,AIESEC in Coimbatore,GTa,incoming,iGTa,1,1,1,1,1,1,1
2024-09-01,2024,9,Sep,3,AIESEC in Coimbatore,GTe,incoming,iGTe,0,0,0,0,0,0,0
2024-09-01,2024,9,Sep,3,AIESEC in Coimbatore,GV,incoming,iGV,8,3,2,0,0,0,0
2024-09-01,2024,9,Sep,3,AIESEC in Coimbatore,GTa,outgoing,oGTa,5,3,2,2,2,2,2
2024-09-01,2024,9,Sep,3,AIESEC in Coimbatore,GTe,outgoing,oGTe,2,2,2,2,1,1,1
2024-09-01,2024,9,Sep,3,AIESEC in Coimbatore,GV,outgoing,oGV,9,6,5,5,4,4,4
2024-09-01,2024,9,Sep,3,AIESEC in Delhi IIT,GTa,incoming,iGTa,21,10,8,7,5,5,4
2024-09-01,2024,9,Sep,3,AIESEC in Delhi IIT,GTe,incoming,iGTe,3,2,2,2,2,2,2
2024-09-01,2024,9,Sep,3,AIESEC in Delhi IIT,GV,incoming,iGV,43,20,13,11,10,10,6
2024-09-01,2024,9,Sep,3,AIESEC in Delhi IIT,GTa,outgoing,oGTa,49,31,21,20,14,13,11
2024-09-01,2024,9,Sep,3,AIESEC in Delhi IIT,GTe,outgoing,oGTe,6,5,4,3,2,2,2
2024-09-01,2024,9,Sep,3,AIESEC in Delhi IIT,GV,outgoing,oGV,132,60,45,36,29,29,28
2024-09-01,2024,9,Sep,3,AIESEC in Delhi University,GTa,incoming,iGTa,9,7,6,4,3,3,3
2024-09-01,2024,9,Sep,3,AIESEC in Delhi University,GTe,incoming,iGTe,0,0,0,0,0,0,0
2024-09-01,2024,9,Sep,3,AIESEC in Delhi University,GV,incoming,iGV,19,5,5,4,2,2,1
2024-09-01,2024,9,Sep,3,AIESEC in Delhi University,GTa,outgoing,oGTa,32,13,10,10,9,9,8
2024-09-01,2024,9,Sep,3,AIESEC in Delhi University,GTe,outgoing,oGTe,7,7,5,5,4,4,4
2024-09-01,2024,9,Sep,3,AIESEC in Delhi University,GV,outgoing,oGV,55,23,19,15,10,10,8
2024-09-01,2024,9,Sep,3,AIESEC in Hyderabad,GTa,incoming,iGTa,2,0,0,0,0,0,0
2024-09-01,2024,9,Sep,3,AIESEC in Hyderabad,GTe,incoming,iGTe,1,0,0,0,0,0,0
2024-09-01,2024,9,Sep,3,AIESEC in Hyderabad,GV,incoming,iGV,5,4,4,4,2,2,0
2024-09-01,2024,9,Sep,3,AIESEC in Hyderabad,GTa,outgoing,oGTa,6,3,3,3,3,3,3
2024-09-01,2024,9,Sep,3,AIESEC in Hyderabad,GTe,outgoing,oGTe,2,1,1,1,1,1,1
2024-09-01,2024,9,Sep,3,AIESEC in Hyderabad,GV,outgoing,oGV,33,11,8,8,6,6,4
2024-09-01,2024,9,Sep,3,AIESEC in Indore,GTa,incoming,iGTa,1,0,0,0,0,0,0
2024-09-01,2024,9,Sep,3,AIESEC in Indore,GTe,incoming,iGTe,1,1,0,0,0,0,0
2024-09-01,2024,9,Sep,3,AIESEC in Indore,GV,incoming,iGV,2,2,2,1,0,0,0
2024-09-01,2024,9,Sep,3,AIESEC in Indore,GTa,outgoing,oGTa,5,4,2,2,2,2,2
2024-09-01,2024,9,Sep,3,AIESEC in Indore,GTe,outgoing,oGTe,3,0,0,0,0,0,0
2024-09-01,2024,9,Sep,3,AIESEC in Indore,GV,outgoing,oGV,21,9,6,3,1,1,1
2024-09-01,2024,9,Sep,3,AIESEC in Jaipur,GTa,incoming,iGTa,2,2,2,2,1,1,1
2024-09-01,2024,9,Sep,3,AIESEC in Jaipur,GTe,incoming,iGTe,1,0,0,0,0,0,0
2024-09-01,2024,9,Sep,3,AIESEC in Jaipur,GV,incoming,iGV,11,4,4,2,1,1,1
2024-09-01,2024,9,Sep,3,AIESEC in Jaipur,GTa,outgoing,oGTa,11,5,4,4,3,3,3
2024-09-01,2024,9,Sep,3,AIESEC in Jaipur,GTe,outgoing,oGTe,6,4,2,2,2,2,2
2024-09-01,2024,9,Sep,3,AIESEC in Jaipur,GV,outgoing,oGV,23,9,4,3,2,2,2
2024-09-01,2024,9,Sep,3,AIESEC in Kochi,GTa,incoming,iGTa,1,1,1,1,1,1,1
2024-09-01,2024,9,Sep,3,AIESEC in Kochi,GTe,incoming,iGTe,0,0,0,0,0,0,0
2024-09-01,2024,9,Sep,3,AIESEC in Kochi,GV,incoming,iGV,8,3,3,2,2,2,2
2024-09-01,2024,9,Sep,3,AIESEC in Kochi,GTa,outgoing,oGTa,5,2,0,0,0,0,0
2024-09-01,2024,9,Sep,3,AIESEC in Kochi,GTe,outgoing,oGTe,1,0,0,0,0,0,0
2024-09-01,2024,9,Sep,3,AIESEC in Kochi,GV,outgoing,oGV,17,9,5,4,1,1,1
2024-09-01,2024,9,Sep,3,AIESEC in Kolkata,GTa,incoming,iGTa,5,1,0,0,0,0,0
2024-09-01,2024,9,Sep,3,AIESEC in Kolkata,GTe,incoming,iGTe,1,0,0,0,0,0,0
2024-09-01,2024,9,Sep,3,AIESEC in Kolkata,GV,incoming,iGV,9,0,0,0,0,0,0
2024-09-01,2024,9,Sep,3,AIESEC in Kolkata,GTa,outgoing,oGTa,8,3,3,2,1,1,1
2024-09-01,2024,9,Sep,3,AIESEC in Kolkata,GTe,outgoing,oGTe,3,1,1,1,1,1,1
2024-09-01,2024,9,Sep,3,AIESEC in Kolkata,GV,outgoing,oGV,37,17,11,9,6,5,4
2024-09-01,2024,9,Sep,3,AIESEC in Lucknow,GTa,incoming,iGTa,5,4,2,2,0,0,0
2024-09-01,2024,9,Sep,3,AIESEC in Lucknow,GTe,incoming,iGTe,0,0,0,0,0,0,0
2024-09-01,2024,9,Sep,3,AIESEC in Lucknow,GV,incoming,iGV,5,2,1,1,1,1,1
2024-09-01,2024,9,Sep,3,AIESEC in Lucknow,GTa,outgoing,oGTa,7,5,4,4,4,4,4
2024-09-01,2024,9,Sep,3,AIESEC in Lucknow,GTe,outgoing,oGTe,1,0,0,0,0,0,0
2024-09-01,2024,9,Sep,3,AIESEC in Lucknow,GV,outgoing,oGV,20,6,2,1,0,0,0
2024-09-01,2024,9,Sep,3,AIESEC in Manipal,GTa,incoming,iGTa,3,2,2,2,2,2,1
2024-09-01,2024,9,Sep,3,AIESEC in Manipal,GTe,incoming,iGTe,0,0,0,0,0,0,0
2024-09-01,2024,9,Sep,3,AIESEC in Manipal,GV,incoming,iGV,8,3,2,2,1,1,1
2024-09-01,2024,9,Sep,3,AIESEC in Manipal,GTa,outgoing,oGTa,3,1,1,1,1,1,1
2024-09-01,2024,9,Sep,3,AIESEC in Manipal,GTe,outgoing,oGTe,4,1,1,0,0,0,0
2024-09-01,2024,9,Sep,3,AIESEC in Manipal,GV,outgoing,oGV,15,9,5,2,2,2,2
2024-09-01,2024,9,Sep,3,AIESEC in Mumbai,GTa,incoming,iGTa,8,5,3,2,2,2,1
2024-09-01,2024,9,Sep,3,AIESEC in Mumbai,GTe,incoming,iGTe,3,1,1,1,1,1,1
2024-09-01,2024,9,Sep,3,AIESEC in Mumbai,GV,incoming,iGV,23,4,2,2,1,1,1
2024-09-01,2024,9,Sep,3,AIESEC in Mumbai,GTa,outgoing,oGTa,25,13,11,7,6,6,6
2024-09-01,2024,9,Sep,3,AIESEC in Mumbai,GTe,outgoing,oGTe,7,2,1,1,1,1,1
2024-09-01,2024,9,Sep,3,AIESEC in Mumbai,GV,outgoing,oGV,67,32,27,24,20,19,16
2024-09-01,2024,9,Sep,3,AIESEC in Nagpur,GTa,incoming,iGTa,1,1,1,1,1,1,1
2024-09-01,2024,9,Sep,3,AIESEC in Nagpur,GTe,incoming,iGTe,1,1,0,0,0,0,0
2024-09-01,2024,9,Sep,3,AIESEC in Nagpur,GV,incoming,iGV,7,4,3,2,2,2,1
2024-09-01,2024,9,Sep,3,AIESEC in Nagpur,GTa,outgoing,oGTa,10,2,0,0,0,0,0
2024-09-01,2024,9,Sep,3,AIESEC in Nagpur,GTe,outgoing,oGTe,4,2,1,1,0,0,0
2024-09-01,2024,9,Sep,3,AIESEC in Nagpur,GV,outgoing,oGV,23,13,7,5,3,3,3
2024-09-01,2024,9,Sep,3,AIESEC in Pune,GTa,incoming,iGTa,7,1,0,0,0,0,0
2024-09-01,2024,9,Sep,3,AIESEC in Pune,GTe,incoming,iGTe,3,0,0,0,0,0,0
2024-09-01,2024,9,Sep,3,AIESEC in Pune,GV,incoming,iGV,19,6,1,1,1,1,1
2024-09-01,2024,9,Sep,3,AIESEC in Pune,GTa,outgoing,oGTa,16,11,8,8,7,6,6
2024-09-01,2024,9,Sep,3,AIESEC in Pune,GTe,outgoing,oGTe,3,3,3,3,3,3,2
2024-09-01,2024,9,Sep,3,AIESEC in Pune,GV,outgoing,oGV,58,23,16,12,11,11,10
2024-09-01,2024,9,Sep,3,AIESEC in Surat,GTa,incoming,iGTa,1,1,1,1,0,0,0
2024-09-01,2024,9,Sep,3,AIESEC in Surat,GTe,incoming,iGTe,0,0,0,0,0,0,0
2024-09-01,2024,9,Sep,3,AIESEC in Surat,GV,incoming,iGV,5,0,0,0,0,0,0
2024-09-01,2024,9,Sep,3,AIESEC in Surat,GTa,outgoing,oGTa,9,4,2,2,2,2,2
2024-09-01,2024,9,Sep,3,AIESEC in Surat,GTe,outgoing,oGTe,0,0,0,0,0,0,0
2024-09-01,2024,9,Sep,3,AIESEC in Surat,GV,outgoing,oGV,10,6,4,4,3,3,3
2024-09-01,2024,9,Sep,3,AIESEC in Vellore,GTa,incoming,iGTa,0,0,0,0,0,0,0
2024-09-01,2024,9,Sep,3,AIESEC in Vellore,GTe,incoming,iGTe,0,0,0,0,0,0,0
2024-09-01,2024,9,Sep,3,AIESEC in Vellore,GV,incoming,iGV,3,1,0,0,0,0,0
2024-09-01,2024,9,Sep,3,AIESEC in Vellore,GTa,outgoing,oGTa,6,3,3,3,2,2,2
2024-09-01,2024,9,Sep,3,AIESEC in Vellore,GTe,outgoing,oGTe,2,1,0,0,0,0,0
2024-09-01,2024,9,Sep,3,AIESEC in Vellore,GV,outgoing,oGV,11,5,3,2,2,1,1
2024-10-01,2024,10,Oct,4,AIESEC in Ahmedabad,GTa,incoming,iGTa,4,1,0,0,0,0,0
2024-10-01,2024,10,Oct,4,AIESEC in Ahmedabad,GTe,incoming,iGTe,0,0,0,0,0,0,0
2024-10-01,2024,10,Oct,4,AIESEC in Ahmedabad,GV,incoming,iGV,3,1,1,0,0,0,0
2024-10-01,2024,10,Oct,4,AIESEC in Ahmedabad,GTa,outgoing,oGTa,7,3,3,2,1,1,1
2024-10-01,2024,10,Oct,4,AIESEC in Ahmedabad,GTe,outgoing,oGTe,3,1,1,1,1,1,0
2024-10-01,2024,10,Oct,4,AIESEC in Ahmedabad,GV,outgoing,oGV,27,14,12,8,6,5,5
2024-10-01,2024,10,Oct,4,AIESEC in Bangalore,GTa,incoming,iGTa,5,2,1,1,0,0,0
2024-10-01,2024,10,Oct,4,AIESEC in Bangalore,GTe,incoming,iGTe,0,0,0,0,0,0,0
2024-10-01,2024,10,Oct,4,AIESEC in Bangalore,GV,incoming,iGV,16,6,4,3,2,2,1
2024-10-01,2024,10,Oct,4,AIESEC in Bangalore,GTa,outgoing,oGTa,11,6,4,3,2,2,2
2024-10-01,2024,10,Oct,4,AIESEC in Bangalore,GTe,outgoing,oGTe,5,0,0,0,0,0,0
2024-10-01,2024,10,Oct,4,AIESEC in Bangalore,GV,outgoing,oGV,34,19,14,14,13,13,13
2024-10-01,2024,10,Oct,4,AIESEC in Bhubaneswar,GTa,incoming,iGTa,3,1,1,1,1,1,1
2024-10-01,2024,10,Oct,4,AIESEC in Bhubaneswar,GTe,incoming,iGTe,0,0,0,0,0,0,0
2024-10-01,2024,10,Oct,4,AIESEC in Bhubaneswar,GV,incoming,iGV,8,2,0,0,0,0,0
2024-10-01,2024,10,Oct,4,AIESEC in Bhubaneswar,GTa,outgoing,oGTa,5,1,1,0,0,0,0
2024-10-01,2024,10,Oct,4,AIESEC in Bhubaneswar,GTe,outgoing,oGTe,5,2,1,1,1,1,1
2024-10-01,2024,10,Oct,4,AIESEC in Bhubaneswar,GV,outgoing,oGV,26,9,7,6,6,6,6
2024-10-01,2024,10,Oct,4,AIESEC in Chandigarh,GTa,incoming,iGTa,1,0,0,0,0,0,0
2024-10-01,2024,10,Oct,4,AIESEC in Chandigarh,GTe,incoming,iGTe,1,1,1,0,0,0,0
2024-10-01,2024,10,Oct,4,AIESEC in Chandigarh,GV,incoming,iGV,10,2,1,1,1,1,1
2024-10-01,2024,10,Oct,4,AIESEC in Chandigarh,GTa,outgoing,oGTa,6,0,0,0,0,0,0
2024-10-01,2024,10,Oct,4,AIESEC in Chandigarh,GTe,outgoing,oGTe,3,1,0,0,0,0,0
2024-10-01,2024,10,Oct,4,AIESEC in Chandigarh,GV,outgoing,oGV,17,5,2,1,1,1,1
2024-10-01,2024,10,Oct,4,AIESEC in Chennai,GTa,incoming,iGTa,6,3,2,1,1,1,1
2024-10-01,2024,10,Oct,4,AIESEC in Chennai,GTe,incoming,iGTe,1,1,1,1,0,0,0
2024-10-01,2024,10,Oct,4,AIESEC in Chennai,GV,incoming,iGV,10,6,3,1,1,0,0
2024-10-01,2024,10,Oct,4,AIESEC in Chennai,GTa,outgoing,oGTa,17,10,9,9,8,7,7
2024-10-01,2024,10,Oct,4,AIESEC in Chennai,GTe,outgoing,oGTe,6,0,0,0,0,0,0
2024-10-01,2024,10,Oct,4,AIESEC in Chennai,GV,outgoing,oGV,43,25,19,14,12,12,10
2024-10-01,2024,10,Oct,4,AIESEC in Coimbatore,GTa,incoming,iGTa,3,2,1,0,0,0,0
2024-10-01,2024,10,Oct,4,AIESEC in Coimbatore,GTe,incoming,iGTe,0,0,0,0,0,0,0
2024-10-01,2024,10,Oct,4,AIESEC in Coimbatore,GV,incoming,iGV,4,2,2,2,2,2,2
2024-10-01,2024,10,Oct,4,AIESEC in Coimbatore,GTa,outgoing,oGTa,8,5,4,3,2,2,1
2024-10-01,2024,10,Oct,4,AIESEC in Coimbatore,GTe,outgoing,oGTe,3,2,1,1,0,0,0
2024-10-01,2024,10,Oct,4,AIESEC in Coimbatore,GV,outgoing,oGV,32,15,13,10,8,8,7
2024-10-01,2024,10,Oct,4,AIESEC in Delhi IIT,GTa,incoming,iGTa,14,7,4,4,4,4,4
2024-10-01,2024,10,Oct,4,AIESEC in Delhi IIT,GTe,incoming,iGTe,3,2,2,1,1,0,0
2024-10-01,2024,10,Oct,4,AIESEC in Delhi IIT,GV,incoming,iGV,31,12,8,6,6,6,5
2024-10-01,2024,10,Oct,4,AIESEC in Delhi IIT,GTa,outgoing,oGTa,48,20,14,13,10,10,9
2024-10-01,2024,10,Oct,4,AIESEC in Delhi IIT,GTe,outgoing,oGTe,16,5,4,2,2,2,2
2024-10-01,2024,10,Oct,4,AIESEC in Delhi IIT,GV,outgoing,oGV,123,57,42,33,23,23,20
2024-10-01,2024,10,Oct,4,AIESEC in Delhi University,GTa,incoming,iGTa,6,4,2,2,2,2,2
2024-10-01,2024,10,Oct,4,AIESEC in Delhi University,GTe,incoming,iGTe,0,0,0,0,0,0,0
2024-10-01,2024,10,Oct,4,AIESEC in Delhi University,GV,incoming,iGV,28,12,9,4,3,3,3
2024-10-01,2024,10,Oct,4,AIESEC in Delhi University,GTa,outgoing,oGTa,20,12,9,9,9,9,9
2024-10-01,2024,10,Oct,4,AIESEC in Delhi University,GTe,outgoing,oGTe,10,5,4,3,3,3,3
2024-10-01,2024,10,Oct,4,AIESEC in Delhi University,GV,outgoing,oGV,64,32,19,16,13,13,11
2024-10-01,2024,10,Oct,4,AIESEC in Hyderabad,GTa,incoming,iGTa,3,2,1,1,1,1,1
2024-10-01,2024,10,Oct,4,AIESEC in Hyderabad,GTe,incoming,iGTe,1,0,0,0,0,0,0
2024-10-01,2024,10,Oct,4,AIESEC in Hyderabad,GV,incoming,iGV,9,5,4,3,2,2,1
2024-10-01,2024,10,Oct,4,AIESEC in Hyderabad,GTa,outgoing,oGTa,17,5,4,3,3,3,3
2024-10-01,2024,10,Oct,4,AIESEC in Hyderabad,GTe,outgoing,oGTe,4,1,0,0,0,0,0
2024-10-01,2024,10,Oct,4,AIESEC in Hyderabad,GV,outgoing,oGV,41,19,12,10,6,6,5
2024-10-01,2024,10,Oct,4,AIESEC in Indore,GTa,incoming,iGTa,3,3,3,3,3,3,2
2024-10-01,2024,10,Oct,4,AIESEC in Indore,GTe,incoming,iGTe,0,0,0,0,0,0,0
2024-10-01,2024,10,Oct,4,AIESEC in Indore,GV,incoming,iGV,13,5,3,1,1,1,1
2024-10-01,2024,10,Oct,4,AIESEC in Indore,GTa,outgoing,oGTa,9,4,4,4,4,3,2
2024-10-01,2024,10,Oct,4,AIESEC in Indore,GTe,outgoing,oGTe,1,1,1,0,0,0,0
2024-10-01,2024,10,Oct,4,AIESEC in Indore,GV,outgoing,oGV,20,3,3,3,3,3,3
2024-10-01,2024,10,Oct,4,AIESEC in Jaipur,GTa,incoming,iGTa,5,0,0,0,0,0,0
2024-10-01,2024,10,Oct,4,AIESEC in Jaipur,GTe,incoming,iGTe,0,0,0,0,0,0,0
2024-10-01,2024,10,Oct,4,AIESEC in Jaipur,GV,incoming,iGV,8,6,1,1,0,0,0
2024-10-01,2024,10,Oct,4,AIESEC in Jaipur,GTa,outgoing,oGTa,9,5,4,3,2,2,2
2024-10-01,2024,10,Oct,4,AIESEC in Jaipur,GTe,outgoing,oGTe,5,2,2,2,2,2,1
2024-10-01,2024,10,Oct,4,AIESEC in Jaipur,GV,outgoing,oGV,32,13,11,9,6,5,4
2024-10-01,2024,10,Oct,4,AIESEC in Kochi,GTa,incoming,iGTa,3,1,1,1,1,1,1
2024-10-01,2024,10,Oct,4,AIESEC in Kochi,GTe,incoming,iGTe,1,0,0,0,0,0,0
2024-10-01,2024,10,Oct,4,AIESEC in Kochi,GV,incoming,iGV,4,1,0,0,0,0,0
2024-10-01,2024,10,Oct,4,AIESEC in Kochi,GTa,outgoing,oGTa,10,3,2,2,1,1,1
2024-10-01,2024,10,Oct,4,AIESEC in Kochi,GTe,outgoing,oGTe,3,1,1,1,0,0,0
2024-10-01,2024,10,Oct,4,AIESEC in Kochi,GV,outgoing,oGV,27,12,10,8,6,6,5
2024-10-01,2024,10,Oct,4,AIESEC in Kolkata,GTa,incoming,iGTa,6,2,1,1,1,1,1
2024-10-01,2024,10,Oct,4,AIESEC in Kolkata,GTe,incoming,iGTe,0,0,0,0,0,0,0
2024-10-01,2024,10,Oct,4,AIESEC in Kolkata,GV,incoming,iGV,6,2,2,2,2,2,2
2024-10-01,2024,10,Oct,4,AIESEC in Kolkata,GTa,outgoing,oGTa,4,4,3,2,2,2,2
2024-10-01,2024,10,Oct,4,AIESEC in Kolkata,GTe,outgoing,oGTe,3,2,2,2,2,2,2
2024-10-01,2024,10,Oct,4,AIESEC in Kolkata,GV,outgoing,oGV,32,11,8,6,4,4,4
2024-10-01,2024,10,Oct,4,AIESEC in Lucknow,GTa,incoming,iGTa,1,1,0,0,0,0,0
2024-10-01,2024,10,Oct,4,AIESEC in Lucknow,GTe,incoming,iGTe,0,0,0,0,0,0,0
2024-10-01,2024,10,Oct,4,AIESEC in Lucknow,GV,incoming,iGV,11,5,4,3,2,2,2
2024-10-01,2024,10,Oct,4,AIESEC in Lucknow,GTa,outgoing,oGTa,5,2,2,2,2,1,1
2024-10-01,2024,10,Oct,4,AIESEC in Lucknow,GTe,outgoing,oGTe,2,0,0,0,0,0,0
2024-10-01,2024,10,Oct,4,AIESEC in Lucknow,GV,outgoing,oGV,33,18,11,8,5,5,5
2024-10-01,2024,10,Oct,4,AIESEC in Manipal,GTa,incoming,iGTa,1,0,0,0,0,0,0
2024-10-01,2024,10,Oct,4,AIESEC in Manipal,GTe,incoming,iGTe,3,2,1,1,1,1,1
2024-10-01,2024,10,Oct,4,AIESEC in Manipal,GV,incoming,iGV,6,1,1,1,1,1,1
2024-10-01,2024,10,Oct,4,AIESEC in Manipal,GTa,outgoing,oGTa,5,2,1,1,1,1,0
2024-10-01,2024,10,Oct,4,AIESEC in Manipal,GTe,outgoing,oGTe,0,0,0,0,0,0,0
2024-10-01,2024,10,Oct,4,AIESEC in Manipal,GV,outgoing,oGV,28,11,7,4,2,2,2
2024-10-01,2024,10,Oct,4,AIESEC in Mumbai,GTa,incoming,iGTa,3,2,2,2,1,1,1
2024-10-01,2024,10,Oct,4,AIESEC in Mumbai,GTe,incoming,iGTe,2,1,1,1,1,1,1
2024-10-01,2024,10,Oct,4,AIESEC in Mumbai,GV,incoming,iGV,24,12,9,6,4,1,1
2024-10-01,2024,10,Oct,4,AIESEC in Mumbai,GTa,outgoing,oGTa,26,14,12,12,10,10,10
2024-10-01,2024,10,Oct,4,AIESEC in Mumbai,GTe,outgoing,oGTe,4,2,1,1,1,1,1
2024-10-01,2024,10,Oct,4,AIESEC in Mumbai,GV,outgoing,oGV,66,32,27,23,15,14,14
2024-10-01,2024,10,Oct,4,AIESEC in Nagpur,GTa,incoming,iGTa,3,2,2,2,2,2,2
2024-10-01,2024,10,Oct,4,AIESEC in Nagpur,GTe,incoming,iGTe,1,1,0,0,0,0,0
2024-10-01,2024,10,Oct,4,AIESEC in Nagpur,GV,incoming,iGV,8,4,2,2,0,0,0
2024-10-01,2024,10,Oct,4,AIESEC in Nagpur,GTa,outgoing,oGTa,5,3,3,3,3,3,3
2024-10-01,2024,10,Oct,4,AIESEC in Nagpur,GTe,outgoing,oGTe,1,0,0,0,0,0,0
2024-10-01,2024,10,Oct,4,AIESEC in Nagpur,GV,outgoing,oGV,30,12,8,5,4,4,4
2024-10-01,2024,10,Oct,4,AIESEC in Pune,GTa,incoming,iGTa,8,4,3,3,2,2,1
2024-10-01,2024,10,Oct,4,AIESEC in Pune,GTe,incoming,iGTe,3,0,0,0,0,0,0
2024-10-01,2024,10,Oct,4,AIESEC in Pune,GV,incoming,iGV,12,4,3,3,2,2,2
2024-10-01,2024,10,Oct,4,AIESEC in Pune,GTa,outgoing,oGTa,20,15,11,10,9,9,9
2024-10-01,2024,10,Oct,4,AIESEC in Pune,GTe,outgoing,oGTe,4,1,1,1,0,0,0
2024-10-01,2024,10,Oct,4,AIESEC in Pune,GV,outgoing,oGV,49,20,8,5,4,4,4
2024-10-01,2024,10,Oct,4,AIESEC in Surat,GTa,incoming,iGTa,1,0,0,0,0,0,0
2024-10-01,2024,10,Oct,4,AIESEC in Surat,GTe,incoming,iGTe,0,0,0,0,0,0,0
2024-10-01,2024,10,Oct,4,AIESEC in Surat,GV,incoming,iGV,5,1,1,1,1,1,1
2024-10-01,2024,10,Oct,4,AIESEC in Surat,GTa,outgoing,oGTa,7,3,3,3,3,3,3
2024-10-01,2024,10,Oct,4,AIESEC in Surat,GTe,outgoing,oGTe,0,0,0,0,0,0,0
2024-10-01,2024,10,Oct,4,AIESEC in Surat,GV,outgoing,oGV,20,10,5,2,2,2,2
2024-10-01,2024,10,Oct,4,AIESEC in Vellore,GTa,incoming,iGTa,1,0,0,0,0,0,0
2024-10-01,2024,10,Oct,4,AIESEC in Vellore,GTe,incoming,iGTe,0,0,0,0,0,0,0
2024-10-01,2024,10,Oct,4,AIESEC in Vellore,GV,incoming,iGV,3,2,2,2,1,1,1
2024-10-01,2024,10,Oct,4,AIESEC in Vellore,GTa,outgoing,oGTa,4,3,2,1,1,1,1
2024-10-01,2024,10,Oct,4,AIESEC in Vellore,GTe,outgoing,oGTe,2,1,1,1,1,1,1
2024-10-01,2024,10,Oct,4,AIESEC in Vellore,GV,outgoing,oGV,13,6,2,2,1,1,1
2024-11-01,2024,11,Nov,4,AIESEC in Ahmedabad,GTa,incoming,iGTa,3,2,1,1,1,1,1
2024-11-01,2024,11,Nov,4,AIESEC in Ahmedabad,GTe,incoming,iGTe,1,0,0,0,0,0,0
2024-11-01,2024,11,Nov,4,AIESEC in Ahmedabad,GV,incoming,iGV,5,1,1,1,1,1,1
2024-11-01,2024,11,Nov,4,AIESEC in Ahmedabad,GTa,outgoing,oGTa,11,3,1,1,1,1,1
2024-11-01,2024,11,Nov,4,AIESEC in Ahmedabad,GTe,outgoing,oGTe,2,2,1,1,1,1,1
2024-11-01,2024,11,Nov,4,AIESEC in Ahmedabad,GV,outgoing,oGV,43,22,15,15,13,8,8
2024-11-01,2024,11,Nov,4,AIESEC in Bangalore,GTa,incoming,iGTa,5,3,2,2,2,2,2
2024-11-01,2024,11,Nov,4,AIESEC in Bangalore,GTe,incoming,iGTe,0,0,0,0,0,0,0
2024-11-01,2024,11,Nov,4,AIESEC in Bangalore,GV,incoming,iGV,16,9,6,5,3,3,2
2024-11-01,2024,11,Nov,4,AIESEC in Bangalore,GTa,outgoing,oGTa,18,8,7,7,5,4,4
2024-11-01,2024,11,Nov,4,AIESEC in Bangalore,GTe,outgoing,oGTe,5,2,0,0,0,0,0
2024-11-01,2024,11,Nov,4,AIESEC in Bangalore,GV,outgoing,oGV,43,17,14,10,7,6,6
2024-11-01,2024,11,Nov,4,AIESEC in Bhubaneswar,GTa,incoming,iGTa,2,2,2,1,1,1,1
2024-11-01,2024,11,Nov,4,AIESEC in Bhubaneswar,GTe,incoming,iGTe,1,0,0,0,0,0,0
2024-11-01,2024,11,Nov,4,AIESEC in Bhubaneswar,GV,incoming,iGV,6,0,0,0,0,0,0
2024-11-01,2024,11,Nov,4,AIESEC in Bhubaneswar,GTa,outgoing,oGTa,4,2,2,2,2,2,2
2024-11-01,2024,11,Nov,4,AIESEC in Bhubaneswar,GTe,outgoing,oGTe,2,1,1,1,1,1,0
2024-11-01,2024,11,Nov,4,AIESEC in Bhubaneswar,GV,outgoing,oGV,27,13,10,10,7,7,5
2024-11-01,2024,11,Nov,4,AIESEC in Chandigarh,GTa,incoming,iGTa,2,1,1,1,0,0,0
2024-11-01,2024,11,Nov,4,AIESEC in Chandigarh,GTe,incoming,iGTe,2,0,0,0,0,0,0
2024-11-01,2024,11,Nov,4,AIESEC in Chandigarh,GV,incoming,iGV,7,5,4,3,3,3,3
2024-11-01,2024,11,Nov,4,AIESEC in Chandigarh,GTa,outgoing,oGTa,7,4,2,2,1,1,1
2024-11-01,2024,11,Nov,4,AIESEC in Chandigarh,GTe,outgoing,oGTe,5,3,2,2,2,2,2
2024-11-01,2024,11,Nov,4,AIESEC in Chandigarh,GV,outgoing,oGV,24,10,7,5,4,4,4
2024-11-01,2024,11,Nov,4,AIESEC in Chennai,GTa,incoming,iGTa,4,1,1,1,1,1,1
2024-11-01,2024,11,Nov,4,AIESEC in Chennai,GTe,incoming,iGTe,1,1,1,1,1,1,1
2024-11-01,2024,11,Nov,4,AIESEC in Chennai,GV,incoming,iGV,15,4,4,4,2,2,2
2024-11-01,2024,11,Nov,4,AIESEC in Chennai,GTa,outgoing,oGTa,20,10,7,7,4,4,4
2024-11-01,2024,11,Nov,4,AIESEC in Chennai,GTe,outgoing,oGTe,4,1,1,1,1,1,1
2024-11-01,2024,11,Nov,4,AIESEC in Chennai,GV,outgoing,oGV,49,14,9,7,5,5,5
2024-11-01,2024,11,Nov,4,AIESEC in Coimbatore,GTa,incoming,iGTa,0,0,0,0,0,0,0
2024-11-01,2024,11,Nov,4,AIESEC in Coimbatore,GTe,incoming,iGTe,0,0,0,0,0,0,0
2024-11-01,2024,11,Nov,4,AIESEC in Coimbatore,GV,incoming,iGV,5,4,4,4,4,3,3
2024-11-01,2024,11,Nov,4,AIESEC in Coimbatore,GTa,outgoing,oGTa,7,2,2,2,2,2,2
2024-11-01,2024,11,Nov,4,AIESEC in Coimbatore,GTe,outgoing,oGTe,1,0,0,0,0,0,0
2024-11-01,2024,11,Nov,4,AIESEC in Coimbatore,GV,outgoing,oGV,10,3,3,3,2,2,2
2024-11-01,2024,11,Nov,4,AIESEC in Delhi IIT,GTa,incoming,iGTa,16,6,5,5,4,4,4
2024-11-01,2024,11,Nov,4,AIESEC in Delhi IIT,GTe,incoming,iGTe,7,3,2,0,0,0,0
2024-11-01,2024,11,Nov,4,AIESEC in Delhi IIT,GV,incoming,iGV,47,16,12,10,7,4,3
2024-11-01,2024,11,Nov,4,AIESEC in Delhi IIT,GTa,outgoing,oGTa,44,25,21,19,16,16,16
2024-11-01,2024,11,Nov,4,AIESEC in Delhi IIT,GTe,outgoing,oGTe,17,5,4,4,4,4,4
2024-11-01,2024,11,Nov,4,AIESEC in Delhi IIT,GV,outgoing,oGV,120,49,42,32,26,25,23
2024-11-01,2024,11,Nov,4,AIESEC in Delhi University,GTa,incoming,iGTa,14,7,4,3,3,3,3
2024-11-01,2024,11,Nov,4,AIESEC in Delhi University,GTe,incoming,iGTe,1,0,0,0,0,0,0
2024-11-01,2024,11,Nov,4,AIESEC in Delhi University,GV,incoming,iGV,34,16,12,9,7,7,6
2024-11-01,2024,11,Nov,4,AIESEC in Delhi University,GTa,outgoing,oGTa,26,13,9,6,4,4,4
2024-11-01,2024,11,Nov,4,AIESEC in Delhi University,GTe,outgoing,oGTe,7,4,2,2,2,2,2
2024-11-01,2024,11,Nov,4,AIESEC in Delhi University,GV,outgoing,oGV,80,33,25,20,13,11,11
2024-11-01,2024,11,Nov,4,AIESEC in Hyderabad,GTa,incoming,iGTa,2,0,0,0,0,0,0
2024-11-01,2024,11,Nov,4,AIESEC in Hyderabad,GTe,incoming,iGTe,2,2,2,1,1,1,1
2024-11-01,2024,11,Nov,4,AIESEC in Hyderabad,GV,incoming,iGV,13,6,3,2,1,1,1
2024-11-01,2024,11,Nov,4,AIESEC in Hyderabad,GTa,outgoing,oGTa,14,7,5,5,5,5,4
2024-11-01,2024,11,Nov,4,AIESEC in Hyderabad,GTe,outgoing,oGTe,6,4,4,3,3,3,3
2024-11-01,2024,11,Nov,4,AIESEC in Hyderabad,GV,outgoing,oGV,45,20,11,8,7,7,7
2024-11-01,2024,11,Nov,4,AIESEC in Indore,GTa,incoming,iGTa,2,1,1,1,1,1,1
2024-11-01,2024,11,Nov,4,AIESEC in Indore,GTe,incoming,iGTe,0,0,0,0,0,0,0
2024-11-01,2024,11,Nov,4,AIESEC in Indore,GV,incoming,iGV,6,0,0,0,0,0,0
2024-11-01,2024,11,Nov,4,AIESEC in Indore,GTa,outgoing,oGTa,4,2,2,2,2,2,1
2024-11-01,2024,11,Nov,4,AIESEC in Indore,GTe,outgoing,oGTe,2,0,0,0,0,0,0
2024-11-01,2024,11,Nov,4,AIESEC in Indore,GV,outgoing,oGV,26,8,3,3,3,3,1
2024-11-01,2024,11,Nov,4,AIESEC in Jaipur,GTa,incoming,iGTa,3,1,1,1,1,1,1
2024-11-01,2024,11,Nov,4,AIESEC in Jaipur,GTe,incoming,iGTe,0,0,0,0,0,0,0
2024-11-01,2024,11,Nov,4,AIESEC in Jaipur,GV,incoming,iGV,10,5,4,4,3,3,2
2024-11-01,2024,11,Nov,4,AIESEC in Jaipur,GTa,outgoing,oGTa,15,9,9,9,7,7,6
2024-11-01,2024,11,Nov,4,AIESEC in Jaipur,GTe,outgoing,oGTe,6,4,4,3,2,1,1
2024-11-01,2024,11,Nov,4,AIESEC in Jaipur,GV,outgoing,oGV,23,9,7,6,5,5,4
2024-11-01,2024,11,Nov,4,AIESEC in Kochi,GTa,incoming,iGTa,4,1,0,0,0,0,0
2024-11-01,2024,11,Nov,4,AIESEC in Kochi,GTe,incoming,iGTe,1,1,0,0,0,0,0
2024-11-01,2024,11,Nov,4,AIESEC in Kochi,GV,incoming,iGV,4,1,1,1,1,0,0
2024-11-01,2024,11,Nov,4,AIESEC in Kochi,GTa,outgoing,oGTa,3,2,2,2,2,2,2
2024-11-01,2024,11,Nov,4,AIESEC in Kochi,GTe,outgoing,oGTe,5,4,3,3,2,2,2
2024-11-01,2024,11,Nov,4,AIESEC in Kochi,GV,outgoing,oGV,26,13,11,8,6,4,3
2024-11-01,2024,11,Nov,4,AIESEC in Kolkata,GTa,incoming,iGTa,2,1,1,1,0,0,0
2024-11-01,2024,11,Nov,4,AIESEC in Kolkata,GTe,incoming,iGTe,2,1,1,1,0,0,0
2024-11-01,2024,11,Nov,4,AIESEC in Kolkata,GV,incoming,iGV,8,3,1,1,1,1,1
2024-11-01,2024,11,Nov,4,AIESEC in Kolkata,GTa,outgoing,oGTa,11,6,5,5,5,5,5
2024-11-01,2024,11,Nov,4,AIESEC in Kolkata,GTe,outgoing,oGTe,4,1,1,1,1,1,1
2024-11-01,2024,11,Nov,4,AIESEC in Kolkata,GV,outgoing,oGV,33,13,9,7,4,4,4
2024-11-01,2024,11,Nov,4,AIESEC in Lucknow,GTa,incoming,iGTa,5,3,1,0,0,0,0
2024-11-01,2024,11,Nov,4,AIESEC in Lucknow,GTe,incoming,iGTe,1,1,1,1,0,0,0
2024-11-01,2024,11,Nov,4,AIESEC in Lucknow,GV,incoming,iGV,5,3,1,1,0,0,0
2024-11-01,2024,11,Nov,4,AIESEC in Lucknow,GTa,outgoing,oGTa,11,5,3,2,1,1,1
2024-11-01,2024,11,Nov,4,AIESEC in Lucknow,GTe,outgoing,oGTe,5,4,3,2,2,2,2
2024-11-01,2024,11,Nov,4,AIESEC in Lucknow,GV,outgoing,oGV,38,19,14,10,9,8,8
2024-11-01,2024,11,Nov,4,AIESEC in Manipal,GTa,incoming,iGTa,2,2,1,0,0,0,0
2024-11-01,2024,11,Nov,4,AIESEC in Manipal,GTe,incoming,iGTe,1,1,0,0,0,0,0
2024-11-01,2024,11,Nov,4,AIESEC in Manipal,GV,incoming,iGV,8,2,1,1,1,0,0
2024-11-01,2024,11,Nov,4,AIESEC in Manipal,GTa,outgoing,oGTa,11,8,4,4,4,4,4
2024-11-01,2024,11,Nov,4,AIESEC in Manipal,GTe,outgoing,oGTe,4,1,1,1,1,1,1
2024-11-01,2024,11,Nov,4,AIESEC in Manipal,GV,outgoing,oGV,14,3,2,0,0,0,0
2024-11-01,2024,11,Nov,4,AIESEC in Mumbai,GTa,incoming,iGTa,10,5,4,4,3,3,3
2024-11-01,2024,11,Nov,4,AIESEC in Mumbai,GTe,incoming,iGTe,1,0,0,0,0,0,0
2024-11-01,2024,11,Nov,4,AIESEC in Mumbai,GV,incoming,iGV,22,13,8,6,4,4,4
2024-11-01,2024,11,Nov,4,AIESEC in Mumbai,GTa,outgoing,oGTa,21,11,6,6,6,6,6
2024-11-01,2024,11,Nov,4,AIESEC in Mumbai,GTe,outgoing,oGTe,9,2,2,2,2,2,2
2024-11-01,2024,11,Nov,4,AIESEC in Mumbai,GV,outgoing,oGV,67,18,9,9,6,5,5
2024-11-01,2024,11,Nov,4,AIESEC in Nagpur,GTa,incoming,iGTa,3,2,2,2,1,1,1
2024-11-01,2024,11,Nov,4,AIESEC in Nagpur,GTe,incoming,iGTe,1,1,0,0,0,0,0
2024-11-01,2024,11,Nov,4,AIESEC in Nagpur,GV,incoming,iGV,5,3,2,1,1,1,1
2024-11-01,2024,11,Nov,4,AIESEC in Nagpur,GTa,outgoing,oGTa,13,7,6,5,4,4,4
2024-11-01,2024,11,Nov,4,AIESEC in Nagpur,GTe,outgoing,oGTe,2,1,1,1,1,1,1
2024-11-01,2024,11,Nov,4,AIESEC in Nagpur,GV,outgoing,oGV,21,7,7,5,4,4,4
2024-11-01,2024,11,Nov,4,AIESEC in Pune,GTa,incoming,iGTa,5,2,2,2,2,2,2
2024-11-01,2024,11,Nov,4,AIESEC in Pune,GTe,incoming,iGTe,5,1,0,0,0,0,0
2024-11-01,2024,11,Nov,4,AIESEC in Pune,GV,incoming,iGV,14,6,5,4,3,3,3
2024-11-01,2024,11,Nov,4,AIESEC in Pune,GTa,outgoing,oGTa,19,6,5,5,5,5,5
2024-11-01,2024,11,Nov,4,AIESEC in Pune,GTe,outgoing,oGTe,5,2,2,1,1,1,1
2024-11-01,2024,11,Nov,4,AIESEC in Pune,GV,outgoing,oGV,59,26,17,14,12,10,10
2024-11-01,2024,11,Nov,4,AIESEC in Surat,GTa,incoming,iGTa,2,0,0,0,0,0,0
2024-11-01,2024,11,Nov,4,AIESEC in Surat,GTe,incoming,iGTe,0,0,0,0,0,0,0
2024-11-01,2024,11,Nov,4,AIESEC in Surat,GV,incoming,iGV,5,1,0,0,0,0,0
2024-11-01,2024,11,Nov,4,AIESEC in Surat,GTa,outgoing,oGTa,16,9,7,6,4,4,4
2024-11-01,2024,11,Nov,4,AIESEC in Surat,GTe,outgoing,oGTe,4,2,1,1,1,1,1
2024-11-01,2024,11,Nov,4,AIESEC in Surat,GV,outgoing,oGV,22,12,8,6,5,4,2
2024-11-01,2024,11,Nov,4,AIESEC in Vellore,GTa,incoming,iGTa,1,0,0,0,0,0,0
2024-11-01,2024,11,Nov,4,AIESEC in Vellore,GTe,incoming,iGTe,2,0,0,0,0,0,0
2024-11-01,2024,11,Nov,4,AIESEC in Vellore,GV,incoming,iGV,7,4,3,3,0,0,0
2024-11-01,2024,11,Nov,4,AIESEC in Vellore,GTa,outgoing,oGTa,3,2,1,1,1,1,1
2024-11-01,2024,11,Nov,4,AIESEC in Vellore,GTe,outgoing,oGTe,1,0,0,0,0,0,0
2024-11-01,2024,11,Nov,4,AIESEC in Vellore,GV,outgoing,oGV,29,12,8,7,4,4,4
2024-12-01,2024,12,Dec,4,AIESEC in Ahmedabad,GTa,incoming,iGTa,3,0,0,0,0,0,0
2024-12-01,2024,12,Dec,4,AIESEC in Ahmedabad,GTe,incoming,iGTe,3,1,1,1,1,0,0
2024-12-01,2024,12,Dec,4,AIESEC in Ahmedabad,GV,incoming,iGV,10,2,1,1,1,1,1
2024-12-01,2024,12,Dec,4,AIESEC in Ahmedabad,GTa,outgoing,oGTa,12,5,3,3,3,3,3
2024-12-01,2024,12,Dec,4,AIESEC in Ahmedabad,GTe,outgoing,oGTe,6,2,2,2,2,1,1
2024-12-01,2024,12,Dec,4,AIESEC in Ahmedabad,GV,outgoing,oGV,24,11,10,9,5,4,3
2024-12-01,2024,12,Dec,4,AIESEC in Bangalore,GTa,incoming,iGTa,7,2,1,1,1,1,1
2024-12-01,2024,12,Dec,4,AIESEC in Bangalore,GTe,incoming,iGTe,1,1,0,0,0,0,0
2024-12-01,2024,12,Dec,4,AIESEC in Bangalore,GV,incoming,iGV,19,12,9,9,5,5,5
2024-12-01,2024,12,Dec,4,AIESEC in Bangalore,GTa,outgoing,oGTa,16,7,5,4,3,3,3
2024-12-01,2024,12,Dec,4,AIESEC in Bangalore,GTe,outgoing,oGTe,3,1,0,0,0,0,0
2024-12-01,2024,12,Dec,4,AIESEC in Bangalore,GV,outgoing,oGV,42,16,11,8,8,8,8
2024-12-01,2024,12,Dec,4,AIESEC in Bhubaneswar,GTa,incoming,iGTa,3,2,2,2,0,0,0
2024-12-01,2024,12,Dec,4,AIESEC in Bhubaneswar,GTe,incoming,iGTe,0,0,0,0,0,0,0
2024-12-01,2024,12,Dec,4,AIESEC in Bhubaneswar,GV,incoming,iGV,10,3,3,1,1,1,1
2024-12-01,2024,12,Dec,4,AIESEC in Bhubaneswar,GTa,outgoing,oGTa,9,4,2,2,2,2,2
2024-12-01,2024,12,Dec,4,AIESEC in Bhubaneswar,GTe,outgoing,oGTe,2,0,0,0,0,0,0
2024-12-01,2024,12,Dec,4,AIESEC in Bhubaneswar,GV,outgoing,oGV,26,16,6,4,4,4,4
2024-12-01,2024,12,Dec,4,AIESEC in Chandigarh,GTa,incoming,iGTa,4,2,1,0,0,0,0
2024-12-01,2024,12,Dec,4,AIESEC in Chandigarh,GTe,incoming,iGTe,0,0,0,0,0,0,0
2024-12-01,2024,12,Dec,4,AIESEC in Chandigarh,GV,incoming,iGV,11,5,4,4,3,3,3
2024-12-01,2024,12,Dec,4,AIESEC in Chandigarh,GTa,outgoing,oGTa,16,8,4,4,4,4,4
2024-12-01,2024,12,Dec,4,AIESEC in Chandigarh,GTe,outgoing,oGTe,4,0,0,0,0,0,0
2024-12-01,2024,12,Dec,4,AIESEC in Chandigarh,GV,outgoing,oGV,36,17,10,7,5,5,4
2024-12-01,2024,12,Dec,4,AIESEC in Chennai,GTa,incoming,iGTa,11,3,2,2,2,2,2
2024-12-01,2024,12,Dec,4,AIESEC in Chennai,GTe,incoming,iGTe,1,1,1,1,0,0,0
2024-12-01,2024,12,Dec,4,AIESEC in Chennai,GV,incoming,iGV,16,8,3,2,1,1,1
2024-12-01,2024,12,Dec,4,AIESEC in Chennai,GTa,outgoing,oGTa,23,14,12,12,10,10,9
2024-12-01,2024,12,Dec,4,AIESEC in Chennai,GTe,outgoing,oGTe,10,2,1,1,1,1,1
2024-12-01,2024,12,Dec,4,AIESEC in Chennai,GV,outgoing,oGV,60,27,22,19,14,14,14
2024-12-01,2024,12,Dec,4,AIESEC in Coimbatore,GTa,incoming,iGTa,2,1,1,1,1,1,1
2024-12-01,2024,12,Dec,4,AIESEC in Coimbatore,GTe,incoming,iGTe,0,0,0,0,0,0,0
2024-12-01,2024,12,Dec,4,AIESEC in Coimbatore,GV,incoming,iGV,12,5,3,1,1,1,1
2024-12-01,2024,12,Dec,4,AIESEC in Coimbatore,GTa,outgoing,oGTa,8,4,3,2,2,2,2
2024-12-01,2024,12,Dec,4,AIESEC in Coimbatore,GTe,outgoing,oGTe,2,0,0,0,0,0,0
2024-12-01,2024,12,Dec,4,AIESEC in Coimbatore,GV,outgoing,oGV,28,9,7,7,3,3,2
2024-12-01,2024,12,Dec,4,AIESEC in Delhi IIT,GTa,incoming,iGTa,22,8,7,6,5,5,5
2024-12-01,2024,12,Dec,4,AIESEC in Delhi IIT,GTe,incoming,iGTe,3,2,2,2,0,0,0
2024-12-01,2024,12,Dec,4,AIESEC in Delhi IIT,GV,incoming,iGV,48,19,14,12,8,8,6
2024-12-01,2024,12,Dec,4,AIESEC in Delhi IIT,GTa,outgoing,oGTa,53,22,19,18,17,15,15
2024-12-01,2024,12,Dec,4,AIESEC in Delhi IIT,GTe,outgoing,oGTe,22,10,8,7,5,5,5
2024-12-01,2024,12,Dec,4,AIESEC in Delhi IIT,GV,outgoing,oGV,184,75,55,47,36,35,33
2024-12-01,2024,12,Dec,4,AIESEC in Delhi University,GTa,incoming,iGTa,19,4,4,4,3,3,3
2024-12-01,2024,12,Dec,4,AIESEC in Delhi University,GTe,incoming,iGTe,2,2,1,1,1,1,1
2024-12-01,2024,12,Dec,4,AIESEC in Delhi University,GV,incoming,iGV,35,13,8,7,6,6,4
2024-12-01,2024,12,Dec,4,AIESEC in Delhi University,GTa,outgoing,oGTa,48,23,20,17,11,11,9
2024-12-01,2024,12,Dec,4,AIESEC in Delhi University,GTe,outgoing,oGTe,14,7,5,5,4,4,3
2024-12-01,2024,12,Dec,4,AIESEC in Delhi University,GV,outgoing,oGV,108,47,27,21,11,11,8
2024-12-01,2024,12,Dec,4,AIESEC in Hyderabad,GTa,incoming,iGTa,11,3,3,3,2,2,2
2024-12-01,2024,12,Dec,4,AIESEC in Hyderabad,GTe,incoming,iGTe,1,1,1,1,1,1,1
2024-12-01,2024,12,Dec,4,AIESEC in Hyderabad,GV,incoming,iGV,15,7,6,5,5,4,3
2024-12-01,2024,12,Dec,4,AIESEC in Hyderabad,GTa,outgoing,oGTa,16,6,5,5,4,4,3
2024-12-01,2024,12,Dec,4,AIESEC in Hyderabad,GTe,outgoing,oGTe,11,6,4,3,3,3,3
2024-12-01,2024,12,Dec,4,AIESEC in Hyderabad,GV,outgoing,oGV,50,19,12,10,8,7,7
2024-12-01,2024,12,Dec,4,AIESEC in Indore,GTa,incoming,iGTa,3,3,1,1,1,1,1
2024-12-01,2024,12,Dec,4,AIESEC in Indore,GTe,incoming,iGTe,1,0,0,0,0,0,0
2024-12-01,2024,12,Dec,4,AIESEC in Indore,GV,incoming,iGV,8,4,3,2,2,2,1
2024-12-01,2024,12,Dec,4,AIESEC in Indore,GTa,outgoing,oGTa,16,8,6,6,5,5,5
2024-12-01,2024,12,Dec,4,AIESEC in Indore,GTe,outgoing,oGTe,5,2,2,2,1,1,1
2024-12-01,2024,12,Dec,4,AIESEC in Indore,GV,outgoing,oGV,29,15,12,8,7,7,7
2024-12-01,2024,12,Dec,4,AIESEC in Jaipur,GTa,incoming,iGTa,5,2,1,0,0,0,0
2024-12-01,2024,12,Dec,4,AIESEC in Jaipur,GTe,incoming,iGTe,0,0,0,0,0,0,0
2024-12-01,2024,12,Dec,4,AIESEC in Jaipur,GV,incoming,iGV,7,3,3,2,2,2,2
2024-12-01,2024,12,Dec,4,AIESEC in Jaipur,GTa,outgoing,oGTa,13,7,5,5,5,5,5
2024-12-01,2024,12,Dec,4,AIESEC in Jaipur,GTe,outgoing,oGTe,2,0,0,0,0,0,0
2024-12-01,2024,12,Dec,4,AIESEC in Jaipur,GV,outgoing,oGV,27,13,11,8,8,8,7
2024-12-01,2024,12,Dec,4,AIESEC in Kochi,GTa,incoming,iGTa,3,1,1,1,1,1,1
2024-12-01,2024,12,Dec,4,AIESEC in Kochi,GTe,incoming,iGTe,1,1,1,0,0,0,0
2024-12-01,2024,12,Dec,4,AIESEC in Kochi,GV,incoming,iGV,11,7,1,0,0,0,0
2024-12-01,2024,12,Dec,4,AIESEC in Kochi,GTa,outgoing,oGTa,5,2,2,2,2,2,2
2024-12-01,2024,12,Dec,4,AIESEC in Kochi,GTe,outgoing,oGTe,5,3,2,1,1,1,1
2024-12-01,2024,12,Dec,4,AIESEC in Kochi,GV,outgoing,oGV,19,11,9,6,4,4,4
2024-12-01,2024,12,Dec,4,AIESEC in Kolkata,GTa,incoming,iGTa,3,2,2,2,2,2,2
2024-12-01,2024,12,Dec,4,AIESEC in Kolkata,GTe,incoming,iGTe,2,2,1,1,1,1,1
2024-12-01,2024,12,Dec,4,AIESEC in Kolkata,GV,incoming,iGV,15,6,4,4,4,2,2
2024-12-01,2024,12,Dec,4,AIESEC in Kolkata,GTa,outgoing,oGTa,11,1,1,1,0,0,0
2024-12-01,2024,12,Dec,4,AIESEC in Kolkata,GTe,outgoing,oGTe,9,7,7,6,6,6,6
2024-12-01,2024,12,Dec,4,AIESEC in Kolkata,GV,outgoing,oGV,54,23,18,18,13,13,12
2024-12-01,2024,12,Dec,4,AIESEC in Lucknow,GTa,incoming,iGTa,4,3,2,2,1,1,1
2024-12-01,2024,12,Dec,4,AIESEC in Lucknow,GTe,incoming,iGTe,1,1,1,0,0,0,0
2024-12-01,2024,12,Dec,4,AIESEC in Lucknow,GV,incoming,iGV,13,7,5,4,2,2,1
2024-12-01,2024,12,Dec,4,AIESEC in Lucknow,GTa,outgoing,oGTa,15,4,4,4,4,4,4
2024-12-01,2024,12,Dec,4,AIESEC in Lucknow,GTe,outgoing,oGTe,7,3,2,2,2,2,2
2024-12-01,2024,12,Dec,4,AIESEC in Lucknow,GV,outgoing,oGV,24,7,4,3,3,3,3
2024-12-01,2024,12,Dec,4,AIESEC in Manipal,GTa,incoming,iGTa,4,0,0,0,0,0,0
2024-12-01,2024,12,Dec,4,AIESEC in Manipal,GTe,incoming,iGTe,6,3,1,1,0,0,0
2024-12-01,2024,12,Dec,4,AIESEC in Manipal,GV,incoming,iGV,10,3,1,0,0,0,0
2024-12-01,2024,12,Dec,4,AIESEC in Manipal,GTa,outgoing,oGTa,9,4,3,3,3,3,3
2024-12-01,2024,12,Dec,4,AIESEC in Manipal,GTe,outgoing,oGTe,5,3,0,0,0,0,0
2024-12-01,2024,12,Dec,4,AIESEC in Manipal,GV,outgoing,oGV,28,14,9,8,4,4,3
2024-12-01,2024,12,Dec,4,AIESEC in Mumbai,GTa,incoming,iGTa,5,3,2,2,1,1,1
2024-12-01,2024,12,Dec,4,AIESEC in Mumbai,GTe,incoming,iGTe,7,5,4,3,3,3,2
2024-12-01,2024,12,Dec,4,AIESEC in Mumbai,GV,incoming,iGV,25,10,6,5,3,3,3
2024-12-01,2024,12,Dec,4,AIESEC in Mumbai,GTa,outgoing,oGTa,33,15,10,7,5,4,4
2024-12-01,2024,12,Dec,4,AIESEC in Mumbai,GTe,outgoing,oGTe,13,7,5,5,4,4,4
2024-12-01,2024,12,Dec,4,AIESEC in Mumbai,GV,outgoing,oGV,95,39,24,17,12,11,11
2024-12-01,2024,12,Dec,4,AIESEC in Nagpur,GTa,incoming,iGTa,5,2,2,2,2,2,2
2024-12-01,2024,12,Dec,4,AIESEC in Nagpur,GTe,incoming,iGTe,2,2,0,0,0,0,0
2024-12-01,2024,12,Dec,4,AIESEC in Nagpur,GV,incoming,iGV,7,2,2,2,1,1,1
2024-12-01,2024,12,Dec,4,AIESEC in Nagpur,GTa,outgoing,oGTa,9,3,3,2,2,2,2
2024-12-01,2024,12,Dec,4,AIESEC in Nagpur,GTe,outgoing,oGTe,2,1,0,0,0,0,0
2024-12-01,2024,12,Dec,4,AIESEC in Nagpur,GV,outgoing,oGV,26,13,5,5,3,3,3
2024-12-01,2024,12,Dec,4,AIESEC in Pune,GTa,incoming,iGTa,9,5,3,3,3,3,3
2024-12-01,2024,12,Dec,4,AIESEC in Pune,GTe,incoming,iGTe,4,3,3,1,1,1,1
2024-12-01,2024,12,Dec,4,AIESEC in Pune,GV,incoming,iGV,17,8,2,2,0,0,0
2024-12-01,2024,12,Dec,4,AIESEC in Pune,GTa,outgoing,oGTa,27,11,8,6,6,6,6
2024-12-01,2024,12,Dec,4,AIESEC in Pune,GTe,outgoing,oGTe,9,6,4,3,1,1,1
2024-12-01,2024,12,Dec,4,AIESEC in Pune,GV,outgoing,oGV,94,41,30,23,17,17,16
2024-12-01,2024,12,Dec,4,AIESEC in Surat,GTa,incoming,iGTa,0,0,0,0,0,0,0
2024-12-01,2024,12,Dec,4,AIESEC in Surat,GTe,incoming,iGTe,1,0,0,0,0,0,0
2024-12-01,2024,12,Dec,4,AIESEC in Surat,GV,incoming,iGV,11,1,1,0,0,0,0
2024-12-01,2024,12,Dec,4,AIESEC in Surat,GTa,outgoing,oGTa,6,1,1,1,0,0,0
2024-12-01,2024,12,Dec,4,AIESEC in Surat,GTe,outgoing,oGTe,5,1,0,0,0,0,0
2024-12-01,2024,12,Dec,4,AIESEC in Surat,GV,outgoing,oGV,37,19,15,12,7,7,7
2024-12-01,2024,12,Dec,4,AIESEC in Vellore,GTa,incoming,iGTa,3,0,0,0,0,0,0
2024-12-01,2024,12,Dec,4,AIESEC in Vellore,GTe,incoming,iGTe,1,0,0,0,0,0,0
2024-12-01,2024,12,Dec,4,AIESEC in Vellore,GV,incoming,iGV,8,3,3,2,1,1,0
2024-12-01,2024,12,Dec,4,AIESEC in Vellore,GTa,outgoing,oGTa,10,6,5,5,5,5,5
2024-12-01,2024,12,Dec,4,AIESEC in Vellore,GTe,outgoing,oGTe,0,0,0,0,0,0,0
2024-12-01,2024,12,Dec,4,AIESEC in Vellore,GV,outgoing,oGV,23,10,6,6,6,6,3
2025-01-01,2025,1,Jan,1,AIESEC in Ahmedabad,GTa,incoming,iGTa,2,2,2,2,2,2,2
2025-01-01,2025,1,Jan,1,AIESEC in Ahmedabad,GTe,incoming,iGTe,1,0,0,0,0,0,0
2025-01-01,2025,1,Jan,1,AIESEC in Ahmedabad,GV,incoming,iGV,12,4,4,4,3,3,3
2025-01-01,2025,1,Jan,1,AIESEC in Ahmedabad,GTa,outgoing,oGTa,4,3,3,3,3,3,3
2025-01-01,2025,1,Jan,1,AIESEC in Ahmedabad,GTe,outgoing,oGTe,1,0,0,0,0,0,0
2025-01-01,2025,1,Jan,1,AIESEC in Ahmedabad,GV,outgoing,oGV,35,17,12,12,9,9,9
2025-01-01,2025,1,Jan,1,AIESEC in Bangalore,GTa,incoming,iGTa,4,1,1,1,1,1,0
2025-01-01,2025,1,Jan,1,AIESEC in Bangalore,GTe,incoming,iGTe,0,0,0,0,0,0,0
2025-01-01,2025,1,Jan,1,AIESEC in Bangalore,GV,incoming,iGV,21,9,5,4,1,1,1
2025-01-01,2025,1,Jan,1,AIESEC in Bangalore,GTa,outgoing,oGTa,16,6,5,4,3,3,3
2025-01-01,2025,1,Jan,1,AIESEC in Bangalore,GTe,outgoing,oGTe,4,2,1,1,1,1,1
2025-01-01,2025,1,Jan,1,AIESEC in Bangalore,GV,outgoing,oGV,39,14,12,12,9,8,8
2025-01-01,2025,1,Jan,1,AIESEC in Bhubaneswar,GTa,incoming,iGTa,2,1,1,1,1,1,1
2025-01-01,2025,1,Jan,1,AIESEC in Bhubaneswar,GTe,incoming,iGTe,1,0,0,0,0,0,0
2025-01-01,2025,1,Jan,1,AIESEC in Bhubaneswar,GV,incoming,iGV,13,10,7,7,6,3,2
2025-01-01,2025,1,Jan,1,AIESEC in Bhubaneswar,GTa,outgoing,oGTa,8,4,1,1,1,0,0
2025-01-01,2025,1,Jan,1,AIESEC in Bhubaneswar,GTe,outgoing,oGTe,3,1,1,1,1,1,1
2025-01-01,2025,1,Jan,1,AIESEC in Bhubaneswar,GV,outgoing,oGV,20,5,4,1,0,0,0
2025-01-01,2025,1,Jan,1,AIESEC in Chandigarh,GTa,incoming,iGTa,3,2,1,1,1,1,1
2025-01-01,2025,1,Jan,1,AIESEC in Chandigarh,GTe,incoming,iGTe,2,0,0,0,0,0,0
2025-01-01,2025,1,Jan,1,AIESEC in Chandigarh,GV,incoming,iGV,13,4,2,0,0,0,0
2025-01-01,2025,1,Jan,1,AIESEC in Chandigarh,GTa,outgoing,oGTa,5,2,2,2,2,2,1
2025-01-01,2025,1,Jan,1,AIESEC in Chandigarh,GTe,outgoing,oGTe,0,0,0,0,0,0,0
2025-01-01,2025,1,Jan,1,AIESEC in Chandigarh,GV,outgoing,oGV,33,18,14,14,10,10,10
2025-01-01,2025,1,Jan,1,AIESEC in Chennai,GTa,incoming,iGTa,11,5,4,4,3,3,3
2025-01-01,2025,1,Jan,1,AIESEC in Chennai,GTe,incoming,iGTe,1,0,0,0,0,0,0
2025-01-01,2025,1,Jan,1,AIESEC in Chennai,GV,incoming,iGV,14,5,4,4,3,3,3
2025-01-01,2025,1,Jan,1,AIESEC in Chennai,GTa,outgoing,oGTa,20,10,9,8,8,8,8
2025-01-01,2025,1,Jan,1,AIESEC in Chennai,GTe,outgoing,oGTe,4,0,0,0,0,0,0
2025-01-01,2025,1,Jan,1,AIESEC in Chennai,GV,outgoing,oGV,36,16,12,10,6,6,6
2025-01-01,2025,1,Jan,1,AIESEC in Coimbatore,GTa,incoming,iGTa,1,0,0,0,0,0,0
2025-01-01,2025,1,Jan,1,AIESEC in Coimbatore,GTe,incoming,iGTe,2,0,0,0,0,0,0
2025-01-01,2025,1,Jan,1,AIESEC in Coimbatore,GV,incoming,iGV,7,1,1,0,0,0,0
2025-01-01,2025,1,Jan,1,AIESEC in Coimbatore,GTa,outgoing,oGTa,6,3,3,3,3,3,3
2025-01-01,2025,1,Jan,1,AIESEC in Coimbatore,GTe,outgoing,oGTe,5,2,2,2,2,2,2
2025-01-01,2025,1,Jan,1,AIESEC in Coimbatore,GV,outgoing,oGV,30,13,9,8,6,6,6
2025-01-01,2025,1,Jan,1,AIESEC in Delhi IIT,GTa,incoming,iGTa,23,10,7,6,5,5,5
2025-01-01,2025,1,Jan,1,AIESEC in Delhi IIT,GTe,incoming,iGTe,11,3,2,2,2,2,2
2025-01-01,2025,1,Jan,1,AIESEC in Delhi IIT,GV,incoming,iGV,67,26,20,11,10,10,6
2025-01-01,2025,1,Jan,1,AIESEC in Delhi IIT,GTa,outgoing,oGTa,52,23,18,17,16,16,15
2025-01-01,2025,1,Jan,1,AIESEC in Delhi IIT,GTe,outgoing,oGTe,14,6,5,5,4,4,4
2025-01-01,2025,1,Jan,1,AIESEC in Delhi IIT,GV,outgoing,oGV,161,64,47,41,34,33,32
2025-01-01,2025,1,Jan,1,AIESEC in Delhi University,GTa,incoming,iGTa,8,1,0,0,0,0,0
2025-01-01,2025,1,Jan,1,AIESEC in Delhi University,GTe,incoming,iGTe,3,3,0,0,0,0,0
2025-01-01,2025,1,Jan,1,AIESEC in Delhi University,GV,incoming,iGV,35,13,8,8,4,4,4
2025-01-01,2025,1,Jan,1,AIESEC in Delhi University,GTa,outgoing,oGTa,28,10,9,9,8,8,8
2025-01-01,2025,1,Jan,1,AIESEC in Delhi University,GTe,outgoing,oGTe,8,4,3,2,1,1,1
2025-01-01,2025,1,Jan,1,AIESEC in Delhi University,GV,outgoing,oGV,101,58,40,36,24,24,22
2025-01-01,2025,1,Jan,1,AIESEC in Hyderabad,GTa,incoming,iGTa,0,0,0,0,0,0,0
2025-01-01,2025,1,Jan,1,AIESEC in Hyderabad,GTe,incoming,iGTe,1,0,0,0,0,0,0
2025-01-01,2025,1,Jan,1,AIESEC in Hyderabad,GV,incoming,iGV,10,1,0,0,0,0,0
2025-01-01,2025,1,Jan,1,AIESEC in Hyderabad,GTa,outgoing,oGTa,10,3,3,3,3,3,3
2025-01-01,2025,1,Jan,1,AIESEC in Hyderabad,GTe,outgoing,oGTe,3,2,1,1,1,1,1
2025-01-01,2025,1,Jan,1,AIESEC in Hyderabad,GV,outgoing,oGV,42,20,13,8,3,3,3
2025-01-01,2025,1,Jan,1,AIESEC in Indore,GTa,incoming,iGTa,3,0,0,0,0,0,0
2025-01-01,2025,1,Jan,1,AIESEC in Indore,GTe,incoming,iGTe,2,0,0,0,0,0,0
2025-01-01,2025,1,Jan,1,AIESEC in Indore,GV,incoming,iGV,9,4,3,1,1,1,1
2025-01-01,2025,1,Jan,1,AIESEC in Indore,GTa,outgoing,oGTa,9,3,3,3,3,3,3
2025-01-01,2025,1,Jan,1,AIESEC in Indore,GTe,outgoing,oGTe,5,4,2,1,1,1,1
2025-01-01,2025,1,Jan,1,AIESEC in Indore,GV,outgoing,oGV,29,11,6,5,4,4,3
2025-01-01,2025,1,Jan,1,AIESEC in Jaipur,GTa,incoming,iGTa,4,2,2,2,2,2,2
2025-01-01,2025,1,Jan,1,AIESEC in Jaipur,GTe,incoming,iGTe,1,1,0,0,0,0,0
2025-01-01,2025,1,Jan,1,AIESEC in Jaipur,GV,incoming,iGV,14,3,3,1,1,1,1
2025-01-01,2025,1,Jan,1,AIESEC in Jaipur,GTa,outgoing,oGTa,10,7,4,2,2,2,2
2025-01-01,2025,1,Jan,1,AIESEC in Jaipur,GTe,outgoing,oGTe,0,0,0,0,0,0,0
2025-01-01,2025,1,Jan,1,AIESEC in Jaipur,GV,outgoing,oGV,40,16,10,9,9,9,8
2025-01-01,2025,1,Jan,1,AIESEC in Kochi,GTa,incoming,iGTa,0,0,0,0,0,0,0
2025-01-01,2025,1,Jan,1,AIESEC in Kochi,GTe,incoming,iGTe,0,0,0,0,0,0,0
2025-01-01,2025,1,Jan,1,AIESEC in Kochi,GV,incoming,iGV,10,6,4,4,3,2,1
2025-01-01,2025,1,Jan,1,AIESEC in Kochi,GTa,outgoing,oGTa,10,6,2,2,2,2,2
2025-01-01,2025,1,Jan,1,AIESEC in Kochi,GTe,outgoing,oGTe,3,3,3,3,2,2,2
2025-01-01,2025,1,Jan,1,AIESEC in Kochi,GV,outgoing,oGV,13,9,6,6,6,6,5
2025-01-01,2025,1,Jan,1,AIESEC in Kolkata,GTa,incoming,iGTa,6,4,3,3,2,2,2
2025-01-01,2025,1,Jan,1,AIESEC in Kolkata,GTe,incoming,iGTe,0,0,0,0,0,0,0
2025-01-01,2025,1,Jan,1,AIESEC in Kolkata,GV,incoming,iGV,10,2,1,1,0,0,0
2025-01-01,2025,1,Jan,1,AIESEC in Kolkata,GTa,outgoing,oGTa,12,5,4,4,4,3,3
2025-01-01,2025,1,Jan,1,AIESEC in Kolkata,GTe,outgoing,oGTe,4,3,3,3,3,3,3
2025-01-01,2025,1,Jan,1,AIESEC in Kolkata,GV,outgoing,oGV,33,14,8,8,7,7,6
2025-01-01,2025,1,Jan,1,AIESEC in Lucknow,GTa,incoming,iGTa,4,2,1,1,1,1,1
2025-01-01,2025,1,Jan,1,AIESEC in Lucknow,GTe,incoming,iGTe,0,0,0,0,0,0,0
2025-01-01,2025,1,Jan,1,AIESEC in Lucknow,GV,incoming,iGV,7,3,3,3,3,3,3
2025-01-01,2025,1,Jan,1,AIESEC in Lucknow,GTa,outgoing,oGTa,19,13,9,7,6,6,5
2025-01-01,2025,1,Jan,1,AIESEC in Lucknow,GTe,outgoing,oGTe,9,3,1,0,0,0,0
2025-01-01,2025,1,Jan,1,AIESEC in Lucknow,GV,outgoing,oGV,24,8,5,4,3,3,3
2025-01-01,2025,1,Jan,1,AIESEC in Manipal,GTa,incoming,iGTa,1,0,0,0,0,0,0
2025-01-01,2025,1,Jan,1,AIESEC in Manipal,GTe,incoming,iGTe,0,0,0,0,0,0,0
2025-01-01,2025,1,Jan,1,AIESEC in Manipal,GV,incoming,iGV,12,4,3,3,2,1,1
2025-01-01,2025,1,Jan,1,AIESEC in Manipal,GTa,outgoing,oGTa,10,5,4,3,3,3,3
2025-01-01,2025,1,Jan,1,AIESEC in Manipal,GTe,outgoing,oGTe,2,2,2,2,2,2,2
2025-01-01,2025,1,Jan,1,AIESEC in Manipal,GV,outgoing,oGV,20,5,4,3,3,3,3
2025-01-01,2025,1,Jan,1,AIESEC in Mumbai,GTa,incoming,iGTa,11,4,3,2,1,1,1
2025-01-01,2025,1,Jan,1,AIESEC in Mumbai,GTe,incoming,iGTe,0,0,0,0,0,0,0
2025-01-01,2025,1,Jan,1,AIESEC in Mumbai,GV,incoming,iGV,32,13,9,4,3,3,2
2025-01-01,2025,1,Jan,1,AIESEC in Mumbai,GTa,outgoing,oGTa,26,15,9,9,7,7,7
2025-01-01,2025,1,Jan,1,AIESEC in Mumbai,GTe,outgoing,oGTe,5,1,1,1,1,1,1
2025-01-01,2025,1,Jan,1,AIESEC in Mumbai,GV,outgoing,oGV,59,27,20,18,15,15,15
2025-01-01,2025,1,Jan,1,AIESEC in Nagpur,GTa,incoming,iGTa,6,3,3,3,3,3,3
2025-01-01,2025,1,Jan,1,AIESEC in Nagpur,GTe,incoming,iGTe,0,0,0,0,0,0,0
2025-01-01,2025,1,Jan,1,AIESEC in Nagpur,GV,incoming,iGV,8,4,3,1,1,1,1
2025-01-01,2025,1,Jan,1,AIESEC in Nagpur,GTa,outgoing,oGTa,9,2,2,2,2,2,2
2025-01-01,2025,1,Jan,1,AIESEC in Nagpur,GTe,outgoing,oGTe,4,2,0,0,0,0,0
2025-01-01,2025,1,Jan,1,AIESEC in Nagpur,GV,outgoing,oGV,26,15,11,10,7,7,6
2025-01-01,2025,1,Jan,1,AIESEC in Pune,GTa,incoming,iGTa,6,3,3,2,1,1,1
2025-01-01,2025,1,Jan,1,AIESEC in Pune,GTe,incoming,iGTe,4,3,2,2,1,1,1
2025-01-01,2025,1,Jan,1,AIESEC in Pune,GV,incoming,iGV,23,9,7,7,7,7,7
2025-01-01,2025,1,Jan,1,AIESEC in Pune,GTa,outgoing,oGTa,29,21,16,12,10,8,8
2025-01-01,2025,1,Jan,1,AIESEC in Pune,GTe,outgoing,oGTe,3,2,2,2,2,2,2
2025-01-01,2025,1,Jan,1,AIESEC in Pune,GV,outgoing,oGV,58,25,17,16,14,14,14
2025-01-01,2025,1,Jan,1,AIESEC in Surat,GTa,incoming,iGTa,1,0,0,0,0,0,0
2025-01-01,2025,1,Jan,1,AIESEC in Surat,GTe,incoming,iGTe,0,0,0,0,0,0,0
2025-01-01,2025,1,Jan,1,AIESEC in Surat,GV,incoming,iGV,15,6,4,3,1,1,1
2025-01-01,2025,1,Jan,1,AIESEC in Surat,GTa,outgoing,oGTa,14,4,3,2,1,1,1
2025-01-01,2025,1,Jan,1,AIESEC in Surat,GTe,outgoing,oGTe,1,0,0,0,0,0,0
2025-01-01,2025,1,Jan,1,AIESEC in Surat,GV,outgoing,oGV,14,9,7,6,6,6,6
2025-01-01,2025,1,Jan,1,AIESEC in Vellore,GTa,incoming,iGTa,1,0,0,0,0,0,0
2025-01-01,2025,1,Jan,1,AIESEC in Vellore,GTe,incoming,iGTe,0,0,0,0,0,0,0
2025-01-01,2025,1,Jan,1,AIESEC in Vellore,GV,incoming,iGV,6,3,2,2,2,2,2
2025-01-01,2025,1,Jan,1,AIESEC in Vellore,GTa,outgoing,oGTa,8,4,3,3,3,3,3
2025-01-01,2025,1,Jan,1,AIESEC in Vellore,GTe,outgoing,oGTe,0,0,0,0,0,0,0
2025-01-01,2025,1,Jan,1,AIESEC in Vellore,GV,outgoing,oGV,16,3,2,1,0,0,0
2025-02-01,2025,2,Feb,1,AIESEC in Ahmedabad,GTa,incoming,iGTa,3,3,2,2,1,1,1
2025-02-01,2025,2,Feb,1,AIESEC in Ahmedabad,GTe,incoming,iGTe,1,0,0,0,0,0,0
2025-02-01,2025,2,Feb,1,AIESEC in Ahmedabad,GV,incoming,iGV,5,2,2,2,2,2,1
2025-02-01,2025,2,Feb,1,AIESEC in Ahmedabad,GTa,outgoing,oGTa,2,1,1,1,1,1,1
2025-02-01,2025,2,Feb,1,AIESEC in Ahmedabad,GTe,outgoing,oGTe,3,1,1,0,0,0,0
2025-02-01,2025,2,Feb,1,AIESEC in Ahmedabad,GV,outgoing,oGV,16,5,4,4,4,2,1
2025-02-01,2025,2,Feb,1,AIESEC in Bangalore,GTa,incoming,iGTa,4,2,2,2,2,2,2
2025-02-01,2025,2,Feb,1,AIESEC in Bangalore,GTe,incoming,iGTe,0,0,0,0,0,0,0
2025-02-01,2025,2,Feb,1,AIESEC in Bangalore,GV,incoming,iGV,5,4,1,0,0,0,0
2025-02-01,2025,2,Feb,1,AIESEC in Bangalore,GTa,outgoing,oGTa,10,6,5,4,4,4,4
2025-02-01,2025,2,Feb,1,AIESEC in Bangalore,GTe,outgoing,oGTe,5,3,2,1,1,0,0
2025-02-01,2025,2,Feb,1,AIESEC in Bangalore,GV,outgoing,oGV,31,11,9,7,6,6,6
2025-02-01,2025,2,Feb,1,AIESEC in Bhubaneswar,GTa,incoming,iGTa,4,0,0,0,0,0,0
2025-02-01,2025,2,Feb,1,AIESEC in Bhubaneswar,GTe,incoming,iGTe,0,0,0,0,0,0,0
2025-02-01,2025,2,Feb,1,AIESEC in Bhubaneswar,GV,incoming,iGV,7,4,3,2,2,2,2
2025-02-01,2025,2,Feb,1,AIESEC in Bhubaneswar,GTa,outgoing,oGTa,4,2,2,2,2,2,2
2025-02-01,2025,2,Feb,1,AIESEC in Bhubaneswar,GTe,outgoing,oGTe,3,0,0,0,0,0,0
2025-02-01,2025,2,Feb,1,AIESEC in Bhubaneswar,GV,outgoing,oGV,25,9,8,5,5,5,5
2025-02-01,2025,2,Feb,1,AIESEC in Chandigarh,GTa,incoming,iGTa,2,0,0,0,0,0,0
2025-02-01,2025,2,Feb,1,AIESEC in Chandigarh,GTe,incoming,iGTe,0,0,0,0,0,0,0
2025-02-01,2025,2,Feb,1,AIESEC in Chandigarh,GV,incoming,iGV,7,4,3,2,0,0,0
2025-02-01,2025,2,Feb,1,AIESEC in Chandigarh,GTa,outgoing,oGTa,13,6,5,5,5,5,4
2025-02-01,2025,2,Feb,1,AIESEC in Chandigarh,GTe,outgoing,oGTe,1,0,0,0,0,0,0
2025-02-01,2025,2,Feb,1,AIESEC in Chandigarh,GV,outgoing,oGV,21,6,5,4,3,3,3
2025-02-01,2025,2,Feb,1,AIESEC in Chennai,GTa,incoming,iGTa,4,0,0,0,0,0,0
2025-02-01,2025,2,Feb,1,AIESEC in Chennai,GTe,incoming,iGTe,2,0,0,0,0,0,0
2025-02-01,2025,2,Feb,1,AIESEC in Chennai,GV,incoming,iGV,13,5,5,4,3,3,3
2025-02-01,2025,2,Feb,1,AIESEC in Chennai,GTa,outgoing,oGTa,10,5,5,5,5,5,5
2025-02-01,2025,2,Feb,1,AIESEC in Chennai,GTe,outgoing,oGTe,7,3,2,1,0,0,0
2025-02-01,2025,2,Feb,1,AIESEC in Chennai,GV,outgoing,oGV,36,16,11,9,8,8,8
2025-02-01,2025,2,Feb,1,AIESEC in Coimbatore,GTa,incoming,iGTa,5,2,1,1,1,1,1
2025-02-01,2025,2,Feb,1,AIESEC in Coimbatore,GTe,incoming,iGTe,2,2,1,1,1,1,1
2025-02-01,2025,2,Feb,1,AIESEC in Coimbatore,GV,incoming,iGV,6,4,3,2,2,1,1
2025-02-01,2025,2,Feb,1,AIESEC in Coimbatore,GTa,outgoing,oGTa,5,2,2,2,2,2,2
2025-02-01,2025,2,Feb,1,AIESEC in Coimbatore,GTe,outgoing,oGTe,3,0,0,0,0,0,0
2025-02-01,2025,2,Feb,1,AIESEC in Coimbatore,GV,outgoing,oGV,15,5,4,3,3,3,3
2025-02-01,2025,2,Feb,1,AIESEC in Delhi IIT,GTa,incoming,iGTa,9,2,2,2,2,2,2
2025-02-01,2025,2,Feb,1,AIESEC in Delhi IIT,GTe,incoming,iGTe,4,1,1,1,1,1,1
2025-02-01,2025,2,Feb,1,AIESEC in Delhi IIT,GV,incoming,iGV,41,18,14,12,11,9,8
2025-02-01,2025,2,Feb,1,AIESEC in Delhi IIT,GTa,outgoing,oGTa,33,14,12,12,10,10,10
2025-02-01,2025,2,Feb,1,AIESEC in Delhi IIT,GTe,outgoing,oGTe,11,7,6,5,3,3,2
2025-02-01,2025,2,Feb,1,AIESEC in Delhi IIT,GV,outgoing,oGV,119,46,34,34,26,22,20
2025-02-01,2025,2,Feb,1,AIESEC in Delhi University,GTa,incoming,iGTa,6,3,2,1,1,1,1
2025-02-01,2025,2,Feb,1,AIESEC in Delhi University,GTe,incoming,iGTe,2,2,2,2,1,1,1
2025-02-01,2025,2,Feb,1,AIESEC in Delhi University,GV,incoming,iGV,23,9,7,5,4,3,3
2025-02-01,2025,2,Feb,1,AIESEC in Delhi University,GTa,outgoing,oGTa,13,7,4,4,3,3,3
2025-02-01,2025,2,Feb,1,AIESEC in Delhi University,GTe,outgoing,oGTe,3,3,1,1,1,1,1
2025-02-01,2025,2,Feb,1,AIESEC in Delhi University,GV,outgoing,oGV,64,33,25,23,22,22,22
2025-02-01,2025,2,Feb,1,AIESEC in Hyderabad,GTa,incoming,iGTa,3,1,1,1,1,1,0
2025-02-01,2025,2,Feb,1,AIESEC in Hyderabad,GTe,incoming,iGTe,2,0,0,0,0,0,0
2025-02-01,2025,2,Feb,1,AIESEC in Hyderabad,GV,incoming,iGV,12,1,1,0,0,0,0
2025-02-01,2025,2,Feb,1,AIESEC in Hyderabad,GTa,outgoing,oGTa,12,7,7,6,6,6,6
2025-02-01,2025,2,Feb,1,AIESEC in Hyderabad,GTe,outgoing,oGTe,2,1,1,1,1,1,1
2025-02-01,2025,2,Feb,1,AIESEC in Hyderabad,GV,outgoing,oGV,17,11,7,6,4,4,4
2025-02-01,2025,2,Feb,1,AIESEC in Indore,GTa,incoming,iGTa,4,3,2,2,1,1,1
2025-02-01,2025,2,Feb,1,AIESEC in Indore,GTe,incoming,iGTe,0,0,0,0,0,0,0
2025-02-01,2025,2,Feb,1,AIESEC in Indore,GV,incoming,iGV,11,3,2,2,0,0,0
2025-02-01,2025,2,Feb,1,AIESEC in Indore,GTa,outgoing,oGTa,7,5,3,2,1,1,1
2025-02-01,2025,2,Feb,1,AIESEC in Indore,GTe,outgoing,oGTe,2,2,0,0,0,0,0
2025-02-01,2025,2,Feb,1,AIESEC in Indore,GV,outgoing,oGV,21,8,6,5,5,5,5
2025-02-01,2025,2,Feb,1,AIESEC in Jaipur,GTa,incoming,iGTa,0,0,0,0,0,0,0
2025-02-01,2025,2,Feb,1,AIESEC in Jaipur,GTe,incoming,iGTe,1,0,0,0,0,0,0
2025-02-01,2025,2,Feb,1,AIESEC in Jaipur,GV,incoming,iGV,3,1,0,0,0,0,0
2025-02-01,2025,2,Feb,1,AIESEC in Jaipur,GTa,outgoing,oGTa,6,1,0,0,0,0,0
2025-02-01,2025,2,Feb,1,AIESEC in Jaipur,GTe,outgoing,oGTe,1,0,0,0,0,0,0
2025-02-01,2025,2,Feb,1,AIESEC in Jaipur,GV,outgoing,oGV,21,10,4,4,2,2,1
2025-02-01,2025,2,Feb,1,AIESEC in Kochi,GTa,incoming,iGTa,2,1,1,1,1,1,1
2025-02-01,2025,2,Feb,1,AIESEC in Kochi,GTe,incoming,iGTe,1,1,1,0,0,0,0
2025-02-01,2025,2,Feb,1,AIESEC in Kochi,GV,incoming,iGV,4,4,2,1,0,0,0
2025-02-01,2025,2,Feb,1,AIESEC in Kochi,GTa,outgoing,oGTa,9,4,4,3,2,2,2
2025-02-01,2025,2,Feb,1,AIESEC in Kochi,GTe,outgoing,oGTe,0,0,0,0,0,0,0
2025-02-01,2025,2,Feb,1,AIESEC in Kochi,GV,outgoing,oGV,12,6,4,4,4,4,4
2025-02-01,2025,2,Feb,1,AIESEC in Kolkata,GTa,incoming,iGTa,1,0,0,0,0,0,0
2025-02-01,2025,2,Feb,1,AIESEC in Kolkata,GTe,incoming,iGTe,1,0,0,0,0,0,0
2025-02-01,2025,2,Feb,1,AIESEC in Kolkata,GV,incoming,iGV,11,4,4,2,1,1,1
2025-02-01,2025,2,Feb,1,AIESEC in Kolkata,GTa,outgoing,oGTa,6,3,3,3,3,3,3
2025-02-01,2025,2,Feb,1,AIESEC in Kolkata,GTe,outgoing,oGTe,3,2,2,2,2,2,2
2025-02-01,2025,2,Feb,1,AIESEC in Kolkata,GV,outgoing,oGV,20,10,8,6,5,5,4
2025-02-01,2025,2,Feb,1,AIESEC in Lucknow,GTa,incoming,iGTa,1,1,1,1,1,1,1
2025-02-01,2025,2,Feb,1,AIESEC in Lucknow,GTe,incoming,iGTe,1,0,0,0,0,0,0
2025-02-01,2025,2,Feb,1,AIESEC in Lucknow,GV,incoming,iGV,9,5,5,5,4,3,3
2025-02-01,2025,2,Feb,1,AIESEC in Lucknow,GTa,outgoing,oGTa,16,8,5,5,1,1,1
2025-02-01,2025,2,Feb,1,AIESEC in Lucknow,GTe,outgoing,oGTe,0,0,0,0,0,0,0
2025-02-01,2025,2,Feb,1,AIESEC in Lucknow,GV,outgoing,oGV,28,10,6,6,4,3,3
2025-02-01,2025,2,Feb,1,AIESEC in Manipal,GTa,incoming,iGTa,3,1,1,0,0,0,0
2025-02-01,2025,2,Feb,1,AIESEC in Manipal,GTe,incoming,iGTe,0,0,0,0,0,0,0
2025-02-01,2025,2,Feb,1,AIESEC in Manipal,GV,incoming,iGV,5,1,1,1,1,1,0
2025-02-01,2025,2,Feb,1,AIESEC in Manipal,GTa,outgoing,oGTa,4,1,1,1,1,1,1
2025-02-01,2025,2,Feb,1,AIESEC in Manipal,GTe,outgoing,oGTe,1,0,0,0,0,0,0
2025-02-01,2025,2,Feb,1,AIESEC in Manipal,GV,outgoing,oGV,9,3,3,3,2,2,2
2025-02-01,2025,2,Feb,1,AIESEC in Mumbai,GTa,incoming,iGTa,10,2,2,2,2,2,2
2025-02-01,2025,2,Feb,1,AIESEC in Mumbai,GTe,incoming,iGTe,1,1,0,0,0,0,0
2025-02-01,2025,2,Feb,1,AIESEC in Mumbai,GV,incoming,iGV,18,7,5,4,4,4,3
2025-02-01,2025,2,Feb,1,AIESEC in Mumbai,GTa,outgoing,oGTa,16,6,3,3,3,3,3
2025-02-01,2025,2,Feb,1,AIESEC in Mumbai,GTe,outgoing,oGTe,9,1,1,1,1,1,1
2025-02-01,2025,2,Feb,1,AIESEC in Mumbai,GV,outgoing,oGV,60,23,19,13,7,7,7
2025-02-01,2025,2,Feb,1,AIESEC in Nagpur,GTa,incoming,iGTa,2,2,2,2,2,2,2
2025-02-01,2025,2,Feb,1,AIESEC in Nagpur,GTe,incoming,iGTe,0,0,0,0,0,0,0
2025-02-01,2025,2,Feb,1,AIESEC in Nagpur,GV,incoming,iGV,2,0,0,0,0,0,0
2025-02-01,2025,2,Feb,1,AIESEC in Nagpur,GTa,outgoing,oGTa,3,1,1,1,1,1,1
2025-02-01,2025,2,Feb,1,AIESEC in Nagpur,GTe,outgoing,oGTe,0,0,0,0,0,0,0
2025-02-01,2025,2,Feb,1,AIESEC in Nagpur,GV,outgoing,oGV,11,6,5,2,1,1,1
2025-02-01,2025,2,Feb,1,AIESEC in Pune,GTa,incoming,iGTa,3,2,1,1,1,1,1
2025-02-01,2025,2,Feb,1,AIESEC in Pune,GTe,incoming,iGTe,1,0,0,0,0,0,0
2025-02-01,2025,2,Feb,1,AIESEC in Pune,GV,incoming,iGV,16,6,3,2,1,1,1
2025-02-01,2025,2,Feb,1,AIESEC in Pune,GTa,outgoing,oGTa,15,6,3,3,2,2,0
2025-02-01,2025,2,Feb,1,AIESEC in Pune,GTe,outgoing,oGTe,6,1,1,1,1,1,1
2025-02-01,2025,2,Feb,1,AIESEC in Pune,GV,outgoing,oGV,46,23,15,10,10,9,7
2025-02-01,2025,2,Feb,1,AIESEC in Surat,GTa,incoming,iGTa,1,1,1,1,1,1,1
2025-02-01,2025,2,Feb,1,AIESEC in Surat,GTe,incoming,iGTe,0,0,0,0,0,0,0
2025-02-01,2025,2,Feb,1,AIESEC in Surat,GV,incoming,iGV,4,2,2,1,1,1,1
2025-02-01,2025,2,Feb,1,AIESEC in Surat,GTa,outgoing,oGTa,6,4,4,3,3,3,3
2025-02-01,2025,2,Feb,1,AIESEC in Surat,GTe,outgoing,oGTe,1,1,1,1,1,1,1
2025-02-01,2025,2,Feb,1,AIESEC in Surat,GV,outgoing,oGV,7,4,4,4,2,2,1
2025-02-01,2025,2,Feb,1,AIESEC in Vellore,GTa,incoming,iGTa,1,1,0,0,0,0,0
2025-02-01,2025,2,Feb,1,AIESEC in Vellore,GTe,incoming,iGTe,0,0,0,0,0,0,0
2025-02-01,2025,2,Feb,1,AIESEC in Vellore,GV,incoming,iGV,5,2,1,1,1,1,1
2025-02-01,2025,2,Feb,1,AIESEC in Vellore,GTa,outgoing,oGTa,3,1,1,0,0,0,0
2025-02-01,2025,2,Feb,1,AIESEC in Vellore,GTe,outgoing,oGTe,1,0,0,0,0,0,0
2025-02-01,2025,2,Feb,1,AIESEC in Vellore,GV,outgoing,oGV,10,6,4,3,3,3,3
2025-03-01,2025,3,Mar,1,AIESEC in Ahmedabad,GTa,incoming,iGTa,5,2,2,2,2,1,1
2025-03-01,2025,3,Mar,1,AIESEC in Ahmedabad,GTe,incoming,iGTe,0,0,0,0,0,0,0
2025-03-01,2025,3,Mar,1,AIESEC in Ahmedabad,GV,incoming,iGV,11,5,3,2,2,1,1
2025-03-01,2025,3,Mar,1,AIESEC in Ahmedabad,GTa,outgoing,oGTa,9,6,5,4,4,4,4
2025-03-01,2025,3,Mar,1,AIESEC in Ahmedabad,GTe,outgoing,oGTe,4,2,2,2,0,0,0
2025-03-01,2025,3,Mar,1,AIESEC in Ahmedabad,GV,outgoing,oGV,31,13,7,6,5,5,5
2025-03-01,2025,3,Mar,1,AIESEC in Bangalore,GTa,incoming,iGTa,7,2,1,1,0,0,0
2025-03-01,2025,3,Mar,1,AIESEC in Bangalore,GTe,incoming,iGTe,0,0,0,0,0,0,0
2025-03-01,2025,3,Mar,1,AIESEC in Bangalore,GV,incoming,iGV,10,4,2,1,0,0,0
2025-03-01,2025,3,Mar,1,AIESEC in Bangalore,GTa,outgoing,oGTa,13,7,6,6,5,5,5
2025-03-01,2025,3,Mar,1,AIESEC in Bangalore,GTe,outgoing,oGTe,8,4,2,1,1,1,1
2025-03-01,2025,3,Mar,1,AIESEC in Bangalore,GV,outgoing,oGV,42,15,13,10,8,8,8
2025-03-01,2025,3,Mar,1,AIESEC in Bhubaneswar,GTa,incoming,iGTa,2,2,2,2,2,2,2
2025-03-01,2025,3,Mar,1,AIESEC in Bhubaneswar,GTe,incoming,iGTe,0,0,0,0,0,0,0
2025-03-01,2025,3,Mar,1,AIESEC in Bhubaneswar,GV,incoming,iGV,5,1,1,1,0,0,0
2025-03-01,2025,3,Mar,1,AIESEC in Bhubaneswar,GTa,outgoing,oGTa,5,2,1,0,0,0,0
2025-03-01,2025,3,Mar,1,AIESEC in Bhubaneswar,GTe,outgoing,oGTe,2,0,0,0,0,0,0
2025-03-01,2025,3,Mar,1,AIESEC in Bhubaneswar,GV,outgoing,oGV,17,8,7,6,4,4,4
2025-03-01,2025,3,Mar,1,AIESEC in Chandigarh,GTa,incoming,iGTa,3,2,2,2,2,2,2
2025-03-01,2025,3,Mar,1,AIESEC in Chandigarh,GTe,incoming,iGTe,1,0,0,0,0,0,0
2025-03-01,2025,3,Mar,1,AIESEC in Chandigarh,GV,incoming,iGV,2,0,0,0,0,0,0
2025-03-01,2025,3,Mar,1,AIESEC in Chandigarh,GTa,outgoing,oGTa,6,4,3,3,2,2,2
2025-03-01,2025,3,Mar,1,AIESEC in Chandigarh,GTe,outgoing,oGTe,2,0,0,0,0,0,0
2025-03-01,2025,3,Mar,1,AIESEC in Chandigarh,GV,outgoing,oGV,25,12,12,10,6,6,6
2025-03-01,2025,3,Mar,1,AIESEC in Chennai,GTa,incoming,iGTa,5,3,3,2,0,0,0
2025-03-01,2025,3,Mar,1,AIESEC in Chennai,GTe,incoming,iGTe,0,0,0,0,0,0,0
2025-03-01,2025,3,Mar,1,AIESEC in Chennai,GV,incoming,iGV,16,6,3,2,2,2,2
2025-03-01,2025,3,Mar,1,AIESEC in Chennai,GTa,outgoing,oGTa,10,4,4,4,3,3,3
2025-03-01,2025,3,Mar,1,AIESEC in Chennai,GTe,outgoing,oGTe,6,3,3,2,2,2,2
2025-03-01,2025,3,Mar,1,AIESEC in Chennai,GV,outgoing,oGV,35,18,12,8,5,5,5
2025-03-01,2025,3,Mar,1,AIESEC in Coimbatore,GTa,incoming,iGTa,2,1,1,1,1,1,1
2025-03-01,2025,3,Mar,1,AIESEC in Coimbatore,GTe,incoming,iGTe,1,0,0,0,0,0,0
2025-03-01,2025,3,Mar,1,AIESEC in Coimbatore,GV,incoming,iGV,6,4,3,3,1,0,0
2025-03-01,2025,3,Mar,1,AIESEC in Coimbatore,GTa,outgoing,oGTa,2,0,0,0,0,0,0
2025-03-01,2025,3,Mar,1,AIESEC in Coimbatore,GTe,outgoing,oGTe,2,2,1,1,1,1,1
2025-03-01,2025,3,Mar,1,AIESEC in Coimbatore,GV,outgoing,oGV,24,7,4,4,0,0,0
2025-03-01,2025,3,Mar,1,AIESEC in Delhi IIT,GTa,incoming,iGTa,20,8,5,4,4,4,4
2025-03-01,2025,3,Mar,1,AIESEC in Delhi IIT,GTe,incoming,iGTe,4,0,0,0,0,0,0
2025-03-01,2025,3,Mar,1,AIESEC in Delhi IIT,GV,incoming,iGV,43,20,14,7,4,4,2
2025-03-01,2025,3,Mar,1,AIESEC in Delhi IIT,GTa,outgoing,oGTa,44,20,16,13,12,12,12
2025-03-01,2025,3,Mar,1,AIESEC in Delhi IIT,GTe,outgoing,oGTe,15,6,6,6,6,6,6
2025-03-01,2025,3,Mar,1,AIESEC in Delhi IIT,GV,outgoing,oGV,96,47,31,21,16,15,15
2025-03-01,2025,3,Mar,1,AIESEC in Delhi University,GTa,incoming,iGTa,6,3,3,3,3,3,3
2025-03-01,2025,3,Mar,1,AIESEC in Delhi University,GTe,incoming,iGTe,3,2,0,0,0,0,0
2025-03-01,2025,3,Mar,1,AIESEC in Delhi University,GV,incoming,iGV,20,10,5,5,3,3,2
2025-03-01,2025,3,Mar,1,AIESEC in Delhi University,GTa,outgoing,oGTa,26,18,14,12,11,10,10
2025-03-01,2025,3,Mar,1,AIESEC in Delhi University,GTe,outgoing,oGTe,11,7,5,4,4,4,4
2025-03-01,2025,3,Mar,1,AIESEC in Delhi University,GV,outgoing,oGV,74,23,15,10,6,6,6
2025-03-01,2025,3,Mar,1,AIESEC in Hyderabad,GTa,incoming,iGTa,2,1,1,0,0,0,0
2025-03-01,2025,3,Mar,1,AIESEC in Hyderabad,GTe,incoming,iGTe,1,1,1,0,0,0,0
2025-03-01,2025,3,Mar,1,AIESEC in Hyderabad,GV,incoming,iGV,6,5,2,2,2,2,1
2025-03-01,2025,3,Mar,1,AIESEC in Hyderabad,GTa,outgoing,oGTa,12,5,4,4,4,4,3
2025-03-01,2025,3,Mar,1,AIESEC in Hyderabad,GTe,outgoing,oGTe,5,5,4,3,2,2,2
2025-03-01,2025,3,Mar,1,AIESEC in Hyderabad,GV,outgoing,oGV,21,14,11,9,7,7,6
2025-03-01,2025,3,Mar,1,AIESEC in Indore,GTa,incoming,iGTa,7,4,3,3,3,3,2
2025-03-01,2025,3,Mar,1,AIESEC in Indore,GTe,incoming,iGTe,1,0,0,0,0,0,0
2025-03-01,2025,3,Mar,1,AIESEC in Indore,GV,incoming,iGV,12,5,2,2,1,0,0
2025-03-01,2025,3,Mar,1,AIESEC in Indore,GTa,outgoing,oGTa,9,3,2,2,2,1,1
2025-03-01,2025,3,Mar,1,AIESEC in Indore,GTe,outgoing,oGTe,5,3,2,2,1,1,1
2025-03-01,2025,3,Mar,1,AIESEC in Indore,GV,outgoing,oGV,25,15,11,8,4,4,4
2025-03-01,2025,3,Mar,1,AIESEC in Jaipur,GTa,incoming,iGTa,4,2,2,2,2,2,2
2025-03-01,2025,3,Mar,1,AIESEC in Jaipur,GTe,incoming,iGTe,0,0,0,0,0,0,0
2025-03-01,2025,3,Mar,1,AIESEC in Jaipur,GV,incoming,iGV,12,5,3,2,2,2,2
2025-03-01,2025,3,Mar,1,AIESEC in Jaipur,GTa,outgoing,oGTa,12,4,3,3,3,3,3
2025-03-01,2025,3,Mar,1,AIESEC in Jaipur,GTe,outgoing,oGTe,4,1,1,1,1,1,1
2025-03-01,2025,3,Mar,1,AIESEC in Jaipur,GV,outgoing,oGV,23,11,6,2,2,2,2
2025-03-01,2025,3,Mar,1,AIESEC in Kochi,GTa,incoming,iGTa,1,1,1,1,1,1,1
2025-03-01,2025,3,Mar,1,AIESEC in Kochi,GTe,incoming,iGTe,2,2,1,1,0,0,0
2025-03-01,2025,3,Mar,1,AIESEC in Kochi,GV,incoming,iGV,11,6,5,5,5,5,4
2025-03-01,2025,3,Mar,1,AIESEC in Kochi,GTa,outgoing,oGTa,5,3,3,3,3,3,3
2025-03-01,2025,3,Mar,1,AIESEC in Kochi,GTe,outgoing,oGTe,2,2,2,2,2,2,2
2025-03-01,2025,3,Mar,1,AIESEC in Kochi,GV,outgoing,oGV,15,8,8,6,5,5,5
2025-03-01,2025,3,Mar,1,AIESEC in Kolkata,GTa,incoming,iGTa,5,1,1,1,1,1,1
2025-03-01,2025,3,Mar,1,AIESEC in Kolkata,GTe,incoming,iGTe,0,0,0,0,0,0,0
2025-03-01,2025,3,Mar,1,AIESEC in Kolkata,GV,incoming,iGV,9,3,1,1,0,0,0
2025-03-01,2025,3,Mar,1,AIESEC in Kolkata,GTa,outgoing,oGTa,10,7,6,6,6,5,5
2025-03-01,2025,3,Mar,1,AIESEC in Kolkata,GTe,outgoing,oGTe,1,0,0,0,0,0,0
2025-03-01,2025,3,Mar,1,AIESEC in Kolkata,GV,outgoing,oGV,41,16,10,7,6,6,6
2025-03-01,2025,3,Mar,1,AIESEC in Lucknow,GTa,incoming,iGTa,2,1,1,1,1,1,1
2025-03-01,2025,3,Mar,1,AIESEC in Lucknow,GTe,incoming,iGTe,2,1,0,0,0,0,0
2025-03-01,2025,3,Mar,1,AIESEC in Lucknow,GV,incoming,iGV,9,4,2,1,1,1,1
2025-03-01,2025,3,Mar,1,AIESEC in Lucknow,GTa,outgoing,oGTa,4,1,1,0,0,0,0
2025-03-01,2025,3,Mar,1,AIESEC in Lucknow,GTe,outgoing,oGTe,3,1,0,0,0,0,0
2025-03-01,2025,3,Mar,1,AIESEC in Lucknow,GV,outgoing,oGV,30,15,14,12,4,4,4
2025-03-01,2025,3,Mar,1,AIESEC in Manipal,GTa,incoming,iGTa,3,3,2,2,1,1,1
2025-03-01,2025,3,Mar,1,AIESEC in Manipal,GTe,incoming,iGTe,0,0,0,0,0,0,0
2025-03-01,2025,3,Mar,1,AIESEC in Manipal,GV,incoming,iGV,3,2,2,1,1,1,1
2025-03-01,2025,3,Mar,1,AIESEC in Manipal,GTa,outgoing,oGTa,6,1,1,1,1,1,1
2025-03-01,2025,3,Mar,1,AIESEC in Manipal,GTe,outgoing,oGTe,1,1,1,1,1,1,1
2025-03-01,2025,3,Mar,1,AIESEC in Manipal,GV,outgoing,oGV,28,9,5,3,2,2,2
2025-03-01,2025,3,Mar,1,AIESEC in Mumbai,GTa,incoming,iGTa,13,4,4,4,4,4,4
2025-03-01,2025,3,Mar,1,AIESEC in Mumbai,GTe,incoming,iGTe,4,2,1,1,1,1,1
2025-03-01,2025,3,Mar,1,AIESEC in Mumbai,GV,incoming,iGV,13,6,5,3,3,1,1
2025-03-01,2025,3,Mar,1,AIESEC in Mumbai,GTa,outgoing,oGTa,17,7,6,6,6,4,4
2025-03-01,2025,3,Mar,1,AIESEC in Mumbai,GTe,outgoing,oGTe,7,4,2,2,2,2,2
2025-03-01,2025,3,Mar,1,AIESEC in Mumbai,GV,outgoing,oGV,40,18,11,9,7,7,6
2025-03-01,2025,3,Mar,1,AIESEC in Nagpur,GTa,incoming,iGTa,3,2,2,2,1,1,1
2025-03-01,2025,3,Mar,1,AIESEC in Nagpur,GTe,incoming,iGTe,0,0,0,0,0,0,0
2025-03-01,2025,3,Mar,1,AIESEC in Nagpur,GV,incoming,iGV,10,4,3,2,2,2,2
2025-03-01,2025,3,Mar,1,AIESEC in Nagpur,GTa,outgoing,oGTa,2,1,0,0,0,0,0
2025-03-01,2025,3,Mar,1,AIESEC in Nagpur,GTe,outgoing,oGTe,2,1,1,1,1,1,1
2025-03-01,2025,3,Mar,1,AIESEC in Nagpur,GV,outgoing,oGV,31,14,11,9,8,7,7
2025-03-01,2025,3,Mar,1,AIESEC in Pune,GTa,incoming,iGTa,3,1,1,1,1,1,1
2025-03-01,2025,3,Mar,1,AIESEC in Pune,GTe,incoming,iGTe,1,1,0,0,0,0,0
2025-03-01,2025,3,Mar,1,AIESEC in Pune,GV,incoming,iGV,8,3,1,0,0,0,0
2025-03-01,2025,3,Mar,1,AIESEC in Pune,GTa,outgoing,oGTa,13,6,5,5,5,5,5
2025-03-01,2025,3,Mar,1,AIESEC in Pune,GTe,outgoing,oGTe,10,4,1,1,1,1,1
2025-03-01,2025,3,Mar,1,AIESEC in Pune,GV,outgoing,oGV,50,35,27,24,16,16,15
2025-03-01,2025,3,Mar,1,AIESEC in Surat,GTa,incoming,iGTa,3,2,2,2,1,1,0
2025-03-01,2025,3,Mar,1,AIESEC in Surat,GTe,incoming,iGTe,0,0,0,0,0,0,0
2025-03-01,2025,3,Mar,1,AIESEC in Surat,GV,incoming,iGV,4,0,0,0,0,0,0
2025-03-01,2025,3,Mar,1,AIESEC in Surat,GTa,outgoing,oGTa,5,2,2,2,2,2,2
2025-03-01,2025,3,Mar,1,AIESEC in Surat,GTe,outgoing,oGTe,0,0,0,0,0,0,0
2025-03-01,2025,3,Mar,1,AIESEC in Surat,GV,outgoing,oGV,17,8,6,4,3,3,3
2025-03-01,2025,3,Mar,1,AIESEC in Vellore,GTa,incoming,iGTa,1,0,0,0,0,0,0
2025-03-01,2025,3,Mar,1,AIESEC in Vellore,GTe,incoming,iGTe,0,0,0,0,0,0,0
2025-03-01,2025,3,Mar,1,AIESEC in Vellore,GV,incoming,iGV,1,0,0,0,0,0,0
2025-03-01,2025,3,Mar,1,AIESEC in Vellore,GTa,outgoing,oGTa,2,1,1,0,0,0,0
2025-03-01,2025,3,Mar,1,AIESEC in Vellore,GTe,outgoing,oGTe,0,0,0,0,0,0,0
2025-03-01,2025,3,Mar,1,AIESEC in Vellore,GV,outgoing,oGV,14,9,7,7,7,7,6
2025-04-01,2025,4,Apr,2,AIESEC in Ahmedabad,GTa,incoming,iGTa,2,2,2,2,2,2,2
2025-04-01,2025,4,Apr,2,AIESEC in Ahmedabad,GTe,incoming,iGTe,1,0,0,0,0,0,0
2025-04-01,2025,4,Apr,2,AIESEC in Ahmedabad,GV,incoming,iGV,9,3,2,2,2,2,1
2025-04-01,2025,4,Apr,2,AIESEC in Ahmedabad,GTa,outgoing,oGTa,11,6,5,4,4,4,4
2025-04-01,2025,4,Apr,2,AIESEC in Ahmedabad,GTe,outgoing,oGTe,3,0,0,0,0,0,0
2025-04-01,2025,4,Apr,2,AIESEC in Ahmedabad,GV,outgoing,oGV,41,19,17,11,8,8,8
2025-04-01,2025,4,Apr,2,AIESEC in Bangalore,GTa,incoming,iGTa,1,1,1,1,1,1,1
2025-04-01,2025,4,Apr,2,AIESEC in Bangalore,GTe,incoming,iGTe,1,1,1,1,1,1,0
2025-04-01,2025,4,Apr,2,AIESEC in Bangalore,GV,incoming,iGV,7,2,1,1,0,0,0
2025-04-01,2025,4,Apr,2,AIESEC in Bangalore,GTa,outgoing,oGTa,10,4,4,4,4,4,4
2025-04-01,2025,4,Apr,2,AIESEC in Bangalore,GTe,outgoing,oGTe,6,1,0,0,0,0,0
2025-04-01,2025,4,Apr,2,AIESEC in Bangalore,GV,outgoing,oGV,38,17,12,9,5,5,5
2025-04-01,2025,4,Apr,2,AIESEC in Bhubaneswar,GTa,incoming,iGTa,2,0,0,0,0,0,0
2025-04-01,2025,4,Apr,2,AIESEC in Bhubaneswar,GTe,incoming,iGTe,0,0,0,0,0,0,0
2025-04-01,2025,4,Apr,2,AIESEC in Bhubaneswar,GV,incoming,iGV,4,0,0,0,0,0,0
2025-04-01,2025,4,Apr,2,AIESEC in Bhubaneswar,GTa,outgoing,oGTa,3,2,2,2,2,2,2
2025-04-01,2025,4,Apr,2,AIESEC in Bhubaneswar,GTe,outgoing,oGTe,1,1,1,1,1,0,0
2025-04-01,2025,4,Apr,2,AIESEC in Bhubaneswar,GV,outgoing,oGV,20,6,5,1,0,0,0
2025-04-01,2025,4,Apr,2,AIESEC in Chandigarh,GTa,incoming,iGTa,2,0,0,0,0,0,0
2025-04-01,2025,4,Apr,2,AIESEC in Chandigarh,GTe,incoming,iGTe,2,0,0,0,0,0,0
2025-04-01,2025,4,Apr,2,AIESEC in Chandigarh,GV,incoming,iGV,8,3,0,0,0,0,0
2025-04-01,2025,4,Apr,2,AIESEC in Chandigarh,GTa,outgoing,oGTa,6,3,2,2,2,2,2
2025-04-01,2025,4,Apr,2,AIESEC in Chandigarh,GTe,outgoing,oGTe,3,1,1,1,1,1,1
2025-04-01,2025,4,Apr,2,AIESEC in Chandigarh,GV,outgoing,oGV,33,13,12,11,10,10,8
2025-04-01,2025,4,Apr,2,AIESEC in Chennai,GTa,incoming,iGTa,3,1,1,1,0,0,0
2025-04-01,2025,4,Apr,2,AIESEC in Chennai,GTe,incoming,iGTe,1,1,1,1,1,1,0
2025-04-01,2025,4,Apr,2,AIESEC in Chennai,GV,incoming,iGV,11,3,3,3,3,3,3
2025-04-01,2025,4,Apr,2,AIESEC in Chennai,GTa,outgoing,oGTa,14,9,6,6,6,6,6
2025-04-01,2025,4,Apr,2,AIESEC in Chennai,GTe,outgoing,oGTe,8,1,1,1,1,1,1
2025-04-01,2025,4,Apr,2,AIESEC in Chennai,GV,outgoing,oGV,37,13,9,8,5,5,3
2025-04-01,2025,4,Apr,2,AIESEC in Coimbatore,GTa,incoming,iGTa,0,0,0,0,0,0,0
2025-04-01,2025,4,Apr,2,AIESEC in Coimbatore,GTe,incoming,iGTe,0,0,0,0,0,0,0
2025-04-01,2025,4,Apr,2,AIESEC in Coimbatore,GV,incoming,iGV,6,1,0,0,0,0,0
2025-04-01,2025,4,Apr,2,AIESEC in Coimbatore,GTa,outgoing,oGTa,7,5,4,4,4,4,4
2025-04-01,2025,4,Apr,2,AIESEC in Coimbatore,GTe,outgoing,oGTe,1,0,0,0,0,0,0
2025-04-01,2025,4,Apr,2,AIESEC in Coimbatore,GV,outgoing,oGV,14,7,4,3,1,1,1
2025-04-01,2025,4,Apr,2,AIESEC in Delhi IIT,GTa,incoming,iGTa,13,8,5,5,5,4,4
2025-04-01,2025,4,Apr,2,AIESEC in Delhi IIT,GTe,incoming,iGTe,1,0,0,0,0,0,0
2025-04-01,2025,4,Apr,2,AIESEC in Delhi IIT,GV,incoming,iGV,38,12,10,10,7,4,3
2025-04-01,2025,4,Apr,2,AIESEC in Delhi IIT,GTa,outgoing,oGTa,42,23,23,23,17,17,17
2025-04-01,2025,4,Apr,2,AIESEC in Delhi IIT,GTe,outgoing,oGTe,9,3,1,1,1,1,1
2025-04-01,2025,4,Apr,2,AIESEC in Delhi IIT,GV,outgoing,oGV,129,58,39,29,20,20,19
2025-04-01,2025,4,Apr,2,AIESEC in Delhi University,GTa,incoming,iGTa,5,2,1,1,1,1,1
2025-04-01,2025,4,Apr,2,AIESEC in Delhi University,GTe,incoming,iGTe,3,1,1,1,1,1,0
2025-04-01,2025,4,Apr,2,AIESEC in Delhi University,GV,incoming,iGV,18,6,4,3,2,2,2
2025-04-01,2025,4,Apr,2,AIESEC in Delhi University,GTa,outgoing,oGTa,34,22,17,17,12,11,10
2025-04-01,2025,4,Apr,2,AIESEC in Delhi University,GTe,outgoing,oGTe,9,5,5,5,5,3,3
2025-04-01,2025,4,Apr,2,AIESEC in Delhi University,GV,outgoing,oGV,68,31,20,17,9,9,9
2025-04-01,2025,4,Apr,2,AIESEC in Hyderabad,GTa,incoming,iGTa,2,1,1,1,1,1,1
2025-04-01,2025,4,Apr,2,AIESEC in Hyderabad,GTe,incoming,iGTe,1,1,1,0,0,0,0
2025-04-01,2025,4,Apr,2,AIESEC in Hyderabad,GV,incoming,iGV,11,6,3,2,2,2,1
2025-04-01,2025,4,Apr,2,AIESEC in Hyderabad,GTa,outgoing,oGTa,10,5,3,3,3,3,3
2025-04-01,2025,4,Apr,2,AIESEC in Hyderabad,GTe,outgoing,oGTe,4,2,2,1,1,1,1
2025-04-01,2025,4,Apr,2,AIESEC in Hyderabad,GV,outgoing,oGV,39,19,16,15,10,10,8
2025-04-01,2025,4,Apr,2,AIESEC in Indore,GTa,incoming,iGTa,3,1,1,1,1,1,1
2025-04-01,2025,4,Apr,2,AIESEC in Indore,GTe,incoming,iGTe,0,0,0,0,0,0,0
2025-04-01,2025,4,Apr,2,AIESEC in Indore,GV,incoming,iGV,6,3,2,1,1,0,0
2025-04-01,2025,4,Apr,2,AIESEC in Indore,GTa,outgoing,oGTa,10,5,4,3,2,2,2
2025-04-01,2025,4,Apr,2,AIESEC in Indore,GTe,outgoing,oGTe,4,1,0,0,0,0,0
2025-04-01,2025,4,Apr,2,AIESEC in Indore,GV,outgoing,oGV,30,13,9,6,3,3,2
2025-04-01,2025,4,Apr,2,AIESEC in Jaipur,GTa,incoming,iGTa,6,1,0,0,0,0,0
2025-04-01,2025,4,Apr,2,AIESEC in Jaipur,GTe,incoming,iGTe,3,1,1,1,1,1,0
2025-04-01,2025,4,Apr,2,AIESEC in Jaipur,GV,incoming,iGV,8,3,2,2,1,1,1
2025-04-01,2025,4,Apr,2,AIESEC in Jaipur,GTa,outgoing,oGTa,7,3,3,2,2,2,2
2025-04-01,2025,4,Apr,2,AIESEC in Jaipur,GTe,outgoing,oGTe,4,2,2,2,1,1,1
2025-04-01,2025,4,Apr,2,AIESEC in Jaipur,GV,outgoing,oGV,24,11,6,6,6,6,5
2025-04-01,2025,4,Apr,2,AIESEC in Kochi,GTa,incoming,iGTa,1,0,0,0,0,0,0
2025-04-01,2025,4,Apr,2,AIESEC in Kochi,GTe,incoming,iGTe,2,1,1,0,0,0,0
2025-04-01,2025,4,Apr,2,AIESEC in Kochi,GV,incoming,iGV,7,3,2,1,1,1,1
2025-04-01,2025,4,Apr,2,AIESEC in Kochi,GTa,outgoing,oGTa,8,4,4,4,4,4,4
2025-04-01,2025,4,Apr,2,AIESEC in Kochi,GTe,outgoing,oGTe,2,1,1,1,1,1,1
2025-04-01,2025,4,Apr,2,AIESEC in Kochi,GV,outgoing,oGV,26,11,10,9,8,8,8
2025-04-01,2025,4,Apr,2,AIESEC in Kolkata,GTa,incoming,iGTa,3,2,0,0,0,0,0
2025-04-01,2025,4,Apr,2,AIESEC in Kolkata,GTe,incoming,iGTe,1,1,1,1,1,1,1
2025-04-01,2025,4,Apr,2,AIESEC in Kolkata,GV,incoming,iGV,13,4,3,3,2,2,2
2025-04-01,2025,4,Apr,2,AIESEC in Kolkata,GTa,outgoing,oGTa,9,3,2,2,2,2,2
2025-04-01,2025,4,Apr,2,AIESEC in Kolkata,GTe,outgoing,oGTe,2,1,1,1,1,1,1
2025-04-01,2025,4,Apr,2,AIESEC in Kolkata,GV,outgoing,oGV,32,15,10,5,4,4,4
2025-04-01,2025,4,Apr,2,AIESEC in Lucknow,GTa,incoming,iGTa,2,1,1,1,1,1,1
2025-04-01,2025,4,Apr,2,AIESEC in Lucknow,GTe,incoming,iGTe,0,0,0,0,0,0,0
2025-04-01,2025,4,Apr,2,AIESEC in Lucknow,GV,incoming,iGV,8,3,1,0,0,0,0
2025-04-01,2025,4,Apr,2,AIESEC in Lucknow,GTa,outgoing,oGTa,6,2,2,2,2,2,2
2025-04-01,2025,4,Apr,2,AIESEC in Lucknow,GTe,outgoing,oGTe,3,0,0,0,0,0,0
2025-04-01,2025,4,Apr,2,AIESEC in Lucknow,GV,outgoing,oGV,24,10,2,2,1,1,1
2025-04-01,2025,4,Apr,2,AIESEC in Manipal,GTa,incoming,iGTa,3,0,0,0,0,0,0
2025-04-01,2025,4,Apr,2,AIESEC in Manipal,GTe,incoming,iGTe,0,0,0,0,0,0,0
2025-04-01,2025,4,Apr,2,AIESEC in Manipal,GV,incoming,iGV,6,1,1,1,0,0,0
2025-04-01,2025,4,Apr,2,AIESEC in Manipal,GTa,outgoing,oGTa,10,5,4,4,3,3,3
2025-04-01,2025,4,Apr,2,AIESEC in Manipal,GTe,outgoing,oGTe,2,1,1,1,1,1,1
2025-04-01,2025,4,Apr,2,AIESEC in Manipal,GV,outgoing,oGV,17,3,2,2,1,1,1
2025-04-01,2025,4,Apr,2,AIESEC in Mumbai,GTa,incoming,iGTa,10,5,4,4,3,2,2
2025-04-01,2025,4,Apr,2,AIESEC in Mumbai,GTe,incoming,iGTe,1,0,0,0,0,0,0
2025-04-01,2025,4,Apr,2,AIESEC in Mumbai,GV,incoming,iGV,21,10,6,5,3,3,3
2025-04-01,2025,4,Apr,2,AIESEC in Mumbai,GTa,outgoing,oGTa,23,10,10,10,10,10,10
2025-04-01,2025,4,Apr,2,AIESEC in Mumbai,GTe,outgoing,oGTe,10,7,5,5,4,4,3
2025-04-01,2025,4,Apr,2,AIESEC in Mumbai,GV,outgoing,oGV,59,31,23,22,21,19,17
2025-04-01,2025,4,Apr,2,AIESEC in Nagpur,GTa,incoming,iGTa,3,2,0,0,0,0,0
2025-04-01,2025,4,Apr,2,AIESEC in Nagpur,GTe,incoming,iGTe,0,0,0,0,0,0,0
2025-04-01,2025,4,Apr,2,AIESEC in Nagpur,GV,incoming,iGV,15,6,4,0,0,0,0
2025-04-01,2025,4,Apr,2,AIESEC in Nagpur,GTa,outgoing,oGTa,6,3,2,2,2,2,2
2025-04-01,2025,4,Apr,2,AIESEC in Nagpur,GTe,outgoing,oGTe,3,2,1,1,1,1,1
2025-04-01,2025,4,Apr,2,AIESEC in Nagpur,GV,outgoing,oGV,9,7,5,4,4,4,3
2025-04-01,2025,4,Apr,2,AIESEC in Pune,GTa,incoming,iGTa,6,4,1,1,0,0,0
2025-04-01,2025,4,Apr,2,AIESEC in Pune,GTe,incoming,iGTe,1,0,0,0,0,0,0
2025-04-01,2025,4,Apr,2,AIESEC in Pune,GV,incoming,iGV,14,10,5,5,2,2,2
2025-04-01,2025,4,Apr,2,AIESEC in Pune,GTa,outgoing,oGTa,21,13,10,8,7,7,7
2025-04-01,2025,4,Apr,2,AIESEC in Pune,GTe,outgoing,oGTe,9,7,4,3,2,2,2
2025-04-01,2025,4,Apr,2,AIESEC in Pune,GV,outgoing,oGV,46,16,13,11,10,10,8
2025-04-01,2025,4,Apr,2,AIESEC in Surat,GTa,incoming,iGTa,1,0,0,0,0,0,0
2025-04-01,2025,4,Apr,2,AIESEC in Surat,GTe,incoming,iGTe,0,0,0,0,0,0,0
2025-04-01,2025,4,Apr,2,AIESEC in Surat,GV,incoming,iGV,4,3,2,1,0,0,0
2025-04-01,2025,4,Apr,2,AIESEC in Surat,GTa,outgoing,oGTa,3,1,0,0,0,0,0
2025-04-01,2025,4,Apr,2,AIESEC in Surat,GTe,outgoing,oGTe,5,2,1,1,1,1,1
2025-04-01,2025,4,Apr,2,AIESEC in Surat,GV,outgoing,oGV,15,8,8,7,6,5,5
2025-04-01,2025,4,Apr,2,AIESEC in Vellore,GTa,incoming,iGTa,0,0,0,0,0,0,0
2025-04-01,2025,4,Apr,2,AIESEC in Vellore,GTe,incoming,iGTe,0,0,0,0,0,0,0
2025-04-01,2025,4,Apr,2,AIESEC in Vellore,GV,incoming,iGV,7,3,2,2,2,2,2
2025-04-01,2025,4,Apr,2,AIESEC in Vellore,GTa,outgoing,oGTa,2,1,1,0,0,0,0
2025-04-01,2025,4,Apr,2,AIESEC in Vellore,GTe,outgoing,oGTe,1,1,1,1,0,0,0
2025-04-01,2025,4,Apr,2,AIESEC in Vellore,GV,outgoing,oGV,14,8,6,5,4,4,4
2025-05-01,2025,5,May,2,AIESEC in Ahmedabad,GTa,incoming,iGTa,4,3,2,2,2,2,2
2025-05-01,2025,5,May,2,AIESEC in Ahmedabad,GTe,incoming,iGTe,1,0,0,0,0,0,0
2025-05-01,2025,5,May,2,AIESEC in Ahmedabad,GV,incoming,iGV,12,6,4,4,2,2,1
2025-05-01,2025,5,May,2,AIESEC in Ahmedabad,GTa,outgoing,oGTa,13,4,3,3,2,2,2
2025-05-01,2025,5,May,2,AIESEC in Ahmedabad,GTe,outgoing,oGTe,1,1,1,1,1,1,1
2025-05-01,2025,5,May,2,AIESEC in Ahmedabad,GV,outgoing,oGV,29,13,10,7,7,7,7
2025-05-01,2025,5,May,2,AIESEC in Bangalore,GTa,incoming,iGTa,8,5,4,4,4,4,4
2025-05-01,2025,5,May,2,AIESEC in Bangalore,GTe,incoming,iGTe,3,1,1,1,1,1,1
2025-05-01,2025,5,May,2,AIESEC in Bangalore,GV,incoming,iGV,21,7,2,2,1,1,1
2025-05-01,2025,5,May,2,AIESEC in Bangalore,GTa,outgoing,oGTa,22,9,7,6,5,5,5
2025-05-01,2025,5,May,2,AIESEC in Bangalore,GTe,outgoing,oGTe,3,2,0,0,0,0,0
2025-05-01,2025,5,May,2,AIESEC in Bangalore,GV,outgoing,oGV,47,23,13,12,10,10,9
2025-05-01,2025,5,May,2,AIESEC in Bhubaneswar,GTa,incoming,iGTa,3,2,1,1,1,1,1
2025-05-01,2025,5,May,2,AIESEC in Bhubaneswar,GTe,incoming,iGTe,0,0,0,0,0,0,0
2025-05-01,2025,5,May,2,AIESEC in Bhubaneswar,GV,incoming,iGV,6,2,1,1,1,0,0
2025-05-01,2025,5,May,2,AIESEC in Bhubaneswar,GTa,outgoing,oGTa,11,7,6,6,5,5,5
2025-05-01,2025,5,May,2,AIESEC in Bhubaneswar,GTe,outgoing,oGTe,3,3,3,2,1,1,1
2025-05-01,2025,5,May,2,AIESEC in Bhubaneswar,GV,outgoing,oGV,28,14,11,8,7,7,5
2025-05-01,2025,5,May,2,AIESEC in Chandigarh,GTa,incoming,iGTa,3,1,1,1,1,1,1
2025-05-01,2025,5,May,2,AIESEC in Chandigarh,GTe,incoming,iGTe,0,0,0,0,0,0,0
2025-05-01,2025,5,May,2,AIESEC in Chandigarh,GV,incoming,iGV,5,2,2,2,0,0,0
2025-05-01,2025,5,May,2,AIESEC in Chandigarh,GTa,outgoing,oGTa,5,3,3,3,3,3,3
2025-05-01,2025,5,May,2,AIESEC in Chandigarh,GTe,outgoing,oGTe,1,0,0,0,0,0,0
2025-05-01,2025,5,May,2,AIESEC in Chandigarh,GV,outgoing,oGV,39,13,9,8,6,6,6
2025-05-01,2025,5,May,2,AIESEC in Chennai,GTa,incoming,iGTa,8,4,1,1,1,1,1
2025-05-01,2025,5,May,2,AIESEC in Chennai,GTe,incoming,iGTe,0,0,0,0,0,0,0
2025-05-01,2025,5,May,2,AIESEC in Chennai,GV,incoming,iGV,21,8,6,6,5,5,4
2025-05-01,2025,5,May,2,AIESEC in Chennai,GTa,outgoing,oGTa,14,7,4,4,4,4,4
2025-05-01,2025,5,May,2,AIESEC in Chennai,GTe,outgoing,oGTe,4,3,2,2,2,2,2
2025-05-01,2025,5,May,2,AIESEC in Chennai,GV,outgoing,oGV,59,31,24,17,14,13,13
2025-05-01,2025,5,May,2,AIESEC in Coimbatore,GTa,incoming,iGTa,4,3,3,3,2,2,2
2025-05-01,2025,5,May,2,AIESEC in Coimbatore,GTe,incoming,iGTe,1,0,0,0,0,0,0
2025-05-01,2025,5,May,2,AIESEC in Coimbatore,GV,incoming,iGV,3,1,0,0,0,0,0
2025-05-01,2025,5,May,2,AIESEC in Coimbatore,GTa,outgoing,oGTa,8,6,4,4,4,4,4
2025-05-01,2025,5,May,2,AIESEC in Coimbatore,GTe,outgoing,oGTe,1,0,0,0,0,0,0
2025-05-01,2025,5,May,2,AIESEC in Coimbatore,GV,outgoing,oGV,18,11,10,8,6,6,6
2025-05-01,2025,5,May,2,AIESEC in Delhi IIT,GTa,incoming,iGTa,17,10,9,7,6,6,6
2025-05-01,2025,5,May,2,AIESEC in Delhi IIT,GTe,incoming,iGTe,8,5,2,2,1,1,1
2025-05-01,2025,5,May,2,AIESEC in Delhi IIT,GV,incoming,iGV,53,23,14,11,10,10,8
2025-05-01,2025,5,May,2,AIESEC in Delhi IIT,GTa,outgoing,oGTa,44,18,13,12,11,10,9
2025-05-01,2025,5,May,2,AIESEC in Delhi IIT,GTe,outgoing,oGTe,13,4,3,3,3,3,3
2025-05-01,2025,5,May,2,AIESEC in Delhi IIT,GV,outgoing,oGV,120,56,38,30,26,25,22
2025-05-01,2025,5,May,2,AIESEC in Delhi University,GTa,incoming,iGTa,6,2,2,2,1,1,1
2025-05-01,2025,5,May,2,AIESEC in Delhi University,GTe,incoming,iGTe,3,1,0,0,0,0,0
2025-05-01,2025,5,May,2,AIESEC in Delhi University,GV,incoming,iGV,31,6,2,2,2,1,1
2025-05-01,2025,5,May,2,AIESEC in Delhi University,GTa,outgoing,oGTa,33,22,17,16,16,16,15
2025-05-01,2025,5,May,2,AIESEC in Delhi University,GTe,outgoing,oGTe,14,5,5,5,5,5,5
2025-05-01,2025,5,May,2,AIESEC in Delhi University,GV,outgoing,oGV,93,42,32,24,22,22,18
2025-05-01,2025,5,May,2,AIESEC in Hyderabad,GTa,incoming,iGTa,8,3,2,1,1,1,1
2025-05-01,2025,5,May,2,AIESEC in Hyderabad,GTe,incoming,iGTe,1,0,0,0,0,0,0
2025-05-01,2025,5,May,2,AIESEC in Hyderabad,GV,incoming,iGV,17,9,6,3,2,2,1
2025-05-01,2025,5,May,2,AIESEC in Hyderabad,GTa,outgoing,oGTa,18,9,7,7,5,5,5
2025-05-01,2025,5,May,2,AIESEC in Hyderabad,GTe,outgoing,oGTe,3,0,0,0,0,0,0
2025-05-01,2025,5,May,2,AIESEC in Hyderabad,GV,outgoing,oGV,43,20,14,12,10,10,9
2025-05-01,2025,5,May,2,AIESEC in Indore,GTa,incoming,iGTa,5,3,3,3,2,2,2
2025-05-01,2025,5,May,2,AIESEC in Indore,GTe,incoming,iGTe,2,0,0,0,0,0,0
2025-05-01,2025,5,May,2,AIESEC in Indore,GV,incoming,iGV,13,3,2,2,0,0,0
2025-05-01,2025,5,May,2,AIESEC in Indore,GTa,outgoing,oGTa,17,13,10,10,10,10,10
2025-05-01,2025,5,May,2,AIESEC in Indore,GTe,outgoing,oGTe,6,2,1,1,1,1,0
2025-05-01,2025,5,May,2,AIESEC in Indore,GV,outgoing,oGV,35,12,7,6,4,4,3
2025-05-01,2025,5,May,2,AIESEC in Jaipur,GTa,incoming,iGTa,2,0,0,0,0,0,0
2025-05-01,2025,5,May,2,AIESEC in Jaipur,GTe,incoming,iGTe,1,0,0,0,0,0,0
2025-05-01,2025,5,May,2,AIESEC in Jaipur,GV,incoming,iGV,16,6,4,3,2,2,1
2025-05-01,2025,5,May,2,AIESEC in Jaipur,GTa,outgoing,oGTa,12,9,6,6,6,6,6
2025-05-01,2025,5,May,2,AIESEC in Jaipur,GTe,outgoing,oGTe,3,2,2,1,0,0,0
2025-05-01,2025,5,May,2,AIESEC in Jaipur,GV,outgoing,oGV,22,13,9,9,6,6,5
2025-05-01,2025,5,May,2,AIESEC in Kochi,GTa,incoming,iGTa,5,1,1,1,0,0,0
2025-05-01,2025,5,May,2,AIESEC in Kochi,GTe,incoming,iGTe,0,0,0,0,0,0,0
2025-05-01,2025,5,May,2,AIESEC in Kochi,GV,incoming,iGV,5,1,0,0,0,0,0
2025-05-01,2025,5,May,2,AIESEC in Kochi,GTa,outgoing,oGTa,8,3,1,1,0,0,0
2025-05-01,2025,5,May,2,AIESEC in Kochi,GTe,outgoing,oGTe,3,1,1,1,1,1,1
2025-05-01,2025,5,May,2,AIESEC in Kochi,GV,outgoing,oGV,28,13,10,7,2,2,0
2025-05-01,2025,5,May,2,AIESEC in Kolkata,GTa,incoming,iGTa,6,1,1,1,1,1,1
2025-05-01,2025,5,May,2,AIESEC in Kolkata,GTe,incoming,iGTe,0,0,0,0,0,0,0
2025-05-01,2025,5,May,2,AIESEC in Kolkata,GV,incoming,iGV,10,5,4,3,2,1,0
2025-05-01,2025,5,May,2,AIESEC in Kolkata,GTa,outgoing,oGTa,6,1,1,1,1,1,1
2025-05-01,2025,5,May,2,AIESEC in Kolkata,GTe,outgoing,oGTe,6,2,2,1,1,1,1
2025-05-01,2025,5,May,2,AIESEC in Kolkata,GV,outgoing,oGV,37,17,14,13,10,10,9
2025-05-01,2025,5,May,2,AIESEC in Lucknow,GTa,incoming,iGTa,1,1,1,1,1,1,1
2025-05-01,2025,5,May,2,AIESEC in Lucknow,GTe,incoming,iGTe,1,0,0,0,0,0,0
2025-05-01,2025,5,May,2,AIESEC in Lucknow,GV,incoming,iGV,11,4,3,3,2,2,2
2025-05-01,2025,5,May,2,AIESEC in Lucknow,GTa,outgoing,oGTa,10,3,3,3,2,1,1
2025-05-01,2025,5,May,2,AIESEC in Lucknow,GTe,outgoing,oGTe,6,3,1,1,1,0,0
2025-05-01,2025,5,May,2,AIESEC in Lucknow,GV,outgoing,oGV,37,16,10,7,7,7,5
2025-05-01,2025,5,May,2,AIESEC in Manipal,GTa,incoming,iGTa,0,0,0,0,0,0,0
2025-05-01,2025,5,May,2,AIESEC in Manipal,GTe,incoming,iGTe,0,0,0,0,0,0,0
2025-05-01,2025,5,May,2,AIESEC in Manipal,GV,incoming,iGV,6,3,2,1,1,1,0
2025-05-01,2025,5,May,2,AIESEC in Manipal,GTa,outgoing,oGTa,7,2,1,1,1,1,1
2025-05-01,2025,5,May,2,AIESEC in Manipal,GTe,outgoing,oGTe,4,1,1,0,0,0,0
2025-05-01,2025,5,May,2,AIESEC in Manipal,GV,outgoing,oGV,32,15,10,9,6,5,4
2025-05-01,2025,5,May,2,AIESEC in Mumbai,GTa,incoming,iGTa,13,3,3,2,2,2,2
2025-05-01,2025,5,May,2,AIESEC in Mumbai,GTe,incoming,iGTe,3,1,0,0,0,0,0
2025-05-01,2025,5,May,2,AIESEC in Mumbai,GV,incoming,iGV,23,11,2,2,2,2,2
2025-05-01,2025,5,May,2,AIESEC in Mumbai,GTa,outgoing,oGTa,27,10,9,9,7,7,7
2025-05-01,2025,5,May,2,AIESEC in Mumbai,GTe,outgoing,oGTe,8,5,4,4,2,2,2
2025-05-01,2025,5,May,2,AIESEC in Mumbai,GV,outgoing,oGV,80,34,23,16,11,9,9
2025-05-01,2025,5,May,2,AIESEC in Nagpur,GTa,incoming,iGTa,1,1,1,1,1,1,1
2025-05-01,2025,5,May,2,AIESEC in Nagpur,GTe,incoming,iGTe,0,0,0,0,0,0,0
2025-05-01,2025,5,May,2,AIESEC in Nagpur,GV,incoming,iGV,12,5,3,2,1,1,1
2025-05-01,2025,5,May,2,AIESEC in Nagpur,GTa,outgoing,oGTa,9,6,3,3,3,3,3
2025-05-01,2025,5,May,2,AIESEC in Nagpur,GTe,outgoing,oGTe,1,0,0,0,0,0,0
2025-05-01,2025,5,May,2,AIESEC in Nagpur,GV,outgoing,oGV,31,13,13,10,7,7,7
2025-05-01,2025,5,May,2,AIESEC in Pune,GTa,incoming,iGTa,7,1,1,0,0,0,0
2025-05-01,2025,5,May,2,AIESEC in Pune,GTe,incoming,iGTe,2,2,0,0,0,0,0
2025-05-01,2025,5,May,2,AIESEC in Pune,GV,incoming,iGV,23,7,6,5,4,4,3
2025-05-01,2025,5,May,2,AIESEC in Pune,GTa,outgoing,oGTa,25,10,9,8,6,5,5
2025-05-01,2025,5,May,2,AIESEC in Pune,GTe,outgoing,oGTe,4,1,1,0,0,0,0
2025-05-01,2025,5,May,2,AIESEC in Pune,GV,outgoing,oGV,58,30,19,13,12,12,12
2025-05-01,2025,5,May,2,AIESEC in Surat,GTa,incoming,iGTa,0,0,0,0,0,0,0
2025-05-01,2025,5,May,2,AIESEC in Surat,GTe,incoming,iGTe,1,0,0,0,0,0,0
2025-05-01,2025,5,May,2,AIESEC in Surat,GV,incoming,iGV,12,6,5,4,4,4,4
2025-05-01,2025,5,May,2,AIESEC in Surat,GTa,outgoing,oGTa,10,5,3,3,2,2,2
2025-05-01,2025,5,May,2,AIESEC in Surat,GTe,outgoing,oGTe,4,2,2,1,1,1,1
2025-05-01,2025,5,May,2,AIESEC in Surat,GV,outgoing,oGV,16,9,5,5,3,3,3
2025-05-01,2025,5,May,2,AIESEC in Vellore,GTa,incoming,iGTa,1,1,0,0,0,0,0
2025-05-01,2025,5,May,2,AIESEC in Vellore,GTe,incoming,iGTe,1,0,0,0,0,0,0
2025-05-01,2025,5,May,2,AIESEC in Vellore,GV,incoming,iGV,8,5,5,5,4,4,4
2025-05-01,2025,5,May,2,AIESEC in Vellore,GTa,outgoing,oGTa,5,1,1,1,0,0,0
2025-05-01,2025,5,May,2,AIESEC in Vellore,GTe,outgoing,oGTe,3,0,0,0,0,0,0
2025-05-01,2025,5,May,2,AIESEC in Vellore,GV,outgoing,oGV,17,10,5,5,4,4,4
2025-06-01,2025,6,Jun,2,AIESEC in Ahmedabad,GTa,incoming,iGTa,5,0,0,0,0,0,0
2025-06-01,2025,6,Jun,2,AIESEC in Ahmedabad,GTe,incoming,iGTe,1,0,0,0,0,0,0
2025-06-01,2025,6,Jun,2,AIESEC in Ahmedabad,GV,incoming,iGV,20,7,6,6,2,2,2
2025-06-01,2025,6,Jun,2,AIESEC in Ahmedabad,GTa,outgoing,oGTa,9,5,2,2,1,1,1
2025-06-01,2025,6,Jun,2,AIESEC in Ahmedabad,GTe,outgoing,oGTe,6,3,2,2,2,2,2
2025-06-01,2025,6,Jun,2,AIESEC in Ahmedabad,GV,outgoing,oGV,25,7,5,4,3,3,3
2025-06-01,2025,6,Jun,2,AIESEC in Bangalore,GTa,incoming,iGTa,9,5,3,3,2,2,1
2025-06-01,2025,6,Jun,2,AIESEC in Bangalore,GTe,incoming,iGTe,1,0,0,0,0,0,0
2025-06-01,2025,6,Jun,2,AIESEC in Bangalore,GV,incoming,iGV,25,11,7,6,5,5,4
2025-06-01,2025,6,Jun,2,AIESEC in Bangalore,GTa,outgoing,oGTa,13,3,2,2,2,2,2
2025-06-01,2025,6,Jun,2,AIESEC in Bangalore,GTe,outgoing,oGTe,8,5,2,2,2,2,2
2025-06-01,2025,6,Jun,2,AIESEC in Bangalore,GV,outgoing,oGV,44,20,11,10,6,6,6
2025-06-01,2025,6,Jun,2,AIESEC in Bhubaneswar,GTa,incoming,iGTa,2,0,0,0,0,0,0
2025-06-01,2025,6,Jun,2,AIESEC in Bhubaneswar,GTe,incoming,iGTe,0,0,0,0,0,0,0
2025-06-01,2025,6,Jun,2,AIESEC in Bhubaneswar,GV,incoming,iGV,9,5,4,2,2,2,1
2025-06-01,2025,6,Jun,2,AIESEC in Bhubaneswar,GTa,outgoing,oGTa,14,9,8,7,6,6,6
2025-06-01,2025,6,Jun,2,AIESEC in Bhubaneswar,GTe,outgoing,oGTe,1,0,0,0,0,0,0
2025-06-01,2025,6,Jun,2,AIESEC in Bhubaneswar,GV,outgoing,oGV,22,7,6,2,2,2,2
2025-06-01,2025,6,Jun,2,AIESEC in Chandigarh,GTa,incoming,iGTa,2,1,0,0,0,0,0
2025-06-01,2025,6,Jun,2,AIESEC in Chandigarh,GTe,incoming,iGTe,2,0,0,0,0,0,0
2025-06-01,2025,6,Jun,2,AIESEC in Chandigarh,GV,incoming,iGV,10,6,3,2,2,2,1
2025-06-01,2025,6,Jun,2,AIESEC in Chandigarh,GTa,outgoing,oGTa,11,5,4,4,3,3,3
2025-06-01,2025,6,Jun,2,AIESEC in Chandigarh,GTe,outgoing,oGTe,6,3,0,0,0,0,0
2025-06-01,2025,6,Jun,2,AIESEC in Chandigarh,GV,outgoing,oGV,33,19,15,13,11,11,9
2025-06-01,2025,6,Jun,2,AIESEC in Chennai,GTa,incoming,iGTa,4,1,1,1,1,1,0
2025-06-01,2025,6,Jun,2,AIESEC in Chennai,GTe,incoming,iGTe,2,2,1,1,0,0,0
2025-06-01,2025,6,Jun,2,AIESEC in Chennai,GV,incoming,iGV,14,4,2,1,1,1,1
2025-06-01,2025,6,Jun,2,AIESEC in Chennai,GTa,outgoing,oGTa,26,15,9,8,6,5,5
2025-06-01,2025,6,Jun,2,AIESEC in Chennai,GTe,outgoing,oGTe,4,1,1,1,1,1,1
2025-06-01,2025,6,Jun,2,AIESEC in Chennai,GV,outgoing,oGV,56,26,20,19,17,17,14
2025-06-01,2025,6,Jun,2,AIESEC in Coimbatore,GTa,incoming,iGTa,3,2,1,1,1,1,1
2025-06-01,2025,6,Jun,2,AIESEC in Coimbatore,GTe,incoming,iGTe,0,0,0,0,0,0,0
2025-06-01,2025,6,Jun,2,AIESEC in Coimbatore,GV,incoming,iGV,3,1,0,0,0,0,0
2025-06-01,2025,6,Jun,2,AIESEC in Coimbatore,GTa,outgoing,oGTa,8,2,2,2,2,2,2
2025-06-01,2025,6,Jun,2,AIESEC in Coimbatore,GTe,outgoing,oGTe,2,2,1,1,1,1,1
2025-06-01,2025,6,Jun,2,AIESEC in Coimbatore,GV,outgoing,oGV,26,10,6,5,4,4,3
2025-06-01,2025,6,Jun,2,AIESEC in Delhi IIT,GTa,incoming,iGTa,15,3,3,3,3,3,3
2025-06-01,2025,6,Jun,2,AIESEC in Delhi IIT,GTe,incoming,iGTe,7,5,1,1,0,0,0
2025-06-01,2025,6,Jun,2,AIESEC in Delhi IIT,GV,incoming,iGV,73,29,16,11,7,7,6
2025-06-01,2025,6,Jun,2,AIESEC in Delhi IIT,GTa,outgoing,oGTa,36,19,13,11,11,10,10
2025-06-01,2025,6,Jun,2,AIESEC in Delhi IIT,GTe,outgoing,oGTe,23,10,8,8,7,7,7
2025-06-01,2025,6,Jun,2,AIESEC in Delhi IIT,GV,outgoing,oGV,196,78,52,42,37,36,32
2025-06-01,2025,6,Jun,2,AIESEC in Delhi University,GTa,incoming,iGTa,13,6,3,3,2,2,1
2025-06-01,2025,6,Jun,2,AIESEC in Delhi University,GTe,incoming,iGTe,2,1,1,1,1,1,1
2025-06-01,2025,6,Jun,2,AIESEC in Delhi University,GV,incoming,iGV,41,18,12,8,4,4,3
2025-06-01,2025,6,Jun,2,AIESEC in Delhi University,GTa,outgoing,oGTa,43,21,21,13,10,8,8
2025-06-01,2025,6,Jun,2,AIESEC in Delhi University,GTe,outgoing,oGTe,6,5,4,4,3,3,2
2025-06-01,2025,6,Jun,2,AIESEC in Delhi University,GV,outgoing,oGV,83,35,26,22,17,15,13
2025-06-01,2025,6,Jun,2,AIESEC in Hyderabad,GTa,incoming,iGTa,5,2,1,1,1,1,1
2025-06-01,2025,6,Jun,2,AIESEC in Hyderabad,GTe,incoming,iGTe,1,0,0,0,0,0,0
2025-06-01,2025,6,Jun,2,AIESEC in Hyderabad,GV,incoming,iGV,21,11,9,8,8,7,7
2025-06-01,2025,6,Jun,2,AIESEC in Hyderabad,GTa,outgoing,oGTa,16,6,4,4,4,3,3
2025-06-01,2025,6,Jun,2,AIESEC in Hyderabad,GTe,outgoing,oGTe,4,2,2,2,2,2,2
2025-06-01,2025,6,Jun,2,AIESEC in Hyderabad,GV,outgoing,oGV,49,28,20,18,15,15,15
2025-06-01,2025,6,Jun,2,AIESEC in Indore,GTa,incoming,iGTa,4,2,2,0,0,0,0
2025-06-01,2025,6,Jun,2,AIESEC in Indore,GTe,incoming,iGTe,1,0,0,0,0,0,0
2025-06-01,2025,6,Jun,2,AIESEC in Indore,GV,incoming,iGV,16,4,1,1,1,1,1
2025-06-01,2025,6,Jun,2,AIESEC in Indore,GTa,outgoing,oGTa,6,2,0,0,0,0,0
2025-06-01,2025,6,Jun,2,AIESEC in Indore,GTe,outgoing,oGTe,7,4,3,2,2,2,2
2025-06-01,2025,6,Jun,2,AIESEC in Indore,GV,outgoing,oGV,22,13,11,8,5,4,4
2025-06-01,2025,6,Jun,2,AIESEC in Jaipur,GTa,incoming,iGTa,5,1,1,1,1,1,1
2025-06-01,2025,6,Jun,2,AIESEC in Jaipur,GTe,incoming,iGTe,2,1,1,1,1,1,1
2025-06-01,2025,6,Jun,2,AIESEC in Jaipur,GV,incoming,iGV,11,2,2,2,2,2,2
2025-06-01,2025,6,Jun,2,AIESEC in Jaipur,GTa,outgoing,oGTa,13,11,9,4,4,4,4
2025-06-01,2025,6,Jun,2,AIESEC in Jaipur,GTe,outgoing,oGTe,2,1,1,1,0,0,0
2025-06-01,2025,6,Jun,2,AIESEC in Jaipur,GV,outgoing,oGV,27,12,10,8,8,8,8
2025-06-01,2025,6,Jun,2,AIESEC in Kochi,GTa,incoming,iGTa,1,1,1,1,1,1,1
2025-06-01,2025,6,Jun,2,AIESEC in Kochi,GTe,incoming,iGTe,0,0,0,0,0,0,0
2025-06-01,2025,6,Jun,2,AIESEC in Kochi,GV,incoming,iGV,9,1,1,1,1,1,0
2025-06-01,2025,6,Jun,2,AIESEC in Kochi,GTa,outgoing,oGTa,10,6,5,5,5,5,5
2025-06-01,2025,6,Jun,2,AIESEC in Kochi,GTe,outgoing,oGTe,0,0,0,0,0,0,0
2025-06-01,2025,6,Jun,2,AIESEC in Kochi,GV,outgoing,oGV,31,11,7,6,3,3,3
2025-06-01,2025,6,Jun,2,AIESEC in Kolkata,GTa,incoming,iGTa,4,3,2,2,2,2,2
2025-06-01,2025,6,Jun,2,AIESEC in Kolkata,GTe,incoming,iGTe,1,1,1,1,1,1,1
2025-06-01,2025,6,Jun,2,AIESEC in Kolkata,GV,incoming,iGV,15,10,7,5,4,3,3
2025-06-01,2025,6,Jun,2,AIESEC in Kolkata,GTa,outgoing,oGTa,14,6,4,3,2,2,2
2025-06-01,2025,6,Jun,2,AIESEC in Kolkata,GTe,outgoing,oGTe,6,3,2,2,2,2,2
2025-06-01,2025,6,Jun,2,AIESEC in Kolkata,GV,outgoing,oGV,53,22,12,11,7,6,5
2025-06-01,2025,6,Jun,2,AIESEC in Lucknow,GTa,incoming,iGTa,11,4,3,3,2,2,1
2025-06-01,2025,6,Jun,2,AIESEC in Lucknow,GTe,incoming,iGTe,1,1,1,1,1,1,0
2025-06-01,2025,6,Jun,2,AIESEC in Lucknow,GV,incoming,iGV,11,4,4,3,0,0,0
2025-06-01,2025,6,Jun,2,AIESEC in Lucknow,GTa,outgoing,oGTa,15,11,5,5,4,4,4
2025-06-01,2025,6,Jun,2,AIESEC in Lucknow,GTe,outgoing,oGTe,2,1,1,1,1,1,1
2025-06-01,2025,6,Jun,2,AIESEC in Lucknow,GV,outgoing,oGV,41,17,7,4,2,2,2
2025-06-01,2025,6,Jun,2,AIESEC in Manipal,GTa,incoming,iGTa,1,1,1,1,1,1,1
2025-06-01,2025,6,Jun,2,AIESEC in Manipal,GTe,incoming,iGTe,1,0,0,0,0,0,0
2025-06-01,2025,6,Jun,2,AIESEC in Manipal,GV,incoming,iGV,5,3,0,0,0,0,0
2025-06-01,2025,6,Jun,2,AIESEC in Manipal,GTa,outgoing,oGTa,6,2,1,1,1,1,1
2025-06-01,2025,6,Jun,2,AIESEC in Manipal,GTe,outgoing,oGTe,2,1,0,0,0,0,0
2025-06-01,2025,6,Jun,2,AIESEC in Manipal,GV,outgoing,oGV,38,20,14,11,10,8,8
2025-06-01,2025,6,Jun,2,AIESEC in Mumbai,GTa,incoming,iGTa,9,4,3,3,1,1,1
2025-06-01,2025,6,Jun,2,AIESEC in Mumbai,GTe,incoming,iGTe,4,2,2,2,2,2,2
2025-06-01,2025,6,Jun,2,AIESEC in Mumbai,GV,incoming,iGV,37,12,9,9,8,7,7
2025-06-01,2025,6,Jun,2,AIESEC in Mumbai,GTa,outgoing,oGTa,26,15,10,10,6,6,6
2025-06-01,2025,6,Jun,2,AIESEC in Mumbai,GTe,outgoing,oGTe,11,4,4,4,4,4,4
2025-06-01,2025,6,Jun,2,AIESEC in Mumbai,GV,outgoing,oGV,71,32,26,22,17,17,17
2025-06-01,2025,6,Jun,2,AIESEC in Nagpur,GTa,incoming,iGTa,5,4,3,3,3,3,3
2025-06-01,2025,6,Jun,2,AIESEC in Nagpur,GTe,incoming,iGTe,3,2,1,1,1,1,0
2025-06-01,2025,6,Jun,2,AIESEC in Nagpur,GV,incoming,iGV,14,7,6,2,1,1,1
2025-06-01,2025,6,Jun,2,AIESEC in Nagpur,GTa,outgoing,oGTa,6,2,1,1,1,1,0
2025-06-01,2025,6,Jun,2,AIESEC in Nagpur,GTe,outgoing,oGTe,5,2,2,2,2,2,2
2025-06-01,2025,6,Jun,2,AIESEC in Nagpur,GV,outgoing,oGV,26,11,6,5,5,5,5
2025-06-01,2025,6,Jun,2,AIESEC in Pune,GTa,incoming,iGTa,10,3,3,2,2,2,2
2025-06-01,2025,6,Jun,2,AIESEC in Pune,GTe,incoming,iGTe,6,2,1,1,0,0,0
2025-06-01,2025,6,Jun,2,AIESEC in Pune,GV,incoming,iGV,26,10,7,7,4,3,3
2025-06-01,2025,6,Jun,2,AIESEC in Pune,GTa,outgoing,oGTa,28,14,13,13,11,11,11
2025-06-01,2025,6,Jun,2,AIESEC in Pune,GTe,outgoing,oGTe,6,2,1,1,0,0,0
2025-06-01,2025,6,Jun,2,AIESEC in Pune,GV,outgoing,oGV,55,23,17,16,15,15,14
2025-06-01,2025,6,Jun,2,AIESEC in Surat,GTa,incoming,iGTa,2,1,1,1,0,0,0
2025-06-01,2025,6,Jun,2,AIESEC in Surat,GTe,incoming,iGTe,1,1,1,0,0,0,0
2025-06-01,2025,6,Jun,2,AIESEC in Surat,GV,incoming,iGV,10,3,3,2,1,1,1
2025-06-01,2025,6,Jun,2,AIESEC in Surat,GTa,outgoing,oGTa,6,2,1,0,0,0,0
2025-06-01,2025,6,Jun,2,AIESEC in Surat,GTe,outgoing,oGTe,2,1,0,0,0,0,0
2025-06-01,2025,6,Jun,2,AIESEC in Surat,GV,outgoing,oGV,29,14,8,6,4,3,3
2025-06-01,2025,6,Jun,2,AIESEC in Vellore,GTa,incoming,iGTa,3,3,1,1,1,1,1
2025-06-01,2025,6,Jun,2,AIESEC in Vellore,GTe,incoming,iGTe,1,1,1,0,0,0,0
2025-06-01,2025,6,Jun,2,AIESEC in Vellore,GV,incoming,iGV,8,4,4,3,1,1,1
2025-06-01,2025,6,Jun,2,AIESEC in Vellore,GTa,outgoing,oGTa,6,2,1,1,1,1,1
2025-06-01,2025,6,Jun,2,AIESEC in Vellore,GTe,outgoing,oGTe,4,1,1,1,1,1,1
2025-06-01,2025,6,Jun,2,AIESEC in Vellore,GV,outgoing,oGV,20,8,6,6,4,4,4
2025-07-01,2025,7,Jul,3,AIESEC in Ahmedabad,GTa,incoming,iGTa,0,0,0,0,0,0,0
2025-07-01,2025,7,Jul,3,AIESEC in Ahmedabad,GTe,incoming,iGTe,1,1,1,1,1,1,1
2025-07-01,2025,7,Jul,3,AIESEC in Ahmedabad,GV,incoming,iGV,21,8,7,5,4,4,3
2025-07-01,2025,7,Jul,3,AIESEC in Ahmedabad,GTa,outgoing,oGTa,9,5,4,4,3,3,3
2025-07-01,2025,7,Jul,3,AIESEC in Ahmedabad,GTe,outgoing,oGTe,6,2,2,2,2,2,2
2025-07-01,2025,7,Jul,3,AIESEC in Ahmedabad,GV,outgoing,oGV,24,15,13,12,10,8,6
2025-07-01,2025,7,Jul,3,AIESEC in Bangalore,GTa,incoming,iGTa,8,5,3,3,2,2,2
2025-07-01,2025,7,Jul,3,AIESEC in Bangalore,GTe,incoming,iGTe,1,1,1,1,0,0,0
2025-07-01,2025,7,Jul,3,AIESEC in Bangalore,GV,incoming,iGV,14,11,4,4,2,2,2
2025-07-01,2025,7,Jul,3,AIESEC in Bangalore,GTa,outgoing,oGTa,12,9,9,6,4,4,4
2025-07-01,2025,7,Jul,3,AIESEC in Bangalore,GTe,outgoing,oGTe,1,0,0,0,0,0,0
2025-07-01,2025,7,Jul,3,AIESEC in Bangalore,GV,outgoing,oGV,32,17,10,7,4,4,4
2025-07-01,2025,7,Jul,3,AIESEC in Bhubaneswar,GTa,incoming,iGTa,1,0,0,0,0,0,0
2025-07-01,2025,7,Jul,3,AIESEC in Bhubaneswar,GTe,incoming,iGTe,0,0,0,0,0,0,0
2025-07-01,2025,7,Jul,3,AIESEC in Bhubaneswar,GV,incoming,iGV,10,8,6,3,2,2,2
2025-07-01,2025,7,Jul,3,AIESEC in Bhubaneswar,GTa,outgoing,oGTa,8,6,4,4,4,4,3
2025-07-01,2025,7,Jul,3,AIESEC in Bhubaneswar,GTe,outgoing,oGTe,5,3,1,1,1,1,1
2025-07-01,2025,7,Jul,3,AIESEC in Bhubaneswar,GV,outgoing,oGV,19,9,8,8,7,6,6
2025-07-01,2025,7,Jul,3,AIESEC in Chandigarh,GTa,incoming,iGTa,4,1,1,1,1,1,1
2025-07-01,2025,7,Jul,3,AIESEC in Chandigarh,GTe,incoming,iGTe,0,0,0,0,0,0,0
2025-07-01,2025,7,Jul,3,AIESEC in Chandigarh,GV,incoming,iGV,16,8,5,4,0,0,0
2025-07-01,2025,7,Jul,3,AIESEC in Chandigarh,GTa,outgoing,oGTa,8,3,3,3,3,3,3
2025-07-01,2025,7,Jul,3,AIESEC in Chandigarh,GTe,outgoing,oGTe,2,1,1,0,0,0,0
2025-07-01,2025,7,Jul,3,AIESEC in Chandigarh,GV,outgoing,oGV,26,7,6,5,3,3,3
2025-07-01,2025,7,Jul,3,AIESEC in Chennai,GTa,incoming,iGTa,5,4,3,2,2,2,2
2025-07-01,2025,7,Jul,3,AIESEC in Chennai,GTe,incoming,iGTe,1,1,0,0,0,0,0
2025-07-01,2025,7,Jul,3,AIESEC in Chennai,GV,incoming,iGV,12,9,4,4,3,3,2
2025-07-01,2025,7,Jul,3,AIESEC in Chennai,GTa,outgoing,oGTa,20,9,9,8,7,7,7
2025-07-01,2025,7,Jul,3,AIESEC in Chennai,GTe,outgoing,oGTe,6,3,2,1,0,0,0
2025-07-01,2025,7,Jul,3,AIESEC in Chennai,GV,outgoing,oGV,41,18,12,9,7,6,6
2025-07-01,2025,7,Jul,3,AIESEC in Coimbatore,GTa,incoming,iGTa,4,3,3,3,3,3,3
2025-07-01,2025,7,Jul,3,AIESEC in Coimbatore,GTe,incoming,iGTe,1,1,1,1,1,1,1
2025-07-01,2025,7,Jul,3,AIESEC in Coimbatore,GV,incoming,iGV,10,1,0,0,0,0,0
2025-07-01,2025,7,Jul,3,AIESEC in Coimbatore,GTa,outgoing,oGTa,9,5,4,4,4,4,4
2025-07-01,2025,7,Jul,3,AIESEC in Coimbatore,GTe,outgoing,oGTe,1,0,0,0,0,0,0
2025-07-01,2025,7,Jul,3,AIESEC in Coimbatore,GV,outgoing,oGV,20,10,7,7,5,5,5
2025-07-01,2025,7,Jul,3,AIESEC in Delhi IIT,GTa,incoming,iGTa,13,6,5,4,4,4,4
2025-07-01,2025,7,Jul,3,AIESEC in Delhi IIT,GTe,incoming,iGTe,6,2,1,1,1,1,1
2025-07-01,2025,7,Jul,3,AIESEC in Delhi IIT,GV,incoming,iGV,55,22,13,8,7,7,7
2025-07-01,2025,7,Jul,3,AIESEC in Delhi IIT,GTa,outgoing,oGTa,55,23,15,15,11,10,9
2025-07-01,2025,7,Jul,3,AIESEC in Delhi IIT,GTe,outgoing,oGTe,15,4,2,2,1,1,1
2025-07-01,2025,7,Jul,3,AIESEC in Delhi IIT,GV,outgoing,oGV,101,48,38,33,26,26,24
2025-07-01,2025,7,Jul,3,AIESEC in Delhi University,GTa,incoming,iGTa,12,4,3,3,2,2,2
2025-07-01,2025,7,Jul,3,AIESEC in Delhi University,GTe,incoming,iGTe,2,1,1,1,1,1,1
2025-07-01,2025,7,Jul,3,AIESEC in Delhi University,GV,incoming,iGV,29,11,9,8,7,6,5
2025-07-01,2025,7,Jul,3,AIESEC in Delhi University,GTa,outgoing,oGTa,25,16,14,13,13,13,12
2025-07-01,2025,7,Jul,3,AIESEC in Delhi University,GTe,outgoing,oGTe,3,2,1,1,1,1,1
2025-07-01,2025,7,Jul,3,AIESEC in Delhi University,GV,outgoing,oGV,91,42,27,19,15,12,12
2025-07-01,2025,7,Jul,3,AIESEC in Hyderabad,GTa,incoming,iGTa,4,3,2,2,1,1,1
2025-07-01,2025,7,Jul,3,AIESEC in Hyderabad,GTe,incoming,iGTe,2,0,0,0,0,0,0
2025-07-01,2025,7,Jul,3,AIESEC in Hyderabad,GV,incoming,iGV,20,9,5,5,3,3,3
2025-07-01,2025,7,Jul,3,AIESEC in Hyderabad,GTa,outgoing,oGTa,14,10,8,7,6,6,5
2025-07-01,2025,7,Jul,3,AIESEC in Hyderabad,GTe,outgoing,oGTe,6,1,1,1,0,0,0
2025-07-01,2025,7,Jul,3,AIESEC in Hyderabad,GV,outgoing,oGV,40,13,9,7,5,5,3
2025-07-01,2025,7,Jul,3,AIESEC in Indore,GTa,incoming,iGTa,6,1,1,0,0,0,0
2025-07-01,2025,7,Jul,3,AIESEC in Indore,GTe,incoming,iGTe,1,0,0,0,0,0,0
2025-07-01,2025,7,Jul,3,AIESEC in Indore,GV,incoming,iGV,12,4,3,3,2,2,2
2025-07-01,2025,7,Jul,3,AIESEC in Indore,GTa,outgoing,oGTa,6,3,3,3,3,3,3
2025-07-01,2025,7,Jul,3,AIESEC in Indore,GTe,outgoing,oGTe,2,1,1,0,0,0,0
2025-07-01,2025,7,Jul,3,AIESEC in Indore,GV,outgoing,oGV,22,10,5,4,0,0,0
2025-07-01,2025,7,Jul,3,AIESEC in Jaipur,GTa,incoming,iGTa,3,2,1,1,0,0,0
2025-07-01,2025,7,Jul,3,AIESEC in Jaipur,GTe,incoming,iGTe,1,1,1,1,1,1,1
2025-07-01,2025,7,Jul,3,AIESEC in Jaipur,GV,incoming,iGV,13,7,6,4,3,3,3
2025-07-01,2025,7,Jul,3,AIESEC in Jaipur,GTa,outgoing,oGTa,9,5,4,4,3,2,2
2025-07-01,2025,7,Jul,3,AIESEC in Jaipur,GTe,outgoing,oGTe,7,1,0,0,0,0,0
2025-07-01,2025,7,Jul,3,AIESEC in Jaipur,GV,outgoing,oGV,22,10,6,6,5,5,5
2025-07-01,2025,7,Jul,3,AIESEC in Kochi,GTa,incoming,iGTa,4,2,2,0,0,0,0
2025-07-01,2025,7,Jul,3,AIESEC in Kochi,GTe,incoming,iGTe,1,1,0,0,0,0,0
2025-07-01,2025,7,Jul,3,AIESEC in Kochi,GV,incoming,iGV,11,6,4,2,2,2,1
2025-07-01,2025,7,Jul,3,AIESEC in Kochi,GTa,outgoing,oGTa,7,3,2,2,2,2,2
2025-07-01,2025,7,Jul,3,AIESEC in Kochi,GTe,outgoing,oGTe,1,1,0,0,0,0,0
2025-07-01,2025,7,Jul,3,AIESEC in Kochi,GV,outgoing,oGV,15,6,5,2,2,2,2
2025-07-01,2025,7,Jul,3,AIESEC in Kolkata,GTa,incoming,iGTa,4,0,0,0,0,0,0
2025-07-01,2025,7,Jul,3,AIESEC in Kolkata,GTe,incoming,iGTe,1,1,1,1,1,1,1
2025-07-01,2025,7,Jul,3,AIESEC in Kolkata,GV,incoming,iGV,9,5,3,3,3,3,2
2025-07-01,2025,7,Jul,3,AIESEC in Kolkata,GTa,outgoing,oGTa,11,5,3,2,2,2,2
2025-07-01,2025,7,Jul,3,AIESEC in Kolkata,GTe,outgoing,oGTe,9,6,4,3,3,3,3
2025-07-01,2025,7,Jul,3,AIESEC in Kolkata,GV,outgoing,oGV,29,18,11,9,5,5,5
2025-07-01,2025,7,Jul,3,AIESEC in Lucknow,GTa,incoming,iGTa,4,1,1,1,1,1,1
2025-07-01,2025,7,Jul,3,AIESEC in Lucknow,GTe,incoming,iGTe,4,2,1,1,1,1,1
2025-07-01,2025,7,Jul,3,AIESEC in Lucknow,GV,incoming,iGV,15,7,5,5,5,5,5
2025-07-01,2025,7,Jul,3,AIESEC in Lucknow,GTa,outgoing,oGTa,8,2,2,2,2,2,2
2025-07-01,2025,7,Jul,3,AIESEC in Lucknow,GTe,outgoing,oGTe,5,3,3,1,1,1,1
2025-07-01,2025,7,Jul,3,AIESEC in Lucknow,GV,outgoing,oGV,20,14,10,8,2,2,2
2025-07-01,2025,7,Jul,3,AIESEC in Manipal,GTa,incoming,iGTa,0,0,0,0,0,0,0
2025-07-01,2025,7,Jul,3,AIESEC in Manipal,GTe,incoming,iGTe,1,0,0,0,0,0,0
2025-07-01,2025,7,Jul,3,AIESEC in Manipal,GV,incoming,iGV,11,3,3,3,3,3,2
2025-07-01,2025,7,Jul,3,AIESEC in Manipal,GTa,outgoing,oGTa,8,5,5,5,5,4,4
2025-07-01,2025,7,Jul,3,AIESEC in Manipal,GTe,outgoing,oGTe,3,1,1,1,1,1,1
2025-07-01,2025,7,Jul,3,AIESEC in Manipal,GV,outgoing,oGV,18,7,5,5,5,5,5
2025-07-01,2025,7,Jul,3,AIESEC in Mumbai,GTa,incoming,iGTa,14,5,3,3,3,3,3
2025-07-01,2025,7,Jul,3,AIESEC in Mumbai,GTe,incoming,iGTe,6,2,2,2,2,2,2
2025-07-01,2025,7,Jul,3,AIESEC in Mumbai,GV,incoming,iGV,18,3,2,2,2,1,1
2025-07-01,2025,7,Jul,3,AIESEC in Mumbai,GTa,outgoing,oGTa,22,7,7,7,5,5,4
2025-07-01,2025,7,Jul,3,AIESEC in Mumbai,GTe,outgoing,oGTe,2,1,1,1,0,0,0
2025-07-01,2025,7,Jul,3,AIESEC in Mumbai,GV,outgoing,oGV,42,14,11,11,11,11,11
2025-07-01,2025,7,Jul,3,AIESEC in Nagpur,GTa,incoming,iGTa,3,2,2,2,1,1,1
2025-07-01,2025,7,Jul,3,AIESEC in Nagpur,GTe,incoming,iGTe,1,1,0,0,0,0,0
2025-07-01,2025,7,Jul,3,AIESEC in Nagpur,GV,incoming,iGV,12,4,3,2,1,1,1
2025-07-01,2025,7,Jul,3,AIESEC in Nagpur,GTa,outgoing,oGTa,5,2,2,2,2,2,2
2025-07-01,2025,7,Jul,3,AIESEC in Nagpur,GTe,outgoing,oGTe,2,2,1,1,1,1,1
2025-07-01,2025,7,Jul,3,AIESEC in Nagpur,GV,outgoing,oGV,23,10,6,6,3,3,2
2025-07-01,2025,7,Jul,3,AIESEC in Pune,GTa,incoming,iGTa,8,3,2,2,1,1,1
2025-07-01,2025,7,Jul,3,AIESEC in Pune,GTe,incoming,iGTe,1,0,0,0,0,0,0
2025-07-01,2025,7,Jul,3,AIESEC in Pune,GV,incoming,iGV,41,17,12,11,7,6,6
2025-07-01,2025,7,Jul,3,AIESEC in Pune,GTa,outgoing,oGTa,20,5,3,3,3,3,3
2025-07-01,2025,7,Jul,3,AIESEC in Pune,GTe,outgoing,oGTe,2,1,0,0,0,0,0
2025-07-01,2025,7,Jul,3,AIESEC in Pune,GV,outgoing,oGV,63,29,20,17,15,15,15
2025-07-01,2025,7,Jul,3,AIESEC in Surat,GTa,incoming,iGTa,5,2,1,1,0,0,0
2025-07-01,2025,7,Jul,3,AIESEC in Surat,GTe,incoming,iGTe,0,0,0,0,0,0,0
2025-07-01,2025,7,Jul,3,AIESEC in Surat,GV,incoming,iGV,6,1,1,1,0,0,0
2025-07-01,2025,7,Jul,3,AIESEC in Surat,GTa,outgoing,oGTa,4,2,1,1,1,1,1
2025-07-01,2025,7,Jul,3,AIESEC in Surat,GTe,outgoing,oGTe,0,0,0,0,0,0,0
2025-07-01,2025,7,Jul,3,AIESEC in Surat,GV,outgoing,oGV,25,10,8,6,6,6,6
2025-07-01,2025,7,Jul,3,AIESEC in Vellore,GTa,incoming,iGTa,3,2,2,2,1,1,1
2025-07-01,2025,7,Jul,3,AIESEC in Vellore,GTe,incoming,iGTe,1,1,1,0,0,0,0
2025-07-01,2025,7,Jul,3,AIESEC in Vellore,GV,incoming,iGV,4,0,0,0,0,0,0
2025-07-01,2025,7,Jul,3,AIESEC in Vellore,GTa,outgoing,oGTa,3,1,1,1,1,1,1
2025-07-01,2025,7,Jul,3,AIESEC in Vellore,GTe,outgoing,oGTe,3,2,1,1,1,1,1
2025-07-01,2025,7,Jul,3,AIESEC in Vellore,GV,outgoing,oGV,17,12,8,7,6,6,6
2025-08-01,2025,8,Aug,3,AIESEC in Ahmedabad,GTa,incoming,iGTa,3,1,1,1,1,1,1
2025-08-01,2025,8,Aug,3,AIESEC in Ahmedabad,GTe,incoming,iGTe,0,0,0,0,0,0,0
2025-08-01,2025,8,Aug,3,AIESEC in Ahmedabad,GV,incoming,iGV,3,0,0,0,0,0,0
2025-08-01,2025,8,Aug,3,AIESEC in Ahmedabad,GTa,outgoing,oGTa,4,3,3,3,3,3,3
2025-08-01,2025,8,Aug,3,AIESEC in Ahmedabad,GTe,outgoing,oGTe,5,3,3,1,1,1,1
2025-08-01,2025,8,Aug,3,AIESEC in Ahmedabad,GV,outgoing,oGV,20,7,4,3,2,2,2
2025-08-01,2025,8,Aug,3,AIESEC in Bangalore,GTa,incoming,iGTa,5,1,1,1,1,1,1
2025-08-01,2025,8,Aug,3,AIESEC in Bangalore,GTe,incoming,iGTe,2,1,1,1,0,0,0
2025-08-01,2025,8,Aug,3,AIESEC in Bangalore,GV,incoming,iGV,18,6,2,2,1,0,0
2025-08-01,2025,8,Aug,3,AIESEC in Bangalore,GTa,outgoing,oGTa,16,4,4,4,4,4,4
2025-08-01,2025,8,Aug,3,AIESEC in Bangalore,GTe,outgoing,oGTe,4,2,0,0,0,0,0
2025-08-01,2025,8,Aug,3,AIESEC in Bangalore,GV,outgoing,oGV,37,16,7,6,4,4,4
2025-08-01,2025,8,Aug,3,AIESEC in Bhubaneswar,GTa,incoming,iGTa,2,1,0,0,0,0,0
2025-08-01,2025,8,Aug,3,AIESEC in Bhubaneswar,GTe,incoming,iGTe,0,0,0,0,0,0,0
2025-08-01,2025,8,Aug,3,AIESEC in Bhubaneswar,GV,incoming,iGV,5,1,1,1,1,0,0
2025-08-01,2025,8,Aug,3,AIESEC in Bhubaneswar,GTa,outgoing,oGTa,8,6,5,4,2,1,1
2025-08-01,2025,8,Aug,3,AIESEC in Bhubaneswar,GTe,outgoing,oGTe,2,1,0,0,0,0,0
2025-08-01,2025,8,Aug,3,AIESEC in Bhubaneswar,GV,outgoing,oGV,17,6,3,2,1,1,1
2025-08-01,2025,8,Aug,3,AIESEC in Chandigarh,GTa,incoming,iGTa,3,1,1,1,1,1,1
2025-08-01,2025,8,Aug,3,AIESEC in Chandigarh,GTe,incoming,iGTe,0,0,0,0,0,0,0
2025-08-01,2025,8,Aug,3,AIESEC in Chandigarh,GV,incoming,iGV,14,6,3,1,0,0,0
2025-08-01,2025,8,Aug,3,AIESEC in Chandigarh,GTa,outgoing,oGTa,3,2,2,2,1,1,1
2025-08-01,2025,8,Aug,3,AIESEC in Chandigarh,GTe,outgoing,oGTe,3,0,0,0,0,0,0
2025-08-01,2025,8,Aug,3,AIESEC in Chandigarh,GV,outgoing,oGV,27,11,8,8,4,2,2
2025-08-01,2025,8,Aug,3,AIESEC in Chennai,GTa,incoming,iGTa,9,4,3,3,3,3,3
2025-08-01,2025,8,Aug,3,AIESEC in Chennai,GTe,incoming,iGTe,2,1,1,1,1,1,1
2025-08-01,2025,8,Aug,3,AIESEC in Chennai,GV,incoming,iGV,26,15,7,7,3,3,1
2025-08-01,2025,8,Aug,3,AIESEC in Chennai,GTa,outgoing,oGTa,13,7,6,6,6,6,6
2025-08-01,2025,8,Aug,3,AIESEC in Chennai,GTe,outgoing,oGTe,6,1,1,1,1,1,1
2025-08-01,2025,8,Aug,3,AIESEC in Chennai,GV,outgoing,oGV,33,12,6,6,4,3,3
2025-08-01,2025,8,Aug,3,AIESEC in Coimbatore,GTa,incoming,iGTa,1,0,0,0,0,0,0
2025-08-01,2025,8,Aug,3,AIESEC in Coimbatore,GTe,incoming,iGTe,1,0,0,0,0,0,0
2025-08-01,2025,8,Aug,3,AIESEC in Coimbatore,GV,incoming,iGV,5,4,2,2,0,0,0
2025-08-01,2025,8,Aug,3,AIESEC in Coimbatore,GTa,outgoing,oGTa,1,1,1,1,1,1,1
2025-08-01,2025,8,Aug,3,AIESEC in Coimbatore,GTe,outgoing,oGTe,2,0,0,0,0,0,0
2025-08-01,2025,8,Aug,3,AIESEC in Coimbatore,GV,outgoing,oGV,12,4,2,2,1,1,1
2025-08-01,2025,8,Aug,3,AIESEC in Delhi IIT,GTa,incoming,iGTa,17,6,4,4,4,4,4
2025-08-01,2025,8,Aug,3,AIESEC in Delhi IIT,GTe,incoming,iGTe,3,1,0,0,0,0,0
2025-08-01,2025,8,Aug,3,AIESEC in Delhi IIT,GV,incoming,iGV,49,19,12,9,6,6,5
2025-08-01,2025,8,Aug,3,AIESEC in Delhi IIT,GTa,outgoing,oGTa,32,13,8,7,6,6,6
2025-08-01,2025,8,Aug,3,AIESEC in Delhi IIT,GTe,outgoing,oGTe,14,7,6,6,5,5,5
2025-08-01,2025,8,Aug,3,AIESEC in Delhi IIT,GV,outgoing,oGV,113,52,40,26,18,17,16
2025-08-01,2025,8,Aug,3,AIESEC in Delhi University,GTa,incoming,iGTa,7,2,2,2,1,1,1
2025-08-01,2025,8,Aug,3,AIESEC in Delhi University,GTe,incoming,iGTe,5,1,1,0,0,0,0
2025-08-01,2025,8,Aug,3,AIESEC in Delhi University,GV,incoming,iGV,31,12,8,5,3,3,2
2025-08-01,2025,8,Aug,3,AIESEC in Delhi University,GTa,outgoing,oGTa,22,12,10,9,8,7,7
2025-08-01,2025,8,Aug,3,AIESEC in Delhi University,GTe,outgoing,oGTe,6,4,2,2,1,1,0
2025-08-01,2025,8,Aug,3,AIESEC in Delhi University,GV,outgoing,oGV,60,32,22,16,12,11,11
2025-08-01,2025,8,Aug,3,AIESEC in Hyderabad,GTa,incoming,iGTa,9,5,3,3,2,2,2
2025-08-01,2025,8,Aug,3,AIESEC in Hyderabad,GTe,incoming,iGTe,0,0,0,0,0,0,0
2025-08-01,2025,8,Aug,3,AIESEC in Hyderabad,GV,incoming,iGV,10,2,1,1,1,0,0
2025-08-01,2025,8,Aug,3,AIESEC in Hyderabad,GTa,outgoing,oGTa,9,6,3,3,3,3,3
2025-08-01,2025,8,Aug,3,AIESEC in Hyderabad,GTe,outgoing,oGTe,4,1,1,1,1,1,1
2025-08-01,2025,8,Aug,3,AIESEC in Hyderabad,GV,outgoing,oGV,24,9,7,5,4,4,4
2025-08-01,2025,8,Aug,3,AIESEC in Indore,GTa,incoming,iGTa,4,1,1,1,1,0,0
2025-08-01,2025,8,Aug,3,AIESEC in Indore,GTe,incoming,iGTe,1,0,0,0,0,0,0
2025-08-01,2025,8,Aug,3,AIESEC in Indore,GV,incoming,iGV,9,3,2,2,0,0,0
2025-08-01,2025,8,Aug,3,AIESEC in Indore,GTa,outgoing,oGTa,11,6,5,3,3,3,3
2025-08-01,2025,8,Aug,3,AIESEC in Indore,GTe,outgoing,oGTe,2,1,1,1,1,1,1
2025-08-01,2025,8,Aug,3,AIESEC in Indore,GV,outgoing,oGV,28,12,6,5,4,4,4
2025-08-01,2025,8,Aug,3,AIESEC in Jaipur,GTa,incoming,iGTa,4,2,1,1,0,0,0
2025-08-01,2025,8,Aug,3,AIESEC in Jaipur,GTe,incoming,iGTe,2,1,0,0,0,0,0
2025-08-01,2025,8,Aug,3,AIESEC in Jaipur,GV,incoming,iGV,8,3,3,3,3,3,2
2025-08-01,2025,8,Aug,3,AIESEC in Jaipur,GTa,outgoing,oGTa,10,6,3,3,3,3,3
2025-08-01,2025,8,Aug,3,AIESEC in Jaipur,GTe,outgoing,oGTe,3,1,1,1,1,1,1
2025-08-01,2025,8,Aug,3,AIESEC in Jaipur,GV,outgoing,oGV,18,7,6,6,5,5,3
2025-08-01,2025,8,Aug,3,AIESEC in Kochi,GTa,incoming,iGTa,0,0,0,0,0,0,0
2025-08-01,2025,8,Aug,3,AIESEC in Kochi,GTe,incoming,iGTe,0,0,0,0,0,0,0
2025-08-01,2025,8,Aug,3,AIESEC in Kochi,GV,incoming,iGV,10,3,2,1,1,0,0
2025-08-01,2025,8,Aug,3,AIESEC in Kochi,GTa,outgoing,oGTa,7,5,4,4,4,4,4
2025-08-01,2025,8,Aug,3,AIESEC in Kochi,GTe,outgoing,oGTe,2,1,0,0,0,0,0
2025-08-01,2025,8,Aug,3,AIESEC in Kochi,GV,outgoing,oGV,14,7,5,3,3,3,3
2025-08-01,2025,8,Aug,3,AIESEC in Kolkata,GTa,incoming,iGTa,5,2,1,1,1,1,1
2025-08-01,2025,8,Aug,3,AIESEC in Kolkata,GTe,incoming,iGTe,1,1,1,1,0,0,0
2025-08-01,2025,8,Aug,3,AIESEC in Kolkata,GV,incoming,iGV,13,5,3,2,1,1,0
2025-08-01,2025,8,Aug,3,AIESEC in Kolkata,GTa,outgoing,oGTa,13,7,7,7,6,6,6
2025-08-01,2025,8,Aug,3,AIESEC in Kolkata,GTe,outgoing,oGTe,4,3,3,3,2,2,1
2025-08-01,2025,8,Aug,3,AIESEC in Kolkata,GV,outgoing,oGV,37,14,12,10,8,8,7
2025-08-01,2025,8,Aug,3,AIESEC in Lucknow,GTa,incoming,iGTa,4,1,1,1,1,1,1
2025-08-01,2025,8,Aug,3,AIESEC in Lucknow,GTe,incoming,iGTe,1,1,1,1,1,1,1
2025-08-01,2025,8,Aug,3,AIESEC in Lucknow,GV,incoming,iGV,11,6,4,3,3,2,2
2025-08-01,2025,8,Aug,3,AIESEC in Lucknow,GTa,outgoing,oGTa,8,7,3,3,3,3,3
2025-08-01,2025,8,Aug,3,AIESEC in Lucknow,GTe,outgoing,oGTe,1,0,0,0,0,0,0
2025-08-01,2025,8,Aug,3,AIESEC in Lucknow,GV,outgoing,oGV,33,17,13,12,6,6,6
2025-08-01,2025,8,Aug,3,AIESEC in Manipal,GTa,incoming,iGTa,2,2,0,0,0,0,0
2025-08-01,2025,8,Aug,3,AIESEC in Manipal,GTe,incoming,iGTe,1,1,1,0,0,0,0
2025-08-01,2025,8,Aug,3,AIESEC in Manipal,GV,incoming,iGV,7,4,2,2,1,1,1
2025-08-01,2025,8,Aug,3,AIESEC in Manipal,GTa,outgoing,oGTa,9,5,4,4,4,4,3
2025-08-01,2025,8,Aug,3,AIESEC in Manipal,GTe,outgoing,oGTe,4,1,1,1,1,1,1
2025-08-01,2025,8,Aug,3,AIESEC in Manipal,GV,outgoing,oGV,22,15,13,12,10,10,10
2025-08-01,2025,8,Aug,3,AIESEC in Mumbai,GTa,incoming,iGTa,10,3,2,2,2,2,2
2025-08-01,2025,8,Aug,3,AIESEC in Mumbai,GTe,incoming,iGTe,1,0,0,0,0,0,0
2025-08-01,2025,8,Aug,3,AIESEC in Mumbai,GV,incoming,iGV,31,9,7,6,4,4,3
2025-08-01,2025,8,Aug,3,AIESEC in Mumbai,GTa,outgoing,oGTa,17,13,10,10,10,10,10
2025-08-01,2025,8,Aug,3,AIESEC in Mumbai,GTe,outgoing,oGTe,7,4,2,2,2,2,2
2025-08-01,2025,8,Aug,3,AIESEC in Mumbai,GV,outgoing,oGV,40,17,14,13,9,8,8
2025-08-01,2025,8,Aug,3,AIESEC in Nagpur,GTa,incoming,iGTa,3,1,1,0,0,0,0
2025-08-01,2025,8,Aug,3,AIESEC in Nagpur,GTe,incoming,iGTe,1,0,0,0,0,0,0
2025-08-01,2025,8,Aug,3,AIESEC in Nagpur,GV,incoming,iGV,8,3,2,2,1,1,1
2025-08-01,2025,8,Aug,3,AIESEC in Nagpur,GTa,outgoing,oGTa,4,2,1,1,1,1,1
2025-08-01,2025,8,Aug,3,AIESEC in Nagpur,GTe,outgoing,oGTe,3,1,1,1,1,1,1
2025-08-01,2025,8,Aug,3,AIESEC in Nagpur,GV,outgoing,oGV,9,6,5,5,4,4,4
2025-08-01,2025,8,Aug,3,AIESEC in Pune,GTa,incoming,iGTa,7,3,3,2,2,2,2
2025-08-01,2025,8,Aug,3,AIESEC in Pune,GTe,incoming,iGTe,0,0,0,0,0,0,0
2025-08-01,2025,8,Aug,3,AIESEC in Pune,GV,incoming,iGV,14,10,7,5,3,3,3
2025-08-01,2025,8,Aug,3,AIESEC in Pune,GTa,outgoing,oGTa,12,6,5,5,4,4,3
2025-08-01,2025,8,Aug,3,AIESEC in Pune,GTe,outgoing,oGTe,6,4,4,3,3,2,2
2025-08-01,2025,8,Aug,3,AIESEC in Pune,GV,outgoing,oGV,58,31,25,18,13,13,12
2025-08-01,2025,8,Aug,3,AIESEC in Surat,GTa,incoming,iGTa,3,1,1,1,0,0,0
2025-08-01,2025,8,Aug,3,AIESEC in Surat,GTe,incoming,iGTe,0,0,0,0,0,0,0
2025-08-01,2025,8,Aug,3,AIESEC in Surat,GV,incoming,iGV,9,3,3,2,2,2,2
2025-08-01,2025,8,Aug,3,AIESEC in Surat,GTa,outgoing,oGTa,3,0,0,0,0,0,0
2025-08-01,2025,8,Aug,3,AIESEC in Surat,GTe,outgoing,oGTe,1,1,1,0,0,0,0
2025-08-01,2025,8,Aug,3,AIESEC in Surat,GV,outgoing,oGV,8,2,1,1,1,1,1
2025-08-01,2025,8,Aug,3,AIESEC in Vellore,GTa,incoming,iGTa,3,0,0,0,0,0,0
2025-08-01,2025,8,Aug,3,AIESEC in Vellore,GTe,incoming,iGTe,1,1,0,0,0,0,0
2025-08-01,2025,8,Aug,3,AIESEC in Vellore,GV,incoming,iGV,7,4,3,3,2,2,2
2025-08-01,2025,8,Aug,3,AIESEC in Vellore,GTa,outgoing,oGTa,4,2,1,1,1,1,1
2025-08-01,2025,8,Aug,3,AIESEC in Vellore,GTe,outgoing,oGTe,0,0,0,0,0,0,0
2025-08-01,2025,8,Aug,3,AIESEC in Vellore,GV,outgoing,oGV,9,5,5,4,0,0,0
2025-09-01,2025,9,Sep,3,AIESEC in Ahmedabad,GTa,incoming,iGTa,0,0,0,0,0,0,0
2025-09-01,2025,9,Sep,3,AIESEC in Ahmedabad,GTe,incoming,iGTe,0,0,0,0,0,0,0
2025-09-01,2025,9,Sep,3,AIESEC in Ahmedabad,GV,incoming,iGV,6,6,4,2,2,2,2
2025-09-01,2025,9,Sep,3,AIESEC in Ahmedabad,GTa,outgoing,oGTa,6,3,3,2,2,2,1
2025-09-01,2025,9,Sep,3,AIESEC in Ahmedabad,GTe,outgoing,oGTe,4,1,1,1,1,1,1
2025-09-01,2025,9,Sep,3,AIESEC in Ahmedabad,GV,outgoing,oGV,19,11,6,6,5,5,5
2025-09-01,2025,9,Sep,3,AIESEC in Bangalore,GTa,incoming,iGTa,10,5,3,2,1,1,1
2025-09-01,2025,9,Sep,3,AIESEC in Bangalore,GTe,incoming,iGTe,2,0,0,0,0,0,0
2025-09-01,2025,9,Sep,3,AIESEC in Bangalore,GV,incoming,iGV,7,1,1,1,1,1,1
2025-09-01,2025,9,Sep,3,AIESEC in Bangalore,GTa,outgoing,oGTa,14,8,4,4,4,4,4
2025-09-01,2025,9,Sep,3,AIESEC in Bangalore,GTe,outgoing,oGTe,2,1,1,1,1,1,1
2025-09-01,2025,9,Sep,3,AIESEC in Bangalore,GV,outgoing,oGV,33,18,13,12,9,9,8
2025-09-01,2025,9,Sep,3,AIESEC in Bhubaneswar,GTa,incoming,iGTa,2,1,1,1,1,1,0
2025-09-01,2025,9,Sep,3,AIESEC in Bhubaneswar,GTe,incoming,iGTe,1,1,1,0,0,0,0
2025-09-01,2025,9,Sep,3,AIESEC in Bhubaneswar,GV,incoming,iGV,3,2,0,0,0,0,0
2025-09-01,2025,9,Sep,3,AIESEC in Bhubaneswar,GTa,outgoing,oGTa,7,2,2,2,2,2,2
2025-09-01,2025,9,Sep,3,AIESEC in Bhubaneswar,GTe,outgoing,oGTe,3,2,2,2,2,2,2
2025-09-01,2025,9,Sep,3,AIESEC in Bhubaneswar,GV,outgoing,oGV,16,9,8,6,3,3,3
2025-09-01,2025,9,Sep,3,AIESEC in Chandigarh,GTa,incoming,iGTa,2,2,2,1,1,1,1
2025-09-01,2025,9,Sep,3,AIESEC in Chandigarh,GTe,incoming,iGTe,1,1,0,0,0,0,0
2025-09-01,2025,9,Sep,3,AIESEC in Chandigarh,GV,incoming,iGV,3,0,0,0,0,0,0
2025-09-01,2025,9,Sep,3,AIESEC in Chandigarh,GTa,outgoing,oGTa,5,2,2,2,2,2,2
2025-09-01,2025,9,Sep,3,AIESEC in Chandigarh,GTe,outgoing,oGTe,3,2,2,2,2,2,2
2025-09-01,2025,9,Sep,3,AIESEC in Chandigarh,GV,outgoing,oGV,18,6,5,4,2,2,2
2025-09-01,2025,9,Sep,3,AIESEC in Chennai,GTa,incoming,iGTa,4,2,1,1,1,1,1
2025-09-01,2025,9,Sep,3,AIESEC in Chennai,GTe,incoming,iGTe,2,2,1,1,1,1,1
2025-09-01,2025,9,Sep,3,AIESEC in Chennai,GV,incoming,iGV,13,4,2,2,1,1,1
2025-09-01,2025,9,Sep,3,AIESEC in Chennai,GTa,outgoing,oGTa,11,10,10,9,8,7,7
2025-09-01,2025,9,Sep,3,AIESEC in Chennai,GTe,outgoing,oGTe,3,0,0,0,0,0,0
2025-09-01,2025,9,Sep,3,AIESEC in Chennai,GV,outgoing,oGV,34,17,13,11,9,9,9
2025-09-01,2025,9,Sep,3,AIESEC in Coimbatore,GTa,incoming,iGTa,1,1,1,1,1,1,0
2025-09-01,2025,9,Sep,3,AIESEC in Coimbatore,GTe,incoming,iGTe,0,0,0,0,0,0,0
2025-09-01,2025,9,Sep,3,AIESEC in Coimbatore,GV,incoming,iGV,5,2,2,2,1,1,1
2025-09-01,2025,9,Sep,3,AIESEC in Coimbatore,GTa,outgoing,oGTa,6,2,2,1,0,0,0
2025-09-01,2025,9,Sep,3,AIESEC in Coimbatore,GTe,outgoing,oGTe,2,1,1,1,1,1,1
2025-09-01,2025,9,Sep,3,AIESEC in Coimbatore,GV,outgoing,oGV,16,6,5,2,1,1,1
2025-09-01,2025,9,Sep,3,AIESEC in Delhi IIT,GTa,incoming,iGTa,19,10,8,7,5,5,5
2025-09-01,2025,9,Sep,3,AIESEC in Delhi IIT,GTe,incoming,iGTe,7,0,0,0,0,0,0
2025-09-01,2025,9,Sep,3,AIESEC in Delhi IIT,GV,incoming,iGV,53,23,13,11,10,8,8
2025-09-01,2025,9,Sep,3,AIESEC in Delhi IIT,GTa,outgoing,oGTa,39,19,14,14,13,13,13
2025-09-01,2025,9,Sep,3,AIESEC in Delhi IIT,GTe,outgoing,oGTe,10,3,3,3,3,3,3
2025-09-01,2025,9,Sep,3,AIESEC in Delhi IIT,GV,outgoing,oGV,91,36,25,18,14,13,13
2025-09-01,2025,9,Sep,3,AIESEC in Delhi University,GTa,incoming,iGTa,8,6,5,4,4,4,3
2025-09-01,2025,9,Sep,3,AIESEC in Delhi University,GTe,incoming,iGTe,1,0,0,0,0,0,0
2025-09-01,2025,9,Sep,3,AIESEC in Delhi University,GV,incoming,iGV,25,7,2,2,2,2,2
2025-09-01,2025,9,Sep,3,AIESEC in Delhi University,GTa,outgoing,oGTa,11,4,4,4,4,4,4
2025-09-01,2025,9,Sep,3,AIESEC in Delhi University,GTe,outgoing,oGTe,9,4,4,4,3,3,3
2025-09-01,2025,9,Sep,3,AIESEC in Delhi University,GV,outgoing,oGV,80,34,22,16,14,13,13
2025-09-01,2025,9,Sep,3,AIESEC in Hyderabad,GTa,incoming,iGTa,8,6,3,2,2,2,2
2025-09-01,2025,9,Sep,3,AIESEC in Hyderabad,GTe,incoming,iGTe,1,1,0,0,0,0,0
2025-09-01,2025,9,Sep,3,AIESEC in Hyderabad,GV,incoming,iGV,9,5,1,1,0,0,0
2025-09-01,2025,9,Sep,3,AIESEC in Hyderabad,GTa,outgoing,oGTa,19,12,9,9,8,7,7
2025-09-01,2025,9,Sep,3,AIESEC in Hyderabad,GTe,outgoing,oGTe,6,3,3,3,3,3,3
2025-09-01,2025,9,Sep,3,AIESEC in Hyderabad,GV,outgoing,oGV,49,19,14,13,11,11,10
2025-09-01,2025,9,Sep,3,AIESEC in Indore,GTa,incoming,iGTa,2,1,1,1,1,1,1
2025-09-01,2025,9,Sep,3,AIESEC in Indore,GTe,incoming,iGTe,0,0,0,0,0,0,0
2025-09-01,2025,9,Sep,3,AIESEC in Indore,GV,incoming,iGV,2,0,0,0,0,0,0
2025-09-01,2025,9,Sep,3,AIESEC in Indore,GTa,outgoing,oGTa,5,2,2,2,2,2,2
2025-09-01,2025,9,Sep,3,AIESEC in Indore,GTe,outgoing,oGTe,2,2,1,1,0,0,0
2025-09-01,2025,9,Sep,3,AIESEC in Indore,GV,outgoing,oGV,24,11,5,5,3,3,3
2025-09-01,2025,9,Sep,3,AIESEC in Jaipur,GTa,incoming,iGTa,3,0,0,0,0,0,0
2025-09-01,2025,9,Sep,3,AIESEC in Jaipur,GTe,incoming,iGTe,0,0,0,0,0,0,0
2025-09-01,2025,9,Sep,3,AIESEC in Jaipur,GV,incoming,iGV,8,7,6,4,1,1,1
2025-09-01,2025,9,Sep,3,AIESEC in Jaipur,GTa,outgoing,oGTa,5,4,3,3,3,3,3
2025-09-01,2025,9,Sep,3,AIESEC in Jaipur,GTe,outgoing,oGTe,4,2,1,1,1,1,1
2025-09-01,2025,9,Sep,3,AIESEC in Jaipur,GV,outgoing,oGV,28,9,5,4,4,4,4
2025-09-01,2025,9,Sep,3,AIESEC in Kochi,GTa,incoming,iGTa,0,0,0,0,0,0,0
2025-09-01,2025,9,Sep,3,AIESEC in Kochi,GTe,incoming,iGTe,0,0,0,0,0,0,0
2025-09-01,2025,9,Sep,3,AIESEC in Kochi,GV,incoming,iGV,5,2,1,1,0,0,0
2025-09-01,2025,9,Sep,3,AIESEC in Kochi,GTa,outgoing,oGTa,10,3,2,2,1,1,1
2025-09-01,2025,9,Sep,3,AIESEC in Kochi,GTe,outgoing,oGTe,4,2,2,2,2,2,2
2025-09-01,2025,9,Sep,3,AIESEC in Kochi,GV,outgoing,oGV,14,6,1,1,1,1,1
2025-09-01,2025,9,Sep,3,AIESEC in Kolkata,GTa,incoming,iGTa,2,2,2,2,1,1,1
2025-09-01,2025,9,Sep,3,AIESEC in Kolkata,GTe,incoming,iGTe,1,0,0,0,0,0,0
2025-09-01,2025,9,Sep,3,AIESEC in Kolkata,GV,incoming,iGV,7,3,1,1,0,0,0
2025-09-01,2025,9,Sep,3,AIESEC in Kolkata,GTa,outgoing,oGTa,11,5,4,3,1,1,1
2025-09-01,2025,9,Sep,3,AIESEC in Kolkata,GTe,outgoing,oGTe,7,3,3,3,3,3,3
2025-09-01,2025,9,Sep,3,AIESEC in Kolkata,GV,outgoing,oGV,44,21,13,10,8,8,8
2025-09-01,2025,9,Sep,3,AIESEC in Lucknow,GTa,incoming,iGTa,2,1,1,1,0,0,0
2025-09-01,2025,9,Sep,3,AIESEC in Lucknow,GTe,incoming,iGTe,0,0,0,0,0,0,0
2025-09-01,2025,9,Sep,3,AIESEC in Lucknow,GV,incoming,iGV,9,3,2,2,2,2,2
2025-09-01,2025,9,Sep,3,AIESEC in Lucknow,GTa,outgoing,oGTa,13,6,6,6,6,5,5
2025-09-01,2025,9,Sep,3,AIESEC in Lucknow,GTe,outgoing,oGTe,3,1,0,0,0,0,0
2025-09-01,2025,9,Sep,3,AIESEC in Lucknow,GV,outgoing,oGV,41,19,14,9,8,8,8
2025-09-01,2025,9,Sep,3,AIESEC in Manipal,GTa,incoming,iGTa,2,0,0,0,0,0,0
2025-09-01,2025,9,Sep,3,AIESEC in Manipal,GTe,incoming,iGTe,1,1,1,1,1,1,1
2025-09-01,2025,9,Sep,3,AIESEC in Manipal,GV,incoming,iGV,12,4,4,3,2,2,2
2025-09-01,2025,9,Sep,3,AIESEC in Manipal,GTa,outgoing,oGTa,7,3,2,2,2,2,1
2025-09-01,2025,9,Sep,3,AIESEC in Manipal,GTe,outgoing,oGTe,3,1,1,0,0,0,0
2025-09-01,2025,9,Sep,3,AIESEC in Manipal,GV,outgoing,oGV,23,17,12,9,9,9,8
2025-09-01,2025,9,Sep,3,AIESEC in Mumbai,GTa,incoming,iGTa,4,2,1,1,0,0,0
2025-09-01,2025,9,Sep,3,AIESEC in Mumbai,GTe,incoming,iGTe,4,1,1,1,1,1,1
2025-09-01,2025,9,Sep,3,AIESEC in Mumbai,GV,incoming,iGV,20,5,3,3,2,2,2
2025-09-01,2025,9,Sep,3,AIESEC in Mumbai,GTa,outgoing,oGTa,21,9,9,8,7,7,6
2025-09-01,2025,9,Sep,3,AIESEC in Mumbai,GTe,outgoing,oGTe,7,2,2,1,1,1,1
2025-09-01,2025,9,Sep,3,AIESEC in Mumbai,GV,outgoing,oGV,73,32,26,20,14,14,14
2025-09-01,2025,9,Sep,3,AIESEC in Nagpur,GTa,incoming,iGTa,3,1,1,0,0,0,0
2025-09-01,2025,9,Sep,3,AIESEC in Nagpur,GTe,incoming,iGTe,0,0,0,0,0,0,0
2025-09-01,2025,9,Sep,3,AIESEC in Nagpur,GV,incoming,iGV,6,1,1,1,0,0,0
2025-09-01,2025,9,Sep,3,AIESEC in Nagpur,GTa,outgoing,oGTa,9,7,7,5,5,5,5
2025-09-01,2025,9,Sep,3,AIESEC in Nagpur,GTe,outgoing,oGTe,2,1,1,1,1,1,1
2025-09-01,2025,9,Sep,3,AIESEC in Nagpur,GV,outgoing,oGV,29,8,7,6,5,5,5
2025-09-01,2025,9,Sep,3,AIESEC in Pune,GTa,incoming,iGTa,4,2,1,0,0,0,0
2025-09-01,2025,9,Sep,3,AIESEC in Pune,GTe,incoming,iGTe,0,0,0,0,0,0,0
2025-09-01,2025,9,Sep,3,AIESEC in Pune,GV,incoming,iGV,14,10,6,4,3,3,3
2025-09-01,2025,9,Sep,3,AIESEC in Pune,GTa,outgoing,oGTa,20,12,11,11,5,5,5
2025-09-01,2025,9,Sep,3,AIESEC in Pune,GTe,outgoing,oGTe,7,3,1,1,1,1,1
2025-09-01,2025,9,Sep,3,AIESEC in Pune,GV,outgoing,oGV,42,22,16,14,9,7,7
2025-09-01,2025,9,Sep,3,AIESEC in Surat,GTa,incoming,iGTa,1,0,0,0,0,0,0
2025-09-01,2025,9,Sep,3,AIESEC in Surat,GTe,incoming,iGTe,1,1,1,1,0,0,0
2025-09-01,2025,9,Sep,3,AIESEC in Surat,GV,incoming,iGV,6,3,1,0,0,0,0
2025-09-01,2025,9,Sep,3,AIESEC in Surat,GTa,outgoing,oGTa,5,2,2,1,1,1,1
2025-09-01,2025,9,Sep,3,AIESEC in Surat,GTe,outgoing,oGTe,5,2,0,0,0,0,0
2025-09-01,2025,9,Sep,3,AIESEC in Surat,GV,outgoing,oGV,12,3,1,1,1,1,1
2025-09-01,2025,9,Sep,3,AIESEC in Vellore,GTa,incoming,iGTa,1,0,0,0,0,0,0
2025-09-01,2025,9,Sep,3,AIESEC in Vellore,GTe,incoming,iGTe,1,1,0,0,0,0,0
2025-09-01,2025,9,Sep,3,AIESEC in Vellore,GV,incoming,iGV,6,3,0,0,0,0,0
2025-09-01,2025,9,Sep,3,AIESEC in Vellore,GTa,outgoing,oGTa,3,0,0,0,0,0,0
2025-09-01,2025,9,Sep,3,AIESEC in Vellore,GTe,outgoing,oGTe,3,2,2,2,0,0,0
2025-09-01,2025,9,Sep,3,AIESEC in Vellore,GV,outgoing,oGV,9,5,4,4,2,2,2
2025-10-01,2025,10,Oct,4,AIESEC in Ahmedabad,GTa,incoming,iGTa,5,2,2,2,1,1,1
2025-10-01,2025,10,Oct,4,AIESEC in Ahmedabad,GTe,incoming,iGTe,1,0,0,0,0,0,0
2025-10-01,2025,10,Oct,4,AIESEC in Ahmedabad,GV,incoming,iGV,9,4,4,1,0,0,0
2025-10-01,2025,10,Oct,4,AIESEC in Ahmedabad,GTa,outgoing,oGTa,5,2,2,1,0,0,0
2025-10-01,2025,10,Oct,4,AIESEC in Ahmedabad,GTe,outgoing,oGTe,0,0,0,0,0,0,0
2025-10-01,2025,10,Oct,4,AIESEC in Ahmedabad,GV,outgoing,oGV,23,10,8,8,7,6,6
2025-10-01,2025,10,Oct,4,AIESEC in Bangalore,GTa,incoming,iGTa,3,2,2,1,0,0,0
2025-10-01,2025,10,Oct,4,AIESEC in Bangalore,GTe,incoming,iGTe,0,0,0,0,0,0,0
2025-10-01,2025,10,Oct,4,AIESEC in Bangalore,GV,incoming,iGV,15,9,5,2,1,1,1
2025-10-01,2025,10,Oct,4,AIESEC in Bangalore,GTa,outgoing,oGTa,7,2,1,1,1,1,1
2025-10-01,2025,10,Oct,4,AIESEC in Bangalore,GTe,outgoing,oGTe,3,2,2,2,2,2,2
2025-10-01,2025,10,Oct,4,AIESEC in Bangalore,GV,outgoing,oGV,41,14,9,8,7,7,7
2025-10-01,2025,10,Oct,4,AIESEC in Bhubaneswar,GTa,incoming,iGTa,1,0,0,0,0,0,0
2025-10-01,2025,10,Oct,4,AIESEC in Bhubaneswar,GTe,incoming,iGTe,0,0,0,0,0,0,0
2025-10-01,2025,10,Oct,4,AIESEC in Bhubaneswar,GV,incoming,iGV,4,2,2,1,0,0,0
2025-10-01,2025,10,Oct,4,AIESEC in Bhubaneswar,GTa,outgoing,oGTa,12,5,5,5,4,4,4
2025-10-01,2025,10,Oct,4,AIESEC in Bhubaneswar,GTe,outgoing,oGTe,2,0,0,0,0,0,0
2025-10-01,2025,10,Oct,4,AIESEC in Bhubaneswar,GV,outgoing,oGV,32,18,13,11,8,8,6
2025-10-01,2025,10,Oct,4,AIESEC in Chandigarh,GTa,incoming,iGTa,1,0,0,0,0,0,0
2025-10-01,2025,10,Oct,4,AIESEC in Chandigarh,GTe,incoming,iGTe,3,0,0,0,0,0,0
2025-10-01,2025,10,Oct,4,AIESEC in Chandigarh,GV,incoming,iGV,8,2,1,1,1,1,0
2025-10-01,2025,10,Oct,4,AIESEC in Chandigarh,GTa,outgoing,oGTa,9,5,4,3,3,3,3
2025-10-01,2025,10,Oct,4,AIESEC in Chandigarh,GTe,outgoing,oGTe,3,1,0,0,0,0,0
2025-10-01,2025,10,Oct,4,AIESEC in Chandigarh,GV,outgoing,oGV,22,10,5,5,4,4,4
2025-10-01,2025,10,Oct,4,AIESEC in Chennai,GTa,incoming,iGTa,5,1,1,1,1,1,1
2025-10-01,2025,10,Oct,4,AIESEC in Chennai,GTe,incoming,iGTe,0,0,0,0,0,0,0
2025-10-01,2025,10,Oct,4,AIESEC in Chennai,GV,incoming,iGV,16,4,4,3,2,2,1
2025-10-01,2025,10,Oct,4,AIESEC in Chennai,GTa,outgoing,oGTa,13,6,6,5,4,4,4
2025-10-01,2025,10,Oct,4,AIESEC in Chennai,GTe,outgoing,oGTe,8,0,0,0,0,0,0
2025-10-01,2025,10,Oct,4,AIESEC in Chennai,GV,outgoing,oGV,40,21,14,11,9,8,8
2025-10-01,2025,10,Oct,4,AIESEC in Coimbatore,GTa,incoming,iGTa,1,0,0,0,0,0,0
2025-10-01,2025,10,Oct,4,AIESEC in Coimbatore,GTe,incoming,iGTe,1,1,1,1,1,1,1
2025-10-01,2025,10,Oct,4,AIESEC in Coimbatore,GV,incoming,iGV,7,2,2,1,1,1,1
2025-10-01,2025,10,Oct,4,AIESEC in Coimbatore,GTa,outgoing,oGTa,2,0,0,0,0,0,0
2025-10-01,2025,10,Oct,4,AIESEC in Coimbatore,GTe,outgoing,oGTe,0,0,0,0,0,0,0
2025-10-01,2025,10,Oct,4,AIESEC in Coimbatore,GV,outgoing,oGV,7,3,3,2,2,2,1
2025-10-01,2025,10,Oct,4,AIESEC in Delhi IIT,GTa,incoming,iGTa,15,10,8,7,6,6,5
2025-10-01,2025,10,Oct,4,AIESEC in Delhi IIT,GTe,incoming,iGTe,3,2,1,1,1,1,1
2025-10-01,2025,10,Oct,4,AIESEC in Delhi IIT,GV,incoming,iGV,53,20,12,11,6,6,4
2025-10-01,2025,10,Oct,4,AIESEC in Delhi IIT,GTa,outgoing,oGTa,56,30,22,18,13,12,12
2025-10-01,2025,10,Oct,4,AIESEC in Delhi IIT,GTe,outgoing,oGTe,16,7,5,5,3,3,3
2025-10-01,2025,10,Oct,4,AIESEC in Delhi IIT,GV,outgoing,oGV,118,64,38,35,28,28,26
2025-10-01,2025,10,Oct,4,AIESEC in Delhi University,GTa,incoming,iGTa,7,2,1,1,1,1,1
2025-10-01,2025,10,Oct,4,AIESEC in Delhi University,GTe,incoming,iGTe,3,3,1,1,1,1,1
2025-10-01,2025,10,Oct,4,AIESEC in Delhi University,GV,incoming,iGV,13,2,1,0,0,0,0
2025-10-01,2025,10,Oct,4,AIESEC in Delhi University,GTa,outgoing,oGTa,31,18,11,9,7,7,7
2025-10-01,2025,10,Oct,4,AIESEC in Delhi University,GTe,outgoing,oGTe,15,7,7,7,7,7,7
2025-10-01,2025,10,Oct,4,AIESEC in Delhi University,GV,outgoing,oGV,77,40,24,19,14,14,14
2025-10-01,2025,10,Oct,4,AIESEC in Hyderabad,GTa,incoming,iGTa,1,1,0,0,0,0,0
2025-10-01,2025,10,Oct,4,AIESEC in Hyderabad,GTe,incoming,iGTe,0,0,0,0,0,0,0
2025-10-01,2025,10,Oct,4,AIESEC in Hyderabad,GV,incoming,iGV,9,1,1,1,1,1,1
2025-10-01,2025,10,Oct,4,AIESEC in Hyderabad,GTa,outgoing,oGTa,15,7,7,7,5,5,5
2025-10-01,2025,10,Oct,4,AIESEC in Hyderabad,GTe,outgoing,oGTe,7,4,3,3,3,3,3
2025-10-01,2025,10,Oct,4,AIESEC in Hyderabad,GV,outgoing,oGV,38,19,14,12,8,8,7
2025-10-01,2025,10,Oct,4,AIESEC in Indore,GTa,incoming,iGTa,5,1,1,1,1,1,1
2025-10-01,2025,10,Oct,4,AIESEC in Indore,GTe,incoming,iGTe,0,0,0,0,0,0,0
2025-10-01,2025,10,Oct,4,AIESEC in Indore,GV,incoming,iGV,9,4,2,1,0,0,0
2025-10-01,2025,10,Oct,4,AIESEC in Indore,GTa,outgoing,oGTa,4,2,2,2,2,2,2
2025-10-01,2025,10,Oct,4,AIESEC in Indore,GTe,outgoing,oGTe,8,5,1,1,1,1,1
2025-10-01,2025,10,Oct,4,AIESEC in Indore,GV,outgoing,oGV,34,10,8,5,2,2,2
2025-10-01,2025,10,Oct,4,AIESEC in Jaipur,GTa,incoming,iGTa,4,1,1,1,1,1,1
2025-10-01,2025,10,Oct,4,AIESEC in Jaipur,GTe,incoming,iGTe,1,1,0,0,0,0,0
2025-10-01,2025,10,Oct,4,AIESEC in Jaipur,GV,incoming,iGV,14,7,5,2,2,2,0
2025-10-01,2025,10,Oct,4,AIESEC in Jaipur,GTa,outgoing,oGTa,7,4,3,3,3,3,2
2025-10-01,2025,10,Oct,4,AIESEC in Jaipur,GTe,outgoing,oGTe,5,3,3,3,2,2,2
2025-10-01,2025,10,Oct,4,AIESEC in Jaipur,GV,outgoing,oGV,28,12,12,8,8,8,5
2025-10-01,2025,10,Oct,4,AIESEC in Kochi,GTa,incoming,iGTa,1,0,0,0,0,0,0
2025-10-01,2025,10,Oct,4,AIESEC in Kochi,GTe,incoming,iGTe,0,0,0,0,0,0,0
2025-10-01,2025,10,Oct,4,AIESEC in Kochi,GV,incoming,iGV,4,3,3,3,3,3,3
2025-10-01,2025,10,Oct,4,AIESEC in Kochi,GTa,outgoing,oGTa,6,1,0,0,0,0,0
2025-10-01,2025,10,Oct,4,AIESEC in Kochi,GTe,outgoing,oGTe,1,1,1,1,1,1,1
2025-10-01,2025,10,Oct,4,AIESEC in Kochi,GV,outgoing,oGV,28,17,12,10,7,7,7
2025-10-01,2025,10,Oct,4,AIESEC in Kolkata,GTa,incoming,iGTa,3,1,1,1,1,1,1
2025-10-01,2025,10,Oct,4,AIESEC in Kolkata,GTe,incoming,iGTe,0,0,0,0,0,0,0
2025-10-01,2025,10,Oct,4,AIESEC in Kolkata,GV,incoming,iGV,13,5,2,2,1,1,1
2025-10-01,2025,10,Oct,4,AIESEC in Kolkata,GTa,outgoing,oGTa,13,3,3,3,3,3,3
2025-10-01,2025,10,Oct,4,AIESEC in Kolkata,GTe,outgoing,oGTe,4,1,0,0,0,0,0
2025-10-01,2025,10,Oct,4,AIESEC in Kolkata,GV,outgoing,oGV,52,21,13,10,4,4,4
2025-10-01,2025,10,Oct,4,AIESEC in Lucknow,GTa,incoming,iGTa,2,1,1,1,1,1,0
2025-10-01,2025,10,Oct,4,AIESEC in Lucknow,GTe,incoming,iGTe,1,0,0,0,0,0,0
2025-10-01,2025,10,Oct,4,AIESEC in Lucknow,GV,incoming,iGV,6,1,1,1,1,1,1
2025-10-01,2025,10,Oct,4,AIESEC in Lucknow,GTa,outgoing,oGTa,10,1,1,1,1,1,1
2025-10-01,2025,10,Oct,4,AIESEC in Lucknow,GTe,outgoing,oGTe,6,3,2,2,2,2,2
2025-10-01,2025,10,Oct,4,AIESEC in Lucknow,GV,outgoing,oGV,24,13,11,8,6,6,6
2025-10-01,2025,10,Oct,4,AIESEC in Manipal,GTa,incoming,iGTa,3,1,1,1,0,0,0
2025-10-01,2025,10,Oct,4,AIESEC in Manipal,GTe,incoming,iGTe,0,0,0,0,0,0,0
2025-10-01,2025,10,Oct,4,AIESEC in Manipal,GV,incoming,iGV,9,4,2,2,1,1,1
2025-10-01,2025,10,Oct,4,AIESEC in Manipal,GTa,outgoing,oGTa,11,2,1,1,0,0,0
2025-10-01,2025,10,Oct,4,AIESEC in Manipal,GTe,outgoing,oGTe,1,1,1,1,1,1,1
2025-10-01,2025,10,Oct,4,AIESEC in Manipal,GV,outgoing,oGV,16,6,6,6,6,6,5
2025-10-01,2025,10,Oct,4,AIESEC in Mumbai,GTa,incoming,iGTa,11,5,4,4,3,2,2
2025-10-01,2025,10,Oct,4,AIESEC in Mumbai,GTe,incoming,iGTe,5,3,3,2,2,2,2
2025-10-01,2025,10,Oct,4,AIESEC in Mumbai,GV,incoming,iGV,9,4,2,2,2,2,1
2025-10-01,2025,10,Oct,4,AIESEC in Mumbai,GTa,outgoing,oGTa,24,11,9,9,8,8,8
2025-10-01,2025,10,Oct,4,AIESEC in Mumbai,GTe,outgoing,oGTe,8,3,2,1,1,1,1
2025-10-01,2025,10,Oct,4,AIESEC in Mumbai,GV,outgoing,oGV,59,26,20,13,11,10,10
2025-10-01,2025,10,Oct,4,AIESEC in Nagpur,GTa,incoming,iGTa,2,0,0,0,0,0,0
2025-10-01,2025,10,Oct,4,AIESEC in Nagpur,GTe,incoming,iGTe,1,0,0,0,0,0,0
2025-10-01,2025,10,Oct,4,AIESEC in Nagpur,GV,incoming,iGV,5,2,0,0,0,0,0
2025-10-01,2025,10,Oct,4,AIESEC in Nagpur,GTa,outgoing,oGTa,9,4,4,4,3,2,2
2025-10-01,2025,10,Oct,4,AIESEC in Nagpur,GTe,outgoing,oGTe,9,3,2,2,2,2,2
2025-10-01,2025,10,Oct,4,AIESEC in Nagpur,GV,outgoing,oGV,30,14,11,10,9,9,8
2025-10-01,2025,10,Oct,4,AIESEC in Pune,GTa,incoming,iGTa,5,3,2,1,1,1,1
2025-10-01,2025,10,Oct,4,AIESEC in Pune,GTe,incoming,iGTe,4,2,1,1,1,1,1
2025-10-01,2025,10,Oct,4,AIESEC in Pune,GV,incoming,iGV,17,4,3,3,2,2,2
2025-10-01,2025,10,Oct,4,AIESEC in Pune,GTa,outgoing,oGTa,18,10,10,10,6,6,6
2025-10-01,2025,10,Oct,4,AIESEC in Pune,GTe,outgoing,oGTe,6,3,2,2,2,2,2
2025-10-01,2025,10,Oct,4,AIESEC in Pune,GV,outgoing,oGV,53,22,17,14,9,9,7
2025-10-01,2025,10,Oct,4,AIESEC in Surat,GTa,incoming,iGTa,1,0,0,0,0,0,0
2025-10-01,2025,10,Oct,4,AIESEC in Surat,GTe,incoming,iGTe,1,0,0,0,0,0,0
2025-10-01,2025,10,Oct,4,AIESEC in Surat,GV,incoming,iGV,8,3,3,2,2,1,0
2025-10-01,2025,10,Oct,4,AIESEC in Surat,GTa,outgoing,oGTa,5,2,2,2,2,1,1
2025-10-01,2025,10,Oct,4,AIESEC in Surat,GTe,outgoing,oGTe,4,3,3,2,2,2,2
2025-10-01,2025,10,Oct,4,AIESEC in Surat,GV,outgoing,oGV,28,14,10,10,8,8,8
2025-10-01,2025,10,Oct,4,AIESEC in Vellore,GTa,incoming,iGTa,8,3,3,3,3,3,2
2025-10-01,2025,10,Oct,4,AIESEC in Vellore,GTe,incoming,iGTe,0,0,0,0,0,0,0
2025-10-01,2025,10,Oct,4,AIESEC in Vellore,GV,incoming,iGV,4,2,1,0,0,0,0
2025-10-01,2025,10,Oct,4,AIESEC in Vellore,GTa,outgoing,oGTa,5,2,2,2,1,1,1
2025-10-01,2025,10,Oct,4,AIESEC in Vellore,GTe,outgoing,oGTe,4,1,1,0,0,0,0
2025-10-01,2025,10,Oct,4,AIESEC in Vellore,GV,outgoing,oGV,20,8,5,5,5,5,5
2025-11-01,2025,11,Nov,4,AIESEC in Ahmedabad,GTa,incoming,iGTa,3,2,1,1,0,0,0
2025-11-01,2025,11,Nov,4,AIESEC in Ahmedabad,GTe,incoming,iGTe,1,0,0,0,0,0,0
2025-11-01,2025,11,Nov,4,AIESEC in Ahmedabad,GV,incoming,iGV,8,5,4,4,4,4,3
2025-11-01,2025,11,Nov,4,AIESEC in Ahmedabad,GTa,outgoing,oGTa,10,4,4,3,2,2,2
2025-11-01,2025,11,Nov,4,AIESEC in Ahmedabad,GTe,outgoing,oGTe,2,2,2,2,1,1,1
2025-11-01,2025,11,Nov,4,AIESEC in Ahmedabad,GV,outgoing,oGV,33,11,6,6,4,4,4
2025-11-01,2025,11,Nov,4,AIESEC in Bangalore,GTa,incoming,iGTa,4,4,4,4,2,2,2
2025-11-01,2025,11,Nov,4,AIESEC in Bangalore,GTe,incoming,iGTe,2,1,0,0,0,0,0
2025-11-01,2025,11,Nov,4,AIESEC in Bangalore,GV,incoming,iGV,12,5,3,3,3,3,1
2025-11-01,2025,11,Nov,4,AIESEC in Bangalore,GTa,outgoing,oGTa,16,8,7,7,6,6,6
2025-11-01,2025,11,Nov,4,AIESEC in Bangalore,GTe,outgoing,oGTe,4,1,0,0,0,0,0
2025-11-01,2025,11,Nov,4,AIESEC in Bangalore,GV,outgoing,oGV,46,17,12,7,5,5,5
2025-11-01,2025,11,Nov,4,AIESEC in Bhubaneswar,GTa,incoming,iGTa,4,1,0,0,0,0,0
2025-11-01,2025,11,Nov,4,AIESEC in Bhubaneswar,GTe,incoming,iGTe,0,0,0,0,0,0,0
2025-11-01,2025,11,Nov,4,AIESEC in Bhubaneswar,GV,incoming,iGV,7,3,1,1,1,1,1
2025-11-01,2025,11,Nov,4,AIESEC in Bhubaneswar,GTa,outgoing,oGTa,12,7,5,5,5,5,5
2025-11-01,2025,11,Nov,4,AIESEC in Bhubaneswar,GTe,outgoing,oGTe,2,1,0,0,0,0,0
2025-11-01,2025,11,Nov,4,AIESEC in Bhubaneswar,GV,outgoing,oGV,21,11,8,7,6,5,4
2025-11-01,2025,11,Nov,4,AIESEC in Chandigarh,GTa,incoming,iGTa,3,1,1,1,1,1,1
2025-11-01,2025,11,Nov,4,AIESEC in Chandigarh,GTe,incoming,iGTe,1,1,0,0,0,0,0
2025-11-01,2025,11,Nov,4,AIESEC in Chandigarh,GV,incoming,iGV,7,4,4,2,1,1,1
2025-11-01,2025,11,Nov,4,AIESEC in Chandigarh,GTa,outgoing,oGTa,9,4,3,3,2,2,1
2025-11-01,2025,11,Nov,4,AIESEC in Chandigarh,GTe,outgoing,oGTe,3,1,1,0,0,0,0
2025-11-01,2025,11,Nov,4,AIESEC in Chandigarh,GV,outgoing,oGV,17,8,2,2,1,1,1
2025-11-01,2025,11,Nov,4,AIESEC in Chennai,GTa,incoming,iGTa,3,2,2,2,1,1,1
2025-11-01,2025,11,Nov,4,AIESEC in Chennai,GTe,incoming,iGTe,0,0,0,0,0,0,0
2025-11-01,2025,11,Nov,4,AIESEC in Chennai,GV,incoming,iGV,16,4,3,3,0,0,0
2025-11-01,2025,11,Nov,4,AIESEC in Chennai,GTa,outgoing,oGTa,11,4,4,4,3,3,3
2025-11-01,2025,11,Nov,4,AIESEC in Chennai,GTe,outgoing,oGTe,1,1,1,1,0,0,0
2025-11-01,2025,11,Nov,4,AIESEC in Chennai,GV,outgoing,oGV,62,22,13,11,9,8,7
2025-11-01,2025,11,Nov,4,AIESEC in Coimbatore,GTa,incoming,iGTa,6,4,3,3,3,3,3
2025-11-01,2025,11,Nov,4,AIESEC in Coimbatore,GTe,incoming,iGTe,0,0,0,0,0,0,0
2025-11-01,2025,11,Nov,4,AIESEC in Coimbatore,GV,incoming,iGV,6,4,3,2,1,1,1
2025-11-01,2025,11,Nov,4,AIESEC in Coimbatore,GTa,outgoing,oGTa,9,6,5,4,4,4,4
2025-11-01,2025,11,Nov,4,AIESEC in Coimbatore,GTe,outgoing,oGTe,0,0,0,0,0,0,0
2025-11-01,2025,11,Nov,4,AIESEC in Coimbatore,GV,outgoing,oGV,29,15,9,4,3,3,3
2025-11-01,2025,11,Nov,4,AIESEC in Delhi IIT,GTa,incoming,iGTa,21,11,6,6,5,5,5
2025-11-01,2025,11,Nov,4,AIESEC in Delhi IIT,GTe,incoming,iGTe,4,2,0,0,0,0,0
2025-11-01,2025,11,Nov,4,AIESEC in Delhi IIT,GV,incoming,iGV,48,22,12,9,7,6,6
2025-11-01,2025,11,Nov,4,AIESEC in Delhi IIT,GTa,outgoing,oGTa,42,22,17,16,13,12,12
2025-11-01,2025,11,Nov,4,AIESEC in Delhi IIT,GTe,outgoing,oGTe,19,5,3,3,2,2,2
2025-11-01,2025,11,Nov,4,AIESEC in Delhi IIT,GV,outgoing,oGV,105,39,25,22,16,15,15
2025-11-01,2025,11,Nov,4,AIESEC in Delhi University,GTa,incoming,iGTa,9,4,3,3,3,3,3
2025-11-01,2025,11,Nov,4,AIESEC in Delhi University,GTe,incoming,iGTe,3,2,2,2,2,2,2
2025-11-01,2025,11,Nov,4,AIESEC in Delhi University,GV,incoming,iGV,35,16,11,10,7,7,5
2025-11-01,2025,11,Nov,4,AIESEC in Delhi University,GTa,outgoing,oGTa,34,21,14,14,12,12,11
2025-11-01,2025,11,Nov,4,AIESEC in Delhi University,GTe,outgoing,oGTe,10,3,2,2,2,2,2
2025-11-01,2025,11,Nov,4,AIESEC in Delhi University,GV,outgoing,oGV,82,38,31,25,19,18,17
2025-11-01,2025,11,Nov,4,AIESEC in Hyderabad,GTa,incoming,iGTa,3,1,0,0,0,0,0
2025-11-01,2025,11,Nov,4,AIESEC in Hyderabad,GTe,incoming,iGTe,2,0,0,0,0,0,0
2025-11-01,2025,11,Nov,4,AIESEC in Hyderabad,GV,incoming,iGV,23,3,3,1,0,0,0
2025-11-01,2025,11,Nov,4,AIESEC in Hyderabad,GTa,outgoing,oGTa,13,7,5,4,3,3,3
2025-11-01,2025,11,Nov,4,AIESEC in Hyderabad,GTe,outgoing,oGTe,5,4,4,3,3,3,3
2025-11-01,2025,11,Nov,4,AIESEC in Hyderabad,GV,outgoing,oGV,38,19,9,6,5,5,4
2025-11-01,2025,11,Nov,4,AIESEC in Indore,GTa,incoming,iGTa,4,1,1,1,1,1,1
2025-11-01,2025,11,Nov,4,AIESEC in Indore,GTe,incoming,iGTe,5,3,3,2,0,0,0
2025-11-01,2025,11,Nov,4,AIESEC in Indore,GV,incoming,iGV,11,3,2,0,0,0,0
2025-11-01,2025,11,Nov,4,AIESEC in Indore,GTa,outgoing,oGTa,15,6,5,5,5,5,5
2025-11-01,2025,11,Nov,4,AIESEC in Indore,GTe,outgoing,oGTe,0,0,0,0,0,0,0
2025-11-01,2025,11,Nov,4,AIESEC in Indore,GV,outgoing,oGV,18,12,7,6,6,6,6
2025-11-01,2025,11,Nov,4,AIESEC in Jaipur,GTa,incoming,iGTa,3,1,1,0,0,0,0
2025-11-01,2025,11,Nov,4,AIESEC in Jaipur,GTe,incoming,iGTe,0,0,0,0,0,0,0
2025-11-01,2025,11,Nov,4,AIESEC in Jaipur,GV,incoming,iGV,15,8,6,5,3,3,2
2025-11-01,2025,11,Nov,4,AIESEC in Jaipur,GTa,outgoing,oGTa,9,5,5,2,2,2,2
2025-11-01,2025,11,Nov,4,AIESEC in Jaipur,GTe,outgoing,oGTe,1,0,0,0,0,0,0
2025-11-01,2025,11,Nov,4,AIESEC in Jaipur,GV,outgoing,oGV,28,9,7,4,3,3,2
2025-11-01,2025,11,Nov,4,AIESEC in Kochi,GTa,incoming,iGTa,0,0,0,0,0,0,0
2025-11-01,2025,11,Nov,4,AIESEC in Kochi,GTe,incoming,iGTe,2,1,1,1,1,1,1
2025-11-01,2025,11,Nov,4,AIESEC in Kochi,GV,incoming,iGV,7,3,2,2,0,0,0
2025-11-01,2025,11,Nov,4,AIESEC in Kochi,GTa,outgoing,oGTa,13,12,7,6,5,5,5
2025-11-01,2025,11,Nov,4,AIESEC in Kochi,GTe,outgoing,oGTe,1,0,0,0,0,0,0
2025-11-01,2025,11,Nov,4,AIESEC in Kochi,GV,outgoing,oGV,20,8,5,4,2,2,2
2025-11-01,2025,11,Nov,4,AIESEC in Kolkata,GTa,incoming,iGTa,2,2,2,2,1,1,1
2025-11-01,2025,11,Nov,4,AIESEC in Kolkata,GTe,incoming,iGTe,0,0,0,0,0,0,0
2025-11-01,2025,11,Nov,4,AIESEC in Kolkata,GV,incoming,iGV,9,7,6,4,4,4,4
2025-11-01,2025,11,Nov,4,AIESEC in Kolkata,GTa,outgoing,oGTa,10,8,6,6,6,6,6
2025-11-01,2025,11,Nov,4,AIESEC in Kolkata,GTe,outgoing,oGTe,8,6,5,4,2,2,2
2025-11-01,2025,11,Nov,4,AIESEC in Kolkata,GV,outgoing,oGV,36,17,14,9,7,5,5
2025-11-01,2025,11,Nov,4,AIESEC in Lucknow,GTa,incoming,iGTa,4,2,2,2,2,2,2
2025-11-01,2025,11,Nov,4,AIESEC in Lucknow,GTe,incoming,iGTe,0,0,0,0,0,0,0
2025-11-01,2025,11,Nov,4,AIESEC in Lucknow,GV,incoming,iGV,12,5,2,1,1,1,1
2025-11-01,2025,11,Nov,4,AIESEC in Lucknow,GTa,outgoing,oGTa,6,3,0,0,0,0,0
2025-11-01,2025,11,Nov,4,AIESEC in Lucknow,GTe,outgoing,oGTe,5,3,2,2,1,1,1
2025-11-01,2025,11,Nov,4,AIESEC in Lucknow,GV,outgoing,oGV,34,12,6,6,6,6,6
2025-11-01,2025,11,Nov,4,AIESEC in Manipal,GTa,incoming,iGTa,5,2,2,1,1,1,1
2025-11-01,2025,11,Nov,4,AIESEC in Manipal,GTe,incoming,iGTe,0,0,0,0,0,0,0
2025-11-01,2025,11,Nov,4,AIESEC in Manipal,GV,incoming,iGV,7,4,3,2,2,2,2
2025-11-01,2025,11,Nov,4,AIESEC in Manipal,GTa,outgoing,oGTa,8,3,3,3,2,2,2
2025-11-01,2025,11,Nov,4,AIESEC in Manipal,GTe,outgoing,oGTe,3,2,1,0,0,0,0
2025-11-01,2025,11,Nov,4,AIESEC in Manipal,GV,outgoing,oGV,17,12,9,9,6,6,6
2025-11-01,2025,11,Nov,4,AIESEC in Mumbai,GTa,incoming,iGTa,7,2,1,1,0,0,0
2025-11-01,2025,11,Nov,4,AIESEC in Mumbai,GTe,incoming,iGTe,5,2,2,2,1,1,1
2025-11-01,2025,11,Nov,4,AIESEC in Mumbai,GV,incoming,iGV,24,10,9,6,3,3,3
2025-11-01,2025,11,Nov,4,AIESEC in Mumbai,GTa,outgoing,oGTa,41,17,13,11,9,8,8
2025-11-01,2025,11,Nov,4,AIESEC in Mumbai,GTe,outgoing,oGTe,12,4,2,2,2,1,1
2025-11-01,2025,11,Nov,4,AIESEC in Mumbai,GV,outgoing,oGV,66,33,22,19,15,12,12
2025-11-01,2025,11,Nov,4,AIESEC in Nagpur,GTa,incoming,iGTa,3,1,0,0,0,0,0
2025-11-01,2025,11,Nov,4,AIESEC in Nagpur,GTe,incoming,iGTe,0,0,0,0,0,0,0
2025-11-01,2025,11,Nov,4,AIESEC in Nagpur,GV,incoming,iGV,8,3,2,1,1,1,1
2025-11-01,2025,11,Nov,4,AIESEC in Nagpur,GTa,outgoing,oGTa,10,5,2,1,1,1,1
2025-11-01,2025,11,Nov,4,AIESEC in Nagpur,GTe,outgoing,oGTe,1,1,0,0,0,0,0
2025-11-01,2025,11,Nov,4,AIESEC in Nagpur,GV,outgoing,oGV,21,10,6,4,4,3,3
2025-11-01,2025,11,Nov,4,AIESEC in Pune,GTa,incoming,iGTa,5,3,2,2,2,2,2
2025-11-01,2025,11,Nov,4,AIESEC in Pune,GTe,incoming,iGTe,1,0,0,0,0,0,0
2025-11-01,2025,11,Nov,4,AIESEC in Pune,GV,incoming,iGV,9,4,1,1,1,1,1
2025-11-01,2025,11,Nov,4,AIESEC in Pune,GTa,outgoing,oGTa,22,11,8,7,6,6,6
2025-11-01,2025,11,Nov,4,AIESEC in Pune,GTe,outgoing,oGTe,4,1,1,1,1,1,1
2025-11-01,2025,11,Nov,4,AIESEC in Pune,GV,outgoing,oGV,66,30,23,19,17,16,15
2025-11-01,2025,11,Nov,4,AIESEC in Surat,GTa,incoming,iGTa,5,4,2,2,2,2,2
2025-11-01,2025,11,Nov,4,AIESEC in Surat,GTe,incoming,iGTe,0,0,0,0,0,0,0
2025-11-01,2025,11,Nov,4,AIESEC in Surat,GV,incoming,iGV,9,4,4,3,2,2,2
2025-11-01,2025,11,Nov,4,AIESEC in Surat,GTa,outgoing,oGTa,6,3,3,3,1,1,1
2025-11-01,2025,11,Nov,4,AIESEC in Surat,GTe,outgoing,oGTe,2,1,1,1,0,0,0
2025-11-01,2025,11,Nov,4,AIESEC in Surat,GV,outgoing,oGV,23,8,5,3,3,2,2
2025-11-01,2025,11,Nov,4,AIESEC in Vellore,GTa,incoming,iGTa,1,1,0,0,0,0,0
2025-11-01,2025,11,Nov,4,AIESEC in Vellore,GTe,incoming,iGTe,1,0,0,0,0,0,0
2025-11-01,2025,11,Nov,4,AIESEC in Vellore,GV,incoming,iGV,7,3,2,2,1,0,0
2025-11-01,2025,11,Nov,4,AIESEC in Vellore,GTa,outgoing,oGTa,1,1,1,1,0,0,0
2025-11-01,2025,11,Nov,4,AIESEC in Vellore,GTe,outgoing,oGTe,7,3,3,1,0,0,0
2025-11-01,2025,11,Nov,4,AIESEC in Vellore,GV,outgoing,oGV,18,9,8,7,5,5,5
2025-12-01,2025,12,Dec,4,AIESEC in Ahmedabad,GTa,incoming,iGTa,7,4,3,3,3,3,3
2025-12-01,2025,12,Dec,4,AIESEC in Ahmedabad,GTe,incoming,iGTe,1,1,0,0,0,0,0
2025-12-01,2025,12,Dec,4,AIESEC in Ahmedabad,GV,incoming,iGV,18,11,9,8,7,7,6
2025-12-01,2025,12,Dec,4,AIESEC in Ahmedabad,GTa,outgoing,oGTa,9,4,3,3,2,2,2
2025-12-01,2025,12,Dec,4,AIESEC in Ahmedabad,GTe,outgoing,oGTe,5,3,3,3,3,3,3
2025-12-01,2025,12,Dec,4,AIESEC in Ahmedabad,GV,outgoing,oGV,34,19,13,9,5,5,5
2025-12-01,2025,12,Dec,4,AIESEC in Bangalore,GTa,incoming,iGTa,3,1,0,0,0,0,0
2025-12-01,2025,12,Dec,4,AIESEC in Bangalore,GTe,incoming,iGTe,1,0,0,0,0,0,0
2025-12-01,2025,12,Dec,4,AIESEC in Bangalore,GV,incoming,iGV,16,1,1,0,0,0,0
2025-12-01,2025,12,Dec,4,AIESEC in Bangalore,GTa,outgoing,oGTa,22,11,10,8,5,5,5
2025-12-01,2025,12,Dec,4,AIESEC in Bangalore,GTe,outgoing,oGTe,8,5,4,3,3,3,3
2025-12-01,2025,12,Dec,4,AIESEC in Bangalore,GV,outgoing,oGV,51,23,18,17,14,14,12
2025-12-01,2025,12,Dec,4,AIESEC in Bhubaneswar,GTa,incoming,iGTa,1,0,0,0,0,0,0
2025-12-01,2025,12,Dec,4,AIESEC in Bhubaneswar,GTe,incoming,iGTe,1,0,0,0,0,0,0
2025-12-01,2025,12,Dec,4,AIESEC in Bhubaneswar,GV,incoming,iGV,6,4,3,2,2,2,1
2025-12-01,2025,12,Dec,4,AIESEC in Bhubaneswar,GTa,outgoing,oGTa,6,4,4,3,2,1,1
2025-12-01,2025,12,Dec,4,AIESEC in Bhubaneswar,GTe,outgoing,oGTe,3,1,1,1,1,1,1
2025-12-01,2025,12,Dec,4,AIESEC in Bhubaneswar,GV,outgoing,oGV,29,10,8,7,5,5,4
2025-12-01,2025,12,Dec,4,AIESEC in Chandigarh,GTa,incoming,iGTa,0,0,0,0,0,0,0
2025-12-01,2025,12,Dec,4,AIESEC in Chandigarh,GTe,incoming,iGTe,2,1,0,0,0,0,0
2025-12-01,2025,12,Dec,4,AIESEC in Chandigarh,GV,incoming,iGV,9,5,2,2,2,2,2
2025-12-01,2025,12,Dec,4,AIESEC in Chandigarh,GTa,outgoing,oGTa,14,9,9,9,5,5,5
2025-12-01,2025,12,Dec,4,AIESEC in Chandigarh,GTe,outgoing,oGTe,2,0,0,0,0,0,0
2025-12-01,2025,12,Dec,4,AIESEC in Chandigarh,GV,outgoing,oGV,37,16,12,11,9,9,8
2025-12-01,2025,12,Dec,4,AIESEC in Chennai,GTa,incoming,iGTa,4,2,1,1,1,1,1
2025-12-01,2025,12,Dec,4,AIESEC in Chennai,GTe,incoming,iGTe,1,1,0,0,0,0,0
2025-12-01,2025,12,Dec,4,AIESEC in Chennai,GV,incoming,iGV,24,12,8,4,4,4,4
2025-12-01,2025,12,Dec,4,AIESEC in Chennai,GTa,outgoing,oGTa,24,17,15,14,10,9,9
2025-12-01,2025,12,Dec,4,AIESEC in Chennai,GTe,outgoing,oGTe,6,2,1,0,0,0,0
2025-12-01,2025,12,Dec,4,AIESEC in Chennai,GV,outgoing,oGV,54,17,12,11,6,6,5
2025-12-01,2025,12,Dec,4,AIESEC in Coimbatore,GTa,incoming,iGTa,5,3,1,1,1,1,1
2025-12-01,2025,12,Dec,4,AIESEC in Coimbatore,GTe,incoming,iGTe,2,2,0,0,0,0,0
2025-12-01,2025,12,Dec,4,AIESEC in Coimbatore,GV,incoming,iGV,12,7,6,5,3,3,3
2025-12-01,2025,12,Dec,4,AIESEC in Coimbatore,GTa,outgoing,oGTa,9,4,3,3,3,3,3
2025-12-01,2025,12,Dec,4,AIESEC in Coimbatore,GTe,outgoing,oGTe,3,1,1,1,0,0,0
2025-12-01,2025,12,Dec,4,AIESEC in Coimbatore,GV,outgoing,oGV,33,17,14,11,10,9,9
2025-12-01,2025,12,Dec,4,AIESEC in Delhi IIT,GTa,incoming,iGTa,11,4,4,4,4,4,4
2025-12-01,2025,12,Dec,4,AIESEC in Delhi IIT,GTe,incoming,iGTe,5,2,2,2,2,2,2
2025-12-01,2025,12,Dec,4,AIESEC in Delhi IIT,GV,incoming,iGV,59,27,14,12,9,8,7
2025-12-01,2025,12,Dec,4,AIESEC in Delhi IIT,GTa,outgoing,oGTa,61,32,28,26,24,23,23
2025-12-01,2025,12,Dec,4,AIESEC in Delhi IIT,GTe,outgoing,oGTe,35,20,15,11,11,11,11
2025-12-01,2025,12,Dec,4,AIESEC in Delhi IIT,GV,outgoing,oGV,149,62,49,42,33,31,30
2025-12-01,2025,12,Dec,4,AIESEC in Delhi University,GTa,incoming,iGTa,13,8,7,7,4,4,3
2025-12-01,2025,12,Dec,4,AIESEC in Delhi University,GTe,incoming,iGTe,5,2,1,0,0,0,0
2025-12-01,2025,12,Dec,4,AIESEC in Delhi University,GV,incoming,iGV,22,9,6,4,3,3,3
2025-12-01,2025,12,Dec,4,AIESEC in Delhi University,GTa,outgoing,oGTa,39,21,15,12,11,10,10
2025-12-01,2025,12,Dec,4,AIESEC in Delhi University,GTe,outgoing,oGTe,8,4,2,2,1,1,1
2025-12-01,2025,12,Dec,4,AIESEC in Delhi University,GV,outgoing,oGV,96,42,31,28,23,22,22
2025-12-01,2025,12,Dec,4,AIESEC in Hyderabad,GTa,incoming,iGTa,4,0,0,0,0,0,0
2025-12-01,2025,12,Dec,4,AIESEC in Hyderabad,GTe,incoming,iGTe,1,1,1,1,0,0,0
2025-12-01,2025,12,Dec,4,AIESEC in Hyderabad,GV,incoming,iGV,14,3,2,2,1,1,1
2025-12-01,2025,12,Dec,4,AIESEC in Hyderabad,GTa,outgoing,oGTa,18,6,6,6,4,4,4
2025-12-01,2025,12,Dec,4,AIESEC in Hyderabad,GTe,outgoing,oGTe,7,2,2,1,1,1,1
2025-12-01,2025,12,Dec,4,AIESEC in Hyderabad,GV,outgoing,oGV,66,30,21,16,14,13,12
2025-12-01,2025,12,Dec,4,AIESEC in Indore,GTa,incoming,iGTa,4,2,2,2,1,1,1
2025-12-01,2025,12,Dec,4,AIESEC in Indore,GTe,incoming,iGTe,2,0,0,0,0,0,0
2025-12-01,2025,12,Dec,4,AIESEC in Indore,GV,incoming,iGV,13,2,2,2,0,0,0
2025-12-01,2025,12,Dec,4,AIESEC in Indore,GTa,outgoing,oGTa,5,4,4,4,3,3,3
2025-12-01,2025,12,Dec,4,AIESEC in Indore,GTe,outgoing,oGTe,2,2,2,2,2,2,2
2025-12-01,2025,12,Dec,4,AIESEC in Indore,GV,outgoing,oGV,29,15,11,10,7,5,4
2025-12-01,2025,12,Dec,4,AIESEC in Jaipur,GTa,incoming,iGTa,6,2,2,2,2,2,2
2025-12-01,2025,12,Dec,4,AIESEC in Jaipur,GTe,incoming,iGTe,1,0,0,0,0,0,0
2025-12-01,2025,12,Dec,4,AIESEC in Jaipur,GV,incoming,iGV,15,3,2,1,0,0,0
2025-12-01,2025,12,Dec,4,AIESEC in Jaipur,GTa,outgoing,oGTa,18,9,6,4,4,4,4
2025-12-01,2025,12,Dec,4,AIESEC in Jaipur,GTe,outgoing,oGTe,4,1,0,0,0,0,0
2025-12-01,2025,12,Dec,4,AIESEC in Jaipur,GV,outgoing,oGV,38,19,12,11,9,8,7
2025-12-01,2025,12,Dec,4,AIESEC in Kochi,GTa,incoming,iGTa,8,5,5,5,5,5,4
2025-12-01,2025,12,Dec,4,AIESEC in Kochi,GTe,incoming,iGTe,2,1,0,0,0,0,0
2025-12-01,2025,12,Dec,4,AIESEC in Kochi,GV,incoming,iGV,4,2,0,0,0,0,0
2025-12-01,2025,12,Dec,4,AIESEC in Kochi,GTa,outgoing,oGTa,10,4,4,3,3,3,3
2025-12-01,2025,12,Dec,4,AIESEC in Kochi,GTe,outgoing,oGTe,3,2,2,2,1,1,1
2025-12-01,2025,12,Dec,4,AIESEC in Kochi,GV,outgoing,oGV,23,6,5,3,2,2,2
2025-12-01,2025,12,Dec,4,AIESEC in Kolkata,GTa,incoming,iGTa,5,1,1,0,0,0,0
2025-12-01,2025,12,Dec,4,AIESEC in Kolkata,GTe,incoming,iGTe,0,0,0,0,0,0,0
2025-12-01,2025,12,Dec,4,AIESEC in Kolkata,GV,incoming,iGV,11,2,2,2,0,0,0
2025-12-01,2025,12,Dec,4,AIESEC in Kolkata,GTa,outgoing,oGTa,20,13,10,10,9,9,8
2025-12-01,2025,12,Dec,4,AIESEC in Kolkata,GTe,outgoing,oGTe,6,3,1,1,1,1,1
2025-12-01,2025,12,Dec,4,AIESEC in Kolkata,GV,outgoing,oGV,49,25,19,17,11,10,8
2025-12-01,2025,12,Dec,4,AIESEC in Lucknow,GTa,incoming,iGTa,8,2,0,0,0,0,0
2025-12-01,2025,12,Dec,4,AIESEC in Lucknow,GTe,incoming,iGTe,0,0,0,0,0,0,0
2025-12-01,2025,12,Dec,4,AIESEC in Lucknow,GV,incoming,iGV,10,5,1,0,0,0,0
2025-12-01,2025,12,Dec,4,AIESEC in Lucknow,GTa,outgoing,oGTa,10,3,1,0,0,0,0
2025-12-01,2025,12,Dec,4,AIESEC in Lucknow,GTe,outgoing,oGTe,4,3,3,2,2,2,2
2025-12-01,2025,12,Dec,4,AIESEC in Lucknow,GV,outgoing,oGV,28,6,4,4,4,4,4
2025-12-01,2025,12,Dec,4,AIESEC in Manipal,GTa,incoming,iGTa,2,1,0,0,0,0,0
2025-12-01,2025,12,Dec,4,AIESEC in Manipal,GTe,incoming,iGTe,1,0,0,0,0,0,0
2025-12-01,2025,12,Dec,4,AIESEC in Manipal,GV,incoming,iGV,9,3,3,3,3,3,3
2025-12-01,2025,12,Dec,4,AIESEC in Manipal,GTa,outgoing,oGTa,11,4,4,4,3,2,2
2025-12-01,2025,12,Dec,4,AIESEC in Manipal,GTe,outgoing,oGTe,1,1,0,0,0,0,0
2025-12-01,2025,12,Dec,4,AIESEC in Manipal,GV,outgoing,oGV,39,14,7,6,6,6,6
2025-12-01,2025,12,Dec,4,AIESEC in Mumbai,GTa,incoming,iGTa,7,2,2,2,2,2,2
2025-12-01,2025,12,Dec,4,AIESEC in Mumbai,GTe,incoming,iGTe,1,0,0,0,0,0,0
2025-12-01,2025,12,Dec,4,AIESEC in Mumbai,GV,incoming,iGV,39,14,7,7,6,6,5
2025-12-01,2025,12,Dec,4,AIESEC in Mumbai,GTa,outgoing,oGTa,38,20,19,19,15,15,14
2025-12-01,2025,12,Dec,4,AIESEC in Mumbai,GTe,outgoing,oGTe,9,4,3,2,2,2,2
2025-12-01,2025,12,Dec,4,AIESEC in Mumbai,GV,outgoing,oGV,91,38,26,20,17,17,16
2025-12-01,2025,12,Dec,4,AIESEC in Nagpur,GTa,incoming,iGTa,2,0,0,0,0,0,0
2025-12-01,2025,12,Dec,4,AIESEC in Nagpur,GTe,incoming,iGTe,0,0,0,0,0,0,0
2025-12-01,2025,12,Dec,4,AIESEC in Nagpur,GV,incoming,iGV,10,6,4,3,2,2,2
2025-12-01,2025,12,Dec,4,AIESEC in Nagpur,GTa,outgoing,oGTa,20,9,9,8,7,6,6
2025-12-01,2025,12,Dec,4,AIESEC in Nagpur,GTe,outgoing,oGTe,2,1,0,0,0,0,0
2025-12-01,2025,12,Dec,4,AIESEC in Nagpur,GV,outgoing,oGV,25,12,7,6,4,4,4
2025-12-01,2025,12,Dec,4,AIESEC in Pune,GTa,incoming,iGTa,4,1,0,0,0,0,0
2025-12-01,2025,12,Dec,4,AIESEC in Pune,GTe,incoming,iGTe,1,1,1,1,1,1,1
2025-12-01,2025,12,Dec,4,AIESEC in Pune,GV,incoming,iGV,25,14,9,7,5,3,2
2025-12-01,2025,12,Dec,4,AIESEC in Pune,GTa,outgoing,oGTa,23,8,7,5,5,5,5
2025-12-01,2025,12,Dec,4,AIESEC in Pune,GTe,outgoing,oGTe,12,7,2,2,2,2,2
2025-12-01,2025,12,Dec,4,AIESEC in Pune,GV,outgoing,oGV,64,29,21,13,12,12,10
2025-12-01,2025,12,Dec,4,AIESEC in Surat,GTa,incoming,iGTa,3,0,0,0,0,0,0
2025-12-01,2025,12,Dec,4,AIESEC in Surat,GTe,incoming,iGTe,0,0,0,0,0,0,0
2025-12-01,2025,12,Dec,4,AIESEC in Surat,GV,incoming,iGV,6,4,4,4,3,3,2
2025-12-01,2025,12,Dec,4,AIESEC in Surat,GTa,outgoing,oGTa,11,4,4,4,3,3,3
2025-12-01,2025,12,Dec,4,AIESEC in Surat,GTe,outgoing,oGTe,1,0,0,0,0,0,0
2025-12-01,2025,12,Dec,4,AIESEC in Surat,GV,outgoing,oGV,29,15,13,10,4,4,4
2025-12-01,2025,12,Dec,4,AIESEC in Vellore,GTa,incoming,iGTa,3,0,0,0,0,0,0
2025-12-01,2025,12,Dec,4,AIESEC in Vellore,GTe,incoming,iGTe,0,0,0,0,0,0,0
2025-12-01,2025,12,Dec,4,AIESEC in Vellore,GV,incoming,iGV,8,4,3,3,3,3,3
2025-12-01,2025,12,Dec,4,AIESEC in Vellore,GTa,outgoing,oGTa,9,6,5,5,5,4,4
2025-12-01,2025,12,Dec,4,AIESEC in Vellore,GTe,outgoing,oGTe,2,0,0,0,0,0,0
2025-12-01,2025,12,Dec,4,AIESEC in Vellore,GV,outgoing,oGV,29,13,10,10,7,7,7
